product_concept_key,product_name,core_family,product_form,sku_count,scent_identity_status,scent_identity_values,note_status,note_values,scent_profile_status,scent_profile_values,function_status,function_values,function_evidence_fields,scene_status,scene_values,scene_evidence_fields,user_need_status,user_need_values,user_need_evidence_fields,care_status,care_values,care_evidence_fields,inspiration_status,inspiration_evidence_fields,material_status,material_values,material_evidence_fields,craft_status,craft_evidence_fields,compatibility_status,evidence_field_count,evidence_fields,direct_semantic_dimension_count,manual_review_flags,source_url
BODYBODYSCRUB1::石榴润泽去角质霜,石榴润泽去角质霜,身体护理,去角质霜,1,none,,none,,none,,direct,润肤,formule_text,none,,,none,,,none,,,none,,none,,,none,,none,4,pdp_short_description|pdp_long_description|usage_tips_text|formule_text,1,formula_present_without_note_evidence|usage_text_requires_instruction_review,https://www.diptyque-cn.com/p/smoothing-body-polish-200ml-3.html
BODYGEL1::希腊无花果香调洁肤露,希腊无花果香调洁肤露,身体护理,洁肤露,1,direct,希腊无花果,direct,无花果叶|无花果木|无花果树汁|黑胡椒,none,,candidate,洁肤,,none,,,none,,,none,,,none,,none,,,none,,none,3,pdp_short_description|pdp_long_description|formule_text,2,long_description_semantics_untyped,https://www.diptyque-cn.com/p/philosykos-cleansing-hand-and-body-gel-1.html
BODYGEL2::奥费恩洁肤露,奥费恩洁肤露,身体护理,洁肤露,1,direct,奥费恩,direct,杜松子|茉莉|雪松|零陵香豆,none,,candidate,洁肤,,none,,,none,,,none,,,none,,none,,,none,,none,3,pdp_short_description|pdp_long_description|formule_text,2,long_description_semantics_untyped,https://www.diptyque-cn.com/p/orpheon-cleansing-hand-and-body-gel-1.html
BODYGEL3::肌肤之花洁肤露,肌肤之花洁肤露,身体护理,洁肤露,1,candidate,肌肤之花,direct,粉红胡椒|鸢尾|麝香|黄葵籽,none,,direct,留香,pdp_long_description,none,,,none,,,none,,,direct,story_text,none,,,none,,none,4,pdp_short_description|pdp_long_description|story_text|formule_text,3,scent_identity_name_only,https://www.diptyque-cn.com/p/fleur-de-peau-cleansing-hand-and-body-gel.html
BODYGEL4::纸上洁肤露,纸上洁肤露,身体护理,洁肤露,1,direct,纸上,direct,含羞草|白麝香,none,,direct,润肤,pdp_long_description,none,,,none,,,none,,,direct,story_text,none,,,none,,none,4,pdp_short_description|pdp_long_description|story_text|formule_text,4,,https://www.diptyque-cn.com/p/papier-cleansing-hand-and-body-gel-1.html
BODYGEL5::玫瑰香氛洁肤露,玫瑰香氛洁肤露,身体护理,洁肤露,1,candidate,玫瑰,direct,千叶玫瑰|大马士革玫瑰|龙涎香,none,,candidate,洁肤,,none,,,none,,,none,,,none,,none,,,none,,none,3,pdp_short_description|pdp_long_description|formule_text,1,long_description_semantics_untyped|scent_identity_name_only,https://www.diptyque-cn.com/p/rose-cleansing-hand-and-body-gel-1.html
BODYLOT1::清新身体乳,清新身体乳,身体护理,身体乳,1,none,,none,,none,,candidate,润肤,,direct,沐浴后,usage_tips_text,none,,,none,,,none,,none,,,none,,none,4,pdp_short_description|pdp_long_description|usage_tips_text|formule_text,1,formula_present_without_note_evidence|usage_text_requires_instruction_review,https://www.diptyque-cn.com/p/fresh-lotion-for-the-body-1.html
BODYLOTIONS1::杜桑香氛润肤乳,杜桑香氛润肤乳,身体护理,润肤乳,1,candidate,杜桑,direct,晚香玉|橙花|茉莉,none,,candidate,润肤,,none,,,none,,,none,,,none,,none,,,none,,none,3,pdp_short_description|pdp_long_description|formule_text,1,long_description_semantics_untyped|scent_identity_name_only,https://www.diptyque-cn.com/p/doson-hand-and-body-lotion-1.html
BODYLOTIONS2::晚香玉室内喷雾,晚香玉 - 室内喷雾,家居香氛,室内喷雾,1,direct,晚香玉,none,,direct,花香调,candidate,扩香,,none,,,none,,,none,,,none,,none,,,none,,none,3,pdp_short_description|usage_tips_text|caracteristics_text,2,usage_text_requires_instruction_review,https://www.diptyque-cn.com/p/tubereuse-tuberose-room-spray.html
BODYLOTIONS3::橙花室内喷雾,橙花 - 室内喷雾,家居香氛,室内喷雾,1,direct,橙花,none,,direct,花香调,candidate,扩香,,none,,,none,,,none,,,none,,none,,,none,,none,4,pdp_short_description|pdp_long_description|usage_tips_text|caracteristics_text,2,long_description_semantics_untyped|usage_text_requires_instruction_review,https://www.diptyque-cn.com/p/fleur-d-oranger-orange-blossom-room-spray.html
BODYLOTIONS::玫瑰香调润肤乳,玫瑰香调 - 润肤乳,身体护理,润肤乳,1,direct,玫瑰香调,direct,千叶玫瑰|大马士革玫瑰|龙涎香,none,,candidate,润肤,,none,,,none,,,none,,,none,,none,,,none,,none,3,pdp_short_description|pdp_long_description|formule_text,2,long_description_semantics_untyped,https://www.diptyque-cn.com/p/eau-rose-hand-and-body-lotion-1.html
BODYOIL::杜桑柔肤沐浴油,杜桑柔肤沐浴油,身体护理,沐浴油,1,direct,杜桑,direct,晚香玉|橙花|茉莉,none,,candidate,洁肤,,none,,,none,,,none,,,none,,none,,,none,,none,3,pdp_short_description|pdp_long_description|formule_text,2,long_description_semantics_untyped,https://www.diptyque-cn.com/p/do-son-shower-oil-1.html
BODYOMBBGEL::影中之水香氛洁肤露,影中之水香氛洁肤露,身体护理,洁肤露,1,candidate,影中之水,direct,玫瑰|苦橙叶|黑醋栗叶|黑醋栗花蕾,none,,direct,润肤|留香,pdp_long_description,none,,,none,,,none,,,none,,none,,,none,,none,3,pdp_short_description|pdp_long_description|description_text,2,scent_identity_name_only,https://www.diptyque-cn.com/p/ombb-gel-200ml.html
BODYOMBBLOTION::影中之水香氛润肤乳,影中之水香氛润肤乳,身体护理,润肤乳,1,candidate,影中之水,direct,玫瑰|苦橙叶|黑醋栗叶|黑醋栗花蕾,none,,direct,留香,pdp_short_description,none,,,none,,,none,,,none,,none,,,none,,none,3,pdp_short_description|pdp_long_description|description_text,2,scent_identity_name_only,https://www.diptyque-cn.com/p/ombb-lotion-200ml.html
BODYORPHBLOTION::奥费恩香调润肤乳,奥费恩香调润肤乳,身体护理,润肤乳,1,direct,奥费恩,direct,杜松子|茉莉|雪松|香豆,none,,direct,留香,formule_text,none,,,none,,,none,,,none,,none,,,none,,none,3,pdp_short_description|pdp_long_description|formule_text,3,,https://www.diptyque-cn.com/p/orphblotion-hand-and-body-lotion.html
BODYSATINOILV1::柔滑多效滋养油,柔滑多效滋养油,身体护理,滋养油,1,none,,none,,none,,candidate,润肤,,none,,,none,,,none,,,none,,none,,,none,,none,3,pdp_short_description|usage_tips_text|formule_text,0,formula_present_without_note_evidence|usage_text_requires_instruction_review,https://www.diptyque-cn.com/p/satin-oil-for-body-and-hair-1.html
BODYSENSBLOT::感官之水香氛润肤乳,感官之水香氛润肤乳,身体护理,润肤乳,1,candidate,感官之水,none,,direct,果香调,candidate,润肤,,none,,,none,,,none,,,none,,none,,,none,,none,3,pdp_short_description|pdp_long_description|description_text,1,formula_present_without_note_evidence|long_description_semantics_untyped|scent_identity_name_only,https://www.diptyque-cn.com/p/ssensblot-gwp-1.html
BODYSENSHCREAM::感官之水香氛护手霜,感官之水香氛护手霜,身体护理,护手霜,1,candidate,感官之水,none,,direct,果香调,candidate,润肤,,none,,,none,,,none,,,none,,none,,,none,,none,3,pdp_short_description|pdp_long_description|description_text,1,formula_present_without_note_evidence|long_description_semantics_untyped|scent_identity_name_only,https://www.diptyque-cn.com/p/home-senshcream-1.html
BODYSHW1::去角质手部清洁露,去角质手部清洁露,身体护理,清洁露,1,none,,none,,none,,direct,洁肤,formule_text,none,,,none,,,none,,,none,,none,,,none,,none,4,pdp_short_description|pdp_long_description|usage_tips_text|formule_text,1,formula_present_without_note_evidence|usage_text_requires_instruction_review,https://www.diptyque-cn.com/p/exfoliating-hand-wash-1.html
BODYSHW2::柔肤手部清洁露,柔肤手部清洁露,身体护理,清洁露,1,none,,none,,none,,candidate,洁肤,,none,,,none,,,none,,,none,,none,,,none,,none,4,pdp_short_description|pdp_long_description|usage_tips_text|formule_text,0,formula_present_without_note_evidence|long_description_semantics_untyped|usage_text_requires_instruction_review,https://www.diptyque-cn.com/p/softening-hand-wash-glass-1.html
BODYSHW3::去角质手部清洁露补充装,去角质手部清洁露补充装,身体护理,清洁露,1,none,,none,,none,,direct,洁肤,formule_text,none,,,none,,,none,,,none,,none,,,none,,none,4,pdp_short_description|pdp_long_description|usage_tips_text|formule_text,1,formula_present_without_note_evidence|usage_text_requires_instruction_review,https://www.diptyque-cn.com/p/refill-exfoliating-hand-wash-1.html
BODYSHW4::柔肤手部清洁露补充装,柔肤手部清洁露补充装,身体护理,清洁露,1,none,,none,,none,,candidate,洁肤,,none,,,none,,,none,,,none,,none,,,none,,none,4,pdp_short_description|pdp_long_description|usage_tips_text|formule_text,0,formula_present_without_note_evidence|long_description_semantics_untyped|usage_text_requires_instruction_review,https://www.diptyque-cn.com/p/refill-softening-hand-wash-1.html
BODYSUM26MILK200::柠檬草与天竺葵香调晒后身体凝乳（限量版）,柠檬草与天竺葵香调晒后身体凝乳（限量版）,身体护理,身体凝乳,1,none,,direct,天竺葵|柠檬桉|柠檬草|橙花|橙花油,none,,candidate,润肤,,direct,沐浴后,usage_tips_text,none,,,direct,储存方法,usage_tips_text,none,,none,,,none,,none,4,pdp_short_description|pdp_long_description|description_text|usage_tips_text,3,,https://www.diptyque-cn.com/p/home-sum26milk200-1.html
BODYSUM26SGEL200::柠檬草与天竺葵香调洁肤露（限量版）,柠檬草与天竺葵香调洁肤露（限量版）,身体护理,洁肤露,1,none,,direct,天竺葵|柠檬桉|柠檬草|橙花|橙花油,none,,candidate,洁肤,,none,,,none,,,none,,,none,,none,,,none,,none,3,pdp_short_description|pdp_long_description|description_text,1,long_description_semantics_untyped,https://www.diptyque-cn.com/p/frangrance-sum26sgel200-1.html
CANDLE34B1500::超大号香氛蜡烛圣日尔曼大道34号,超大号香氛蜡烛-圣日尔曼大道34号,家居香氛,超大号香氛蜡烛,1,direct,圣日尔曼大道34号,none,,direct,木质香调,candidate,扩香,,none,,,none,,,direct,修剪烛芯|控制燃烧时长|首次燃烧,caracteristics_text|usage_tips_text,direct,story_text,none,,,none,,none,5,pdp_short_description|pdp_long_description|usage_tips_text|story_text|caracteristics_text,4,care_instruction_not_product_function,https://www.diptyque-cn.com/p/34-boulevard-saint-germain-candle-1-5kg.html
CANDLE34B300::中号香氛蜡烛圣日尔曼大道34号,中号香氛蜡烛-圣日尔曼大道34号,家居香氛,中号香氛蜡烛,1,direct,圣日尔曼大道34号,none,,direct,木质香调,direct,留香,pdp_short_description|usage_tips_text,direct,中大型房间,caracteristics_text,none,,,direct,修剪烛芯|控制燃烧时长|无人照看警示|首次燃烧,caracteristics_text|usage_tips_text,none,,none,,,none,,none,4,pdp_short_description|pdp_long_description|usage_tips_text|caracteristics_text,5,care_instruction_not_product_function,https://www.diptyque-cn.com/p/34-boulevard-saint-germain-candle-300g-remavp.html
CANDLE34B600::大号香氛蜡烛圣日尔曼大道34号,大号香氛蜡烛-圣日尔曼大道34号,家居香氛,大号香氛蜡烛,1,direct,圣日尔曼大道34号,none,,direct,木质香调,candidate,扩香,,direct,中大型房间,caracteristics_text,none,,,direct,修剪烛芯|控制燃烧时长|无人照看警示|首次燃烧,caracteristics_text|usage_tips_text,none,,none,,,none,,none,4,pdp_short_description|pdp_long_description|usage_tips_text|caracteristics_text,4,care_instruction_not_product_function,https://www.diptyque-cn.com/p/34-600g.html
CANDLEAB::迷你香氛蜡烛琥珀,迷你香氛蜡烛-琥珀,家居香氛,迷你香氛蜡烛,1,direct,琥珀,none,,direct,木质香调,candidate,扩香,,none,,,none,,,direct,修剪烛芯|控制燃烧时长|无人照看警示|首次燃烧,caracteristics_text|usage_tips_text,none,,none,,,none,,none,4,pdp_short_description|pdp_long_description|usage_tips_text|caracteristics_text,3,care_instruction_not_product_function,https://www.diptyque-cn.com/p/ambre-amber-small-candle.html
CANDLEAB::香氛蜡烛琥珀,香氛蜡烛-琥珀,家居香氛,经典香氛蜡烛,1,direct,琥珀,none,,direct,木质香调,candidate,扩香,,none,,,none,,,direct,修剪烛芯|控制燃烧时长|无人照看警示|首次燃烧,caracteristics_text|usage_tips_text,none,,none,,,none,,none,4,pdp_short_description|pdp_long_description|usage_tips_text|caracteristics_text,3,care_instruction_not_product_function,https://www.diptyque-cn.com/p/ambre-amber-candle-remavp.html
CANDLEABA2::中号香氛蜡烛琥珀,中号香氛蜡烛-琥珀,家居香氛,中号香氛蜡烛,1,direct,琥珀,none,,direct,木质香调,candidate,扩香,,direct,中大型房间,caracteristics_text,none,,,direct,修剪烛芯|控制燃烧时长|无人照看警示|首次燃烧,caracteristics_text|usage_tips_text,none,,none,,,none,,none,4,pdp_short_description|pdp_long_description|usage_tips_text|caracteristics_text,4,care_instruction_not_product_function,https://www.diptyque-cn.com/p/amber-candle-300-remavp.html
CANDLEAMB1500::超大号香氛蜡烛琥珀,超大号香氛蜡烛-琥珀,家居香氛,超大号香氛蜡烛,1,candidate,琥珀,none,,direct,木质香调,candidate,扩香,,none,,,none,,,direct,修剪烛芯|控制燃烧时长|首次燃烧,caracteristics_text|usage_tips_text,none,,none,,,none,,none,4,pdp_short_description|pdp_long_description|usage_tips_text|caracteristics_text,2,care_instruction_not_product_function|scent_identity_name_only,https://www.diptyque-cn.com/p/ambre-amber-extralarge-candle.html
CANDLEAU1::香氛蜡烛山楂,香氛蜡烛-山楂,家居香氛,经典香氛蜡烛,1,none,,none,,direct,花香调,direct,留香,pdp_long_description|usage_tips_text,none,,,none,,,direct,修剪烛芯|控制燃烧时长|无人照看警示|首次燃烧,caracteristics_text|usage_tips_text,none,,none,,,none,,none,4,pdp_short_description|pdp_long_description|usage_tips_text|caracteristics_text,3,care_instruction_not_product_function,https://www.diptyque-cn.com/p/hawthorn-candle-remavp.html
CANDLEBAIES::迷你香氛蜡烛浆果香,迷你香氛蜡烛-浆果香,家居香氛,迷你香氛蜡烛,1,direct,浆果香,none,,direct,果香调,candidate,扩香,,none,,,none,,,direct,修剪烛芯|控制燃烧时长|无人照看警示|首次燃烧,caracteristics_text|usage_tips_text,none,,none,,,none,,none,4,pdp_short_description|pdp_long_description|usage_tips_text|caracteristics_text,3,care_instruction_not_product_function,https://www.diptyque-cn.com/p/baies-berries-small-candle.html
CANDLEBAIES::香氛蜡烛浆果香,香氛蜡烛-浆果香,家居香氛,经典香氛蜡烛,1,direct,浆果香,none,,direct,果香调,candidate,扩香,,none,,,none,,,direct,修剪烛芯|控制燃烧时长|无人照看警示|首次燃烧,caracteristics_text|usage_tips_text,none,,none,,,none,,none,4,pdp_short_description|pdp_long_description|usage_tips_text|caracteristics_text,3,care_instruction_not_product_function,https://www.diptyque-cn.com/p/berries-candle-190g-remavp.html
CANDLEBAIESB1500::超大号香氛蜡烛浆果香,超大号香氛蜡烛-浆果香,家居香氛,超大号香氛蜡烛,1,direct,浆果香,none,,direct,果香调,candidate,扩香,,none,,,none,,,direct,修剪烛芯|控制燃烧时长|首次燃烧,caracteristics_text|usage_tips_text,direct,story_text,none,,,none,,none,5,pdp_short_description|pdp_long_description|usage_tips_text|story_text|caracteristics_text,4,care_instruction_not_product_function,https://www.diptyque-cn.com/p/baies-berries-candle-indoor-outdoor.html
CANDLEBAIESB600::大号香氛蜡烛浆果香,大号香氛蜡烛-浆果香,家居香氛,大号香氛蜡烛,1,direct,浆果香,none,,direct,果香调,candidate,扩香,,direct,中大型房间,caracteristics_text,none,,,direct,修剪烛芯|控制燃烧时长|无人照看警示|首次燃烧,caracteristics_text|usage_tips_text,none,,none,,,none,,none,4,pdp_short_description|pdp_long_description|usage_tips_text|caracteristics_text,4,care_instruction_not_product_function,https://www.diptyque-cn.com/p/berries-candle-600g.html
CANDLEBAIESBN2::中号香氛蜡烛浆果香,中号香氛蜡烛-浆果香,家居香氛,中号香氛蜡烛,1,direct,浆果香,none,,direct,果香调,candidate,扩香,,direct,中大型房间,caracteristics_text,none,,,direct,修剪烛芯|控制燃烧时长|无人照看警示|首次燃烧,caracteristics_text|usage_tips_text,none,,none,,,none,,none,4,pdp_short_description|pdp_long_description|usage_tips_text|caracteristics_text,4,care_instruction_not_product_function,https://www.diptyque-cn.com/p/bougie-baie-berries-remavp.html
CANDLEBJ1::香氛蜡烛安息香,香氛蜡烛-安息香,家居香氛,经典香氛蜡烛,1,none,,none,,direct,木质香调,candidate,扩香,,none,,,none,,,direct,修剪烛芯|控制燃烧时长|无人照看警示|首次燃烧,caracteristics_text|usage_tips_text,none,,none,,,none,,none,4,pdp_short_description|pdp_long_description|usage_tips_text|caracteristics_text,2,care_instruction_not_product_function,https://www.diptyque-cn.com/p/benjoin-candle-1-remavp.html
CANDLEC1::香氛蜡烛肉桂,香氛蜡烛-肉桂,家居香氛,经典香氛蜡烛,1,none,,none,,direct,辛香调,candidate,扩香,,none,,,none,,,direct,修剪烛芯|控制燃烧时长|无人照看警示|首次燃烧,caracteristics_text|usage_tips_text,none,,none,,,none,,none,4,pdp_short_description|pdp_long_description|usage_tips_text|caracteristics_text,2,care_instruction_not_product_function,https://www.diptyque-cn.com/p/cinnamon-candle-remavp.html
CANDLECAFE190::香氛蜡烛咖啡,香氛蜡烛-咖啡,家居香氛,经典香氛蜡烛,1,none,,none,,direct,辛香调,candidate,扩香,,none,,,none,,,direct,修剪烛芯|控制燃烧时长|无人照看警示|首次燃烧,caracteristics_text|usage_tips_text,none,,none,,,none,,none,4,pdp_short_description|pdp_long_description|usage_tips_text|caracteristics_text,2,care_instruction_not_product_function,https://www.diptyque-cn.com/p/cafe190-candle.html
CANDLECI190V4::香氛蜡烛柠檬草,香氛蜡烛-柠檬草,家居香氛,经典香氛蜡烛,1,none,,none,,direct,草本香调,candidate,扩香,,none,,,none,,,direct,修剪烛芯|控制燃烧时长|无人照看警示|首次燃烧,caracteristics_text|usage_tips_text,none,,none,,,none,,none,4,pdp_short_description|pdp_long_description|usage_tips_text|caracteristics_text,2,care_instruction_not_product_function,https://www.diptyque-cn.com/p/ci190v4-candle-190g-1.html
CANDLECN1::香氛蜡烛橡木,香氛蜡烛-橡木,家居香氛,经典香氛蜡烛,1,none,,none,,direct,木质香调,candidate,扩香,,none,,,none,,,direct,修剪烛芯|控制燃烧时长|无人照看警示|首次燃烧,caracteristics_text|usage_tips_text,none,,none,,,none,,none,4,pdp_short_description|pdp_long_description|usage_tips_text|caracteristics_text,2,care_instruction_not_product_function,https://www.diptyque-cn.com/p/chene-oak-tree-candle-remavp.html
CANDLECO1::香氛蜡烛木梨,香氛蜡烛-木梨,家居香氛,经典香氛蜡烛,1,none,,none,,direct,果香调,candidate,扩香,,none,,,none,,,direct,修剪烛芯|控制燃烧时长|无人照看警示|首次燃烧,caracteristics_text|usage_tips_text,none,,none,,,none,,none,4,pdp_short_description|pdp_long_description|usage_tips_text|caracteristics_text,2,care_instruction_not_product_function,https://www.diptyque-cn.com/p/quince-candle-remavp.html
CANDLECR1::香氛蜡烛胡荽,香氛蜡烛-胡荽,家居香氛,经典香氛蜡烛,1,none,,none,,direct,草本香调,candidate,扩香,,none,,,none,,,direct,修剪烛芯|控制燃烧时长|无人照看警示|首次燃烧,caracteristics_text|usage_tips_text,none,,none,,,none,,none,4,pdp_short_description|pdp_long_description|usage_tips_text|caracteristics_text,2,care_instruction_not_product_function,https://www.diptyque-cn.com/p/coriander-candle-remavp.html
CANDLECY1::香氛蜡烛墨西哥橙花,香氛蜡烛-墨西哥橙花,家居香氛,经典香氛蜡烛,1,direct,橙花,none,,direct,花香调,candidate,扩香,,none,,,none,,,direct,修剪烛芯|控制燃烧时长|无人照看警示|首次燃烧,caracteristics_text|usage_tips_text,none,,none,,,none,,none,4,pdp_short_description|pdp_long_description|usage_tips_text|caracteristics_text,3,care_instruction_not_product_function,https://www.diptyque-cn.com/p/fleur-d-oranger-orange-blossom-candle-remavp.html
CANDLECYPRES::迷你香氛蜡烛柏树,迷你香氛蜡烛-柏树,家居香氛,迷你香氛蜡烛,1,none,,none,,direct,木质香调,candidate,扩香,,none,,,none,,,direct,修剪烛芯|控制燃烧时长|无人照看警示|首次燃烧,caracteristics_text|usage_tips_text,none,,none,,,none,,none,4,pdp_short_description|pdp_long_description|usage_tips_text|caracteristics_text,2,care_instruction_not_product_function,https://www.diptyque-cn.com/p/petite-bougie-cypres-1.html
CANDLECYPRES::香氛蜡烛柏树,香氛蜡烛-柏树,家居香氛,经典香氛蜡烛,1,none,,none,,direct,木质香调,candidate,扩香,,none,,,none,,,direct,修剪烛芯|控制燃烧时长|无人照看警示|首次燃烧,caracteristics_text|usage_tips_text,none,,none,,,none,,none,4,pdp_short_description|pdp_long_description|usage_tips_text|caracteristics_text,2,care_instruction_not_product_function,https://www.diptyque-cn.com/p/cypres-cypress-candle-1-remavp.html
CANDLEEU1::香氛蜡烛尤加利,香氛蜡烛-尤加利,家居香氛,经典香氛蜡烛,1,none,,none,,direct,木质香调,candidate,扩香,,none,,,direct,空间清新,pdp_long_description,direct,修剪烛芯|控制燃烧时长|无人照看警示|首次燃烧,caracteristics_text|usage_tips_text,none,,none,,,none,,none,4,pdp_short_description|pdp_long_description|usage_tips_text|caracteristics_text,3,care_instruction_not_product_function,https://www.diptyque-cn.com/p/eucalyptus-candle-remavp.html
CANDLEFB15001::超大号香氛蜡烛炭木香,超大号香氛蜡烛-炭木香,家居香氛,超大号香氛蜡烛,1,direct,炭木香,none,,direct,木质香调,direct,留香,pdp_short_description|usage_tips_text,none,,,none,,,direct,修剪烛芯|控制燃烧时长|首次燃烧,caracteristics_text|usage_tips_text,direct,story_text,none,,,none,,none,5,pdp_short_description|pdp_long_description|usage_tips_text|story_text|caracteristics_text,5,care_instruction_not_product_function,https://www.diptyque-cn.com/p/feu-de-bois-wood-fire-interior-exterior-candle.html
CANDLEFB600::大号香氛蜡烛炭木香,大号香氛蜡烛-炭木香,家居香氛,大号香氛蜡烛,1,direct,炭木香,none,,direct,木质香调,direct,留香,pdp_short_description|usage_tips_text,direct,中大型房间,caracteristics_text,none,,,direct,修剪烛芯|控制燃烧时长|无人照看警示|首次燃烧,caracteristics_text|usage_tips_text,none,,none,,,none,,none,4,pdp_short_description|pdp_long_description|usage_tips_text|caracteristics_text,5,care_instruction_not_product_function,https://www.diptyque-cn.com/p/feu-de-bois-wood-fire-candle-600g.html
CANDLEFB::迷你香氛蜡烛炭木香,迷你香氛蜡烛-炭木香,家居香氛,迷你香氛蜡烛,1,direct,炭木香,none,,direct,木质香调,direct,留香,pdp_short_description|usage_tips_text,none,,,none,,,direct,修剪烛芯|控制燃烧时长|无人照看警示|首次燃烧,caracteristics_text|usage_tips_text,none,,none,,,none,,none,4,pdp_short_description|pdp_long_description|usage_tips_text|caracteristics_text,4,care_instruction_not_product_function,https://www.diptyque-cn.com/p/feu-de-bois-wood-fire-small-candle.html
CANDLEFB::香氛蜡烛炭木香,香氛蜡烛-炭木香,家居香氛,经典香氛蜡烛,1,direct,炭木香,none,,direct,木质香调,direct,留香,pdp_short_description|usage_tips_text,none,,,none,,,direct,修剪烛芯|控制燃烧时长|无人照看警示|首次燃烧,caracteristics_text|usage_tips_text,none,,none,,,none,,none,4,pdp_short_description|pdp_long_description|usage_tips_text|caracteristics_text,4,care_instruction_not_product_function,https://www.diptyque-cn.com/p/bougie-feu-de-bois-190g-remavp.html
CANDLEFBG2::中号香氛蜡烛炭木香,中号香氛蜡烛-炭木香,家居香氛,中号香氛蜡烛,1,direct,炭木香,none,,direct,木质香调,direct,留香,pdp_short_description|usage_tips_text,direct,中大型房间,caracteristics_text,none,,,direct,修剪烛芯|控制燃烧时长|无人照看警示|首次燃烧,caracteristics_text|usage_tips_text,none,,none,,,none,,none,4,pdp_short_description|pdp_long_description|usage_tips_text|caracteristics_text,5,care_instruction_not_product_function,https://www.diptyque-cn.com/p/feu-bois-wood-fire-candle-remavp.html
CANDLEFI15001::超大号香氛蜡烛无花果,超大号香氛蜡烛-无花果,家居香氛,超大号香氛蜡烛,1,direct,无花果,none,,direct,果香调,candidate,扩香,,none,,,none,,,direct,修剪烛芯|控制燃烧时长|首次燃烧,caracteristics_text|usage_tips_text,direct,story_text,none,,,none,,none,5,pdp_short_description|pdp_long_description|usage_tips_text|story_text|caracteristics_text,4,care_instruction_not_product_function,https://www.diptyque-cn.com/p/figuier-fig-tree-interior-exterior-candle.html
CANDLEFI600::大号香氛蜡烛无花果,大号香氛蜡烛-无花果,家居香氛,大号香氛蜡烛,1,candidate,无花果,none,,direct,果香调,candidate,扩香,,none,,,none,,,direct,修剪烛芯|控制燃烧时长|首次燃烧,usage_tips_text,none,,none,,,none,,none,4,pdp_short_description|pdp_long_description|description_text|usage_tips_text,2,care_instruction_not_product_function|scent_identity_name_only,https://www.diptyque-cn.com/p/home-fi600-600g.html
CANDLEFI::迷你香氛蜡烛无花果,迷你香氛蜡烛-无花果,家居香氛,迷你香氛蜡烛,1,direct,无花果,none,,direct,果香调,direct,留香,pdp_short_description|usage_tips_text,none,,,none,,,direct,修剪烛芯|控制燃烧时长|无人照看警示|首次燃烧,caracteristics_text|usage_tips_text,none,,none,,,none,,none,4,pdp_short_description|pdp_long_description|usage_tips_text|caracteristics_text,4,care_instruction_not_product_function,https://www.diptyque-cn.com/p/figuier-fig-tree-small-candle.html
CANDLEFI::香氛蜡烛无花果,香氛蜡烛-无花果,家居香氛,经典香氛蜡烛,1,direct,无花果,none,,direct,果香调,direct,扩香,pdp_long_description|usage_tips_text,none,,,none,,,direct,修剪烛芯|控制燃烧时长|无人照看警示|首次燃烧,caracteristics_text|usage_tips_text,none,,none,,,none,,none,4,pdp_short_description|pdp_long_description|usage_tips_text|caracteristics_text,4,care_instruction_not_product_function,https://www.diptyque-cn.com/p/bougie-figuier-190-remavp.html
CANDLEFIV2::中号香氛蜡烛无花果,中号香氛蜡烛-无花果,家居香氛,中号香氛蜡烛,1,direct,无花果,none,,direct,果香调,direct,留香,pdp_short_description|usage_tips_text,direct,中大型房间,caracteristics_text,none,,,direct,修剪烛芯|控制燃烧时长|无人照看警示|首次燃烧,caracteristics_text|usage_tips_text,none,,none,,,none,,none,4,pdp_short_description|pdp_long_description|usage_tips_text|caracteristics_text,5,care_instruction_not_product_function,https://www.diptyque-cn.com/p/bougie-figuier-verte-remavp.html
CANDLEFL::迷你香氛蜡烛薰衣草,迷你香氛蜡烛-薰衣草,家居香氛,迷你香氛蜡烛,1,none,,none,,direct,草本香调,candidate,扩香,,none,,,none,,,direct,修剪烛芯|控制燃烧时长|无人照看警示|首次燃烧,caracteristics_text|usage_tips_text,none,,none,,,none,,none,4,pdp_short_description|pdp_long_description|usage_tips_text|caracteristics_text,2,care_instruction_not_product_function,https://www.diptyque-cn.com/p/feuille-de-lavande-lavender-leaf-small-candle-1.html
CANDLEFL::香氛蜡烛薰衣草,香氛蜡烛-薰衣草,家居香氛,经典香氛蜡烛,1,none,,none,,direct,草本香调,candidate,扩香,,none,,,none,,,direct,修剪烛芯|控制燃烧时长|无人照看警示|首次燃烧,caracteristics_text|usage_tips_text,none,,none,,,none,,none,4,pdp_short_description|pdp_long_description|usage_tips_text|caracteristics_text,2,care_instruction_not_product_function,https://www.diptyque-cn.com/p/bougie-feuille-de-lavande-190g-1-remavp.html
CANDLEFR::迷你香氛蜡烛小苍兰,迷你香氛蜡烛-小苍兰,家居香氛,迷你香氛蜡烛,1,none,,none,,direct,花香调,direct,留香,pdp_long_description|usage_tips_text,none,,,none,,,direct,修剪烛芯|控制燃烧时长|无人照看警示|首次燃烧,caracteristics_text|usage_tips_text,none,,none,,,none,,none,4,pdp_short_description|pdp_long_description|usage_tips_text|caracteristics_text,3,care_instruction_not_product_function,https://www.diptyque-cn.com/p/freesia-mini-candle-1.html
CANDLEFR::香氛蜡烛小苍兰,香氛蜡烛-小苍兰,家居香氛,经典香氛蜡烛,1,none,,none,,direct,花香调,candidate,扩香,,none,,,none,,,direct,修剪烛芯|控制燃烧时长|无人照看警示|首次燃烧,caracteristics_text|usage_tips_text,none,,none,,,none,,none,4,pdp_short_description|pdp_long_description|usage_tips_text|caracteristics_text,2,care_instruction_not_product_function,https://www.diptyque-cn.com/p/freesia-candle-1-remavp.html
CANDLEGA1::香氛蜡烛栀子花,香氛蜡烛-栀子花,家居香氛,经典香氛蜡烛,1,none,,none,,direct,花香调,candidate,扩香,,none,,,none,,,direct,修剪烛芯|控制燃烧时长|无人照看警示|首次燃烧,caracteristics_text|usage_tips_text,none,,none,,,none,,none,4,pdp_short_description|pdp_long_description|usage_tips_text|caracteristics_text,2,care_instruction_not_product_function,https://www.diptyque-cn.com/p/gardenia-candle-remavp.html
CANDLEGR1::香氛蜡烛玫瑰天竺葵,香氛蜡烛-玫瑰天竺葵,家居香氛,经典香氛蜡烛,1,candidate,玫瑰天竺葵,none,,direct,花香调,candidate,扩香,,none,,,none,,,direct,修剪烛芯|控制燃烧时长|无人照看警示|首次燃烧,caracteristics_text|usage_tips_text,none,,none,,,none,,none,4,pdp_short_description|pdp_long_description|usage_tips_text|caracteristics_text,2,care_instruction_not_product_function|scent_identity_name_only,https://www.diptyque-cn.com/p/rose-geranium-candle-remavp.html
CANDLEGV1::香氛蜡烛杜松,香氛蜡烛-杜松,家居香氛,经典香氛蜡烛,1,none,,none,,direct,辛香调,candidate,扩香,,none,,,none,,,direct,修剪烛芯|控制燃烧时长|无人照看警示|首次燃烧,caracteristics_text|usage_tips_text,none,,none,,,none,,none,4,pdp_short_description|pdp_long_description|usage_tips_text|caracteristics_text,2,care_instruction_not_product_function,https://www.diptyque-cn.com/p/juniper-candle-remavp.html
CANDLEI1::香氛蜡烛鸢尾,香氛蜡烛-鸢尾,家居香氛,经典香氛蜡烛,1,none,,none,,direct,花香调,candidate,扩香,,none,,,none,,,direct,修剪烛芯|控制燃烧时长|无人照看警示|首次燃烧,caracteristics_text|usage_tips_text,none,,none,,,none,,none,4,pdp_short_description|pdp_long_description|usage_tips_text|caracteristics_text,2,care_instruction_not_product_function,https://www.diptyque-cn.com/p/iris-candle-remavp.html
CANDLEJA::迷你香氛蜡烛茉莉,迷你香氛蜡烛-茉莉,家居香氛,迷你香氛蜡烛,1,none,,none,,direct,花香调,candidate,扩香,,none,,,none,,,direct,修剪烛芯|控制燃烧时长|无人照看警示|首次燃烧,caracteristics_text|usage_tips_text,none,,none,,,none,,none,4,pdp_short_description|pdp_long_description|usage_tips_text|caracteristics_text,2,care_instruction_not_product_function,https://www.diptyque-cn.com/p/jasmin-mini-candle.html
CANDLEJA::香氛蜡烛茉莉,香氛蜡烛-茉莉,家居香氛,经典香氛蜡烛,1,none,,none,,direct,花香调,candidate,扩香,,none,,,none,,,direct,修剪烛芯|控制燃烧时长|无人照看警示|首次燃烧,caracteristics_text|usage_tips_text,none,,none,,,none,,none,4,pdp_short_description|pdp_long_description|usage_tips_text|caracteristics_text,2,care_instruction_not_product_function,https://www.diptyque-cn.com/p/bougie-jasmin-190g-remavp.html
CANDLEJG2::香氛蜡烛约翰迦利诺,香氛蜡烛-约翰迦利诺,家居香氛,经典香氛蜡烛,1,none,,none,,direct,木质香调,candidate,扩香,,direct,旅行,pdp_short_description,none,,,direct,修剪烛芯|控制燃烧时长|无人照看警示|首次燃烧,caracteristics_text|usage_tips_text,none,,none,,,none,,none,4,pdp_short_description|pdp_long_description|usage_tips_text|caracteristics_text,3,care_instruction_not_product_function,https://www.diptyque-cn.com/p/john-galliano-candle-remavp.html
CANDLELY1::香氛蜡烛清水百合,香氛蜡烛-清水百合,家居香氛,经典香氛蜡烛,1,none,,none,,direct,花香调,candidate,扩香,,none,,,none,,,direct,修剪烛芯|控制燃烧时长|无人照看警示|首次燃烧,caracteristics_text|usage_tips_text,none,,none,,,none,,none,4,pdp_short_description|pdp_long_description|usage_tips_text|caracteristics_text,2,care_instruction_not_product_function,https://www.diptyque-cn.com/p/lily-candle-remavp.html
CANDLEMG1::香氛蜡烛铃兰,香氛蜡烛-铃兰,家居香氛,经典香氛蜡烛,1,none,,none,,direct,花香调,candidate,扩香,,none,,,none,,,direct,修剪烛芯|控制燃烧时长|无人照看警示|首次燃烧,caracteristics_text|usage_tips_text,none,,none,,,none,,none,4,pdp_short_description|pdp_long_description|usage_tips_text|caracteristics_text,2,care_instruction_not_product_function,https://www.diptyque-cn.com/p/bougie-muguet-1-remavp.html
CANDLEMI::迷你香氛蜡烛含羞草,迷你香氛蜡烛-含羞草,家居香氛,迷你香氛蜡烛,1,direct,含羞草,none,,direct,花香调,candidate,扩香,,none,,,none,,,direct,修剪烛芯|控制燃烧时长|无人照看警示|首次燃烧,caracteristics_text|usage_tips_text,none,,none,,,none,,none,4,pdp_short_description|pdp_long_description|usage_tips_text|caracteristics_text,3,care_instruction_not_product_function,https://www.diptyque-cn.com/p/petite-bougie-mimosa-1.html
CANDLEMI::香氛蜡烛含羞草,香氛蜡烛-含羞草,家居香氛,经典香氛蜡烛,1,direct,含羞草,none,,direct,花香调,candidate,扩香,,none,,,none,,,direct,修剪烛芯|控制燃烧时长|无人照看警示|首次燃烧,caracteristics_text|usage_tips_text,none,,none,,,none,,none,4,pdp_short_description|pdp_long_description|usage_tips_text|caracteristics_text,3,care_instruction_not_product_function,https://www.diptyque-cn.com/p/mimosa-candle-1-remavp.html
CANDLEMS1::香氛蜡烛青苔,香氛蜡烛-青苔,家居香氛,经典香氛蜡烛,1,none,,none,,direct,木质香调,candidate,扩香,,none,,,none,,,direct,修剪烛芯|控制燃烧时长|无人照看警示|首次燃烧,caracteristics_text|usage_tips_text,none,,none,,,none,,none,4,pdp_short_description|pdp_long_description|usage_tips_text|caracteristics_text,2,care_instruction_not_product_function,https://www.diptyque-cn.com/p/mousses-moss-candle-remavp.html
CANDLEMU1::香氛蜡烛麝香,香氛蜡烛-麝香,家居香氛,经典香氛蜡烛,1,none,,none,,direct,木质香调,candidate,扩香,,none,,,none,,,direct,修剪烛芯|控制燃烧时长|无人照看警示|首次燃烧,caracteristics_text|usage_tips_text,none,,none,,,none,,none,4,pdp_short_description|pdp_long_description|usage_tips_text|caracteristics_text,2,care_instruction_not_product_function,https://www.diptyque-cn.com/p/musc-musk-candle-remavp.html
CANDLEMV1::香氛蜡烛薄荷,香氛蜡烛-薄荷,家居香氛,经典香氛蜡烛,1,none,,none,,direct,草本香调,candidate,扩香,,none,,,none,,,direct,修剪烛芯|控制燃烧时长|无人照看警示|首次燃烧,caracteristics_text|usage_tips_text,none,,none,,,none,,none,4,pdp_short_description|pdp_long_description|usage_tips_text|caracteristics_text,2,care_instruction_not_product_function,https://www.diptyque-cn.com/p/menthe-verte-spearmint-candle-remavp.html
CANDLEMY1::香氛蜡烛没药,香氛蜡烛-没药,家居香氛,经典香氛蜡烛,1,none,,none,,direct,木质香调,candidate,扩香,,none,,,none,,,direct,修剪烛芯|控制燃烧时长|无人照看警示|首次燃烧,caracteristics_text|usage_tips_text,none,,none,,,none,,none,4,pdp_short_description|pdp_long_description|usage_tips_text|caracteristics_text,2,care_instruction_not_product_function,https://www.diptyque-cn.com/p/myrrhe-candle-remavp.html
CANDLENG1::香氛蜡烛清雅水烟,香氛蜡烛-清雅水烟,家居香氛,经典香氛蜡烛,1,none,,none,,direct,辛香调,candidate,扩香,,none,,,none,,,direct,修剪烛芯|控制燃烧时长|无人照看警示|首次燃烧,caracteristics_text|usage_tips_text,none,,none,,,none,,none,4,pdp_short_description|pdp_long_description|usage_tips_text|caracteristics_text,2,care_instruction_not_product_function,https://www.diptyque-cn.com/p/narguile-candle-remavp.html
CANDLENO1::香氛蜡烛榛树,香氛蜡烛-榛树,家居香氛,经典香氛蜡烛,1,none,,none,,direct,果香调,candidate,扩香,,none,,,none,,,direct,修剪烛芯|控制燃烧时长|无人照看警示|首次燃烧,caracteristics_text|usage_tips_text,none,,none,,,none,,none,4,pdp_short_description|pdp_long_description|usage_tips_text|caracteristics_text,2,care_instruction_not_product_function,https://www.diptyque-cn.com/p/bougie-noisetier-190g-remavp.html
CANDLEO1::香氛蜡烛橙树,香氛蜡烛-橙树,家居香氛,经典香氛蜡烛,1,none,,none,,direct,果香调,candidate,扩香,,none,,,none,,,direct,修剪烛芯|控制燃烧时长|无人照看警示|首次燃烧,caracteristics_text|usage_tips_text,none,,none,,,none,,none,4,pdp_short_description|pdp_long_description|usage_tips_text|caracteristics_text,2,care_instruction_not_product_function,https://www.diptyque-cn.com/p/oranger-orange-tree-candle-remavp.html
CANDLEORTIE190::香氛蜡烛荨麻草,香氛蜡烛-荨麻草,家居香氛,经典香氛蜡烛,1,none,,none,,direct,草本香调,candidate,扩香,,none,,,none,,,direct,修剪烛芯|控制燃烧时长|无人照看警示|首次燃烧,caracteristics_text|usage_tips_text,none,,none,,,none,,none,4,pdp_short_description|pdp_long_description|usage_tips_text|caracteristics_text,2,care_instruction_not_product_function,https://www.diptyque-cn.com/p/ortie190-candle.html
CANDLEOU1::香氛蜡烛乌木,香氛蜡烛-乌木,家居香氛,经典香氛蜡烛,1,none,,none,,direct,木质香调,candidate,扩香,,direct,旅行,pdp_short_description,none,,,direct,修剪烛芯|控制燃烧时长|无人照看警示|首次燃烧,caracteristics_text|usage_tips_text,none,,none,,,none,,none,4,pdp_short_description|pdp_long_description|usage_tips_text|caracteristics_text,3,care_instruction_not_product_function,https://www.diptyque-cn.com/p/oud-candle-remavp.html
CANDLEOX1::香氛蜡烛红没药,香氛蜡烛-红没药,家居香氛,经典香氛蜡烛,1,none,,none,,direct,木质香调,candidate,扩香,,none,,,none,,,direct,修剪烛芯|控制燃烧时长|无人照看警示|首次燃烧,caracteristics_text|usage_tips_text,none,,none,,,none,,none,4,pdp_short_description|pdp_long_description|usage_tips_text|caracteristics_text,2,care_instruction_not_product_function,https://www.diptyque-cn.com/p/opopanax-candle-190g-remavp.html
CANDLEOY1::香氛蜡烛柑橘香,香氛蜡烛-柑橘香,家居香氛,经典香氛蜡烛,1,none,,none,,direct,果香调,candidate,扩香,,none,,,none,,,direct,修剪烛芯|控制燃烧时长|无人照看警示|首次燃烧,caracteristics_text|usage_tips_text,none,,none,,,none,,none,4,pdp_short_description|pdp_long_description|usage_tips_text|caracteristics_text,2,care_instruction_not_product_function,https://www.diptyque-cn.com/p/oyedo-candle-remavp.html
CANDLEPA1::香氛蜡烛广藿香,香氛蜡烛-广藿香,家居香氛,经典香氛蜡烛,1,none,,none,,direct,草本香调,candidate,扩香,,none,,,none,,,direct,修剪烛芯|控制燃烧时长|无人照看警示|首次燃烧,caracteristics_text|usage_tips_text,none,,none,,,none,,none,4,pdp_short_description|pdp_long_description|usage_tips_text|caracteristics_text,2,care_instruction_not_product_function,https://www.diptyque-cn.com/p/bougie-patchouli-190g-remavp.html
CANDLEPCA001::青苔禅寺,青苔禅寺,家居香氛,大千之境香氛蜡烛,1,none,,direct,抹茶香精|苔藓香精|雪松香精,none,,candidate,扩香,,direct,中大型房间,caracteristics_text,none,,,direct,修剪烛芯|控制燃烧时长|无人照看警示|首次燃烧,caracteristics_text|usage_tips_text,direct,story_text,none,,,direct,savoir_faire_text,none,6,pdp_short_description|pdp_long_description|usage_tips_text|story_text|savoir_faire_text|caracteristics_text,5,care_instruction_not_product_function,https://www.diptyque-cn.com/p/temple-des-mousses-moss-temple-refillable-candle.html
CANDLEPCA001::青苔禅寺香氛蜡烛补充装,青苔禅寺香氛蜡烛补充装,家居香氛,大千之境香氛蜡烛,1,none,,direct,抹茶香精|苔藓香精|雪松香精,none,,candidate,扩香,,none,,,none,,,direct,修剪烛芯|控制燃烧时长|首次燃烧,usage_tips_text,direct,story_text,none,,,direct,savoir_faire_text,none,5,pdp_short_description|pdp_long_description|usage_tips_text|story_text|savoir_faire_text,4,care_instruction_not_product_function,https://www.diptyque-cn.com/p/temple-des-mousses-moss-temple-candle-refill.html
CANDLEPCA002::流金大地,流金大地,家居香氛,大千之境香氛蜡烛,1,none,,direct,白陶土香精|红雪松香精|麦麸香精,none,,candidate,扩香,,direct,中大型房间,caracteristics_text,none,,,direct,修剪烛芯|控制燃烧时长|无人照看警示|首次燃烧,caracteristics_text|usage_tips_text,direct,story_text,none,,,direct,savoir_faire_text,none,6,pdp_short_description|pdp_long_description|usage_tips_text|story_text|savoir_faire_text|caracteristics_text,5,care_instruction_not_product_function,https://www.diptyque-cn.com/p/terres-blondes-golden-lands-refillable-candle.html
CANDLEPCA002::流金大地香氛蜡烛补充装,流金大地香氛蜡烛补充装,家居香氛,大千之境香氛蜡烛,1,none,,direct,焦土香精|红雪松香精|麦麸香精,none,,candidate,扩香,,none,,,none,,,direct,修剪烛芯|控制燃烧时长|首次燃烧,usage_tips_text,direct,story_text,none,,,direct,savoir_faire_text,none,5,pdp_short_description|pdp_long_description|usage_tips_text|story_text|savoir_faire_text,4,care_instruction_not_product_function,https://www.diptyque-cn.com/p/terres-blondes-golden-lands-candle-refill.html
CANDLEPCA003::梦幻雨林,梦幻雨林,家居香氛,大千之境香氛蜡烛,1,none,,direct,依兰香精|茉莉香精|香草香精,none,,candidate,扩香,,direct,中大型房间,caracteristics_text,none,,,direct,修剪烛芯|控制燃烧时长|无人照看警示|首次燃烧,caracteristics_text|usage_tips_text,direct,story_text,none,,,direct,savoir_faire_text,none,6,pdp_short_description|pdp_long_description|usage_tips_text|story_text|savoir_faire_text|caracteristics_text,5,care_instruction_not_product_function,https://www.diptyque-cn.com/p/la-foret-reve-forest-dreams-refillable-candle.html
CANDLEPCA003::梦幻雨林香氛蜡烛补充装,梦幻雨林香氛蜡烛补充装,家居香氛,大千之境香氛蜡烛,1,none,,direct,依兰香精|茉莉香精|香草香精,none,,candidate,扩香,,none,,,none,,,direct,修剪烛芯|控制燃烧时长|首次燃烧,usage_tips_text,direct,story_text,none,,,direct,savoir_faire_text,none,5,pdp_short_description|pdp_long_description|usage_tips_text|story_text|savoir_faire_text,4,care_instruction_not_product_function,https://www.diptyque-cn.com/p/la-foret-reve-forest-dreams-candle-refill.html
CANDLEPCA004::曼妙庄园,曼妙庄园,家居香氛,大千之境香氛蜡烛,1,none,,direct,橙花|茉莉|鸢尾,none,,direct,扩香,pdp_short_description|story_text|usage_tips_text,direct,中大型房间,caracteristics_text,none,,,direct,修剪烛芯|控制燃烧时长|无人照看警示|首次燃烧,caracteristics_text|usage_tips_text,direct,story_text,none,,,direct,savoir_faire_text,none,6,pdp_short_description|pdp_long_description|usage_tips_text|story_text|savoir_faire_text|caracteristics_text,6,care_instruction_not_product_function,https://www.diptyque-cn.com/p/nymphees-merveilles-nymphaeum-of-wonders-refillable-candle.html
CANDLEPCA004::曼妙庄园香氛蜡烛补充装,曼妙庄园香氛蜡烛补充装,家居香氛,大千之境香氛蜡烛,1,none,,direct,橙花|茉莉|鸢尾,none,,direct,扩香,pdp_short_description|story_text|usage_tips_text,none,,,none,,,direct,修剪烛芯|控制燃烧时长|首次燃烧,usage_tips_text,direct,story_text,none,,,direct,savoir_faire_text,none,5,pdp_short_description|pdp_long_description|usage_tips_text|story_text|savoir_faire_text,5,care_instruction_not_product_function,https://www.diptyque-cn.com/p/nymphees-merveilles-nymphaeum-of-wonders-candle-refill.html
CANDLEPCA005::时光幽谷,时光幽谷,家居香氛,大千之境香氛蜡烛,1,none,,direct,白茶香精|茉莉香精|马黛茶香精,none,,candidate,扩香,,direct,中大型房间,caracteristics_text,none,,,direct,修剪烛芯|控制燃烧时长|无人照看警示|首次燃烧,caracteristics_text|usage_tips_text,direct,story_text,none,,,direct,savoir_faire_text,none,6,pdp_short_description|pdp_long_description|usage_tips_text|story_text|savoir_faire_text|caracteristics_text,5,care_instruction_not_product_function,https://www.diptyque-cn.com/p/la-vallee-du-temps-valley-of-time-refillable-candle.html
CANDLEPCA005::时光幽谷香氛蜡烛补充装,时光幽谷香氛蜡烛补充装,家居香氛,大千之境香氛蜡烛,1,none,,direct,白茶香精|茉莉香精|马黛茶香精,none,,candidate,扩香,,none,,,none,,,direct,修剪烛芯|控制燃烧时长|首次燃烧,usage_tips_text,direct,story_text,none,,,direct,savoir_faire_text,none,5,pdp_short_description|pdp_long_description|usage_tips_text|story_text|savoir_faire_text,4,care_instruction_not_product_function,https://www.diptyque-cn.com/p/la-vallee-du-temps-valley-of-time-candle-refill.html
CANDLEPM1::香氛蜡烛香丸,香氛蜡烛-香丸,家居香氛,经典香氛蜡烛,1,none,,none,,direct,辛香调,candidate,扩香,,none,,,none,,,direct,修剪烛芯|控制燃烧时长|无人照看警示|首次燃烧,caracteristics_text|usage_tips_text,none,,none,,,none,,none,4,pdp_short_description|pdp_long_description|usage_tips_text|caracteristics_text,2,care_instruction_not_product_function,https://www.diptyque-cn.com/p/bougie-pomander-190g-remavp.html
CANDLERHUBA190::香氛蜡烛大黄,香氛蜡烛-大黄,家居香氛,经典香氛蜡烛,1,none,,none,,direct,果香调,candidate,扩香,,none,,,none,,,direct,修剪烛芯|控制燃烧时长|无人照看警示|首次燃烧,caracteristics_text|usage_tips_text,none,,none,,,none,,none,4,pdp_short_description|pdp_long_description|usage_tips_text|caracteristics_text,2,care_instruction_not_product_function,https://www.diptyque-cn.com/p/rhuba190-candle.html
CANDLERO1500::超大号香氛蜡烛玫瑰,超大号香氛蜡烛-玫瑰,家居香氛,超大号香氛蜡烛,1,candidate,玫瑰,none,,direct,花香调,candidate,扩香,,none,,,none,,,direct,修剪烛芯|控制燃烧时长|首次燃烧,caracteristics_text|usage_tips_text,none,,none,,,none,,none,4,pdp_short_description|pdp_long_description|usage_tips_text|caracteristics_text,2,care_instruction_not_product_function|scent_identity_name_only,https://www.diptyque-cn.com/p/roses-extralarge-candle.html
CANDLERO300::中号香氛蜡烛玫瑰,中号香氛蜡烛-玫瑰,家居香氛,中号香氛蜡烛,1,candidate,玫瑰,none,,direct,花香调,candidate,扩香,,direct,中大型房间,caracteristics_text,none,,,direct,修剪烛芯|控制燃烧时长|无人照看警示|首次燃烧,caracteristics_text|usage_tips_text,none,,none,,,none,,none,4,pdp_short_description|pdp_long_description|usage_tips_text|caracteristics_text,3,care_instruction_not_product_function|scent_identity_name_only,https://www.diptyque-cn.com/p/bougie-ro-300g.html
CANDLEROSE600::大号香氛蜡烛玫瑰,大号香氛蜡烛-玫瑰,家居香氛,大号香氛蜡烛,1,direct,玫瑰,none,,direct,花香调,candidate,扩香,,direct,中大型房间,caracteristics_text,none,,,direct,修剪烛芯|控制燃烧时长|无人照看警示|首次燃烧,caracteristics_text|usage_tips_text,none,,none,,,none,,none,4,pdp_short_description|pdp_long_description|usage_tips_text|caracteristics_text,4,care_instruction_not_product_function,https://www.diptyque-cn.com/p/roses-candle-600g.html
CANDLEROSE::迷你香氛蜡烛玫瑰,迷你香氛蜡烛-玫瑰,家居香氛,迷你香氛蜡烛,1,direct,玫瑰,none,,direct,花香调,candidate,扩香,,none,,,none,,,direct,修剪烛芯|控制燃烧时长|无人照看警示|首次燃烧,caracteristics_text|usage_tips_text,none,,none,,,none,,none,4,pdp_short_description|pdp_long_description|usage_tips_text|caracteristics_text,3,care_instruction_not_product_function,https://www.diptyque-cn.com/p/roses-small-candle.html
CANDLEROSE::香氛蜡烛玫瑰,香氛蜡烛-玫瑰,家居香氛,经典香氛蜡烛,1,direct,玫瑰,none,,direct,花香调,candidate,扩香,,none,,,none,,,direct,修剪烛芯|控制燃烧时长|无人照看警示|首次燃烧,caracteristics_text|usage_tips_text,none,,none,,,none,,none,4,pdp_short_description|pdp_long_description|usage_tips_text|caracteristics_text,3,care_instruction_not_product_function,https://www.diptyque-cn.com/p/roses-candle-remavp.html
CANDLESA1::香氛蜡烛檀香,香氛蜡烛-檀香,家居香氛,经典香氛蜡烛,1,none,,none,,direct,木质香调,candidate,扩香,,none,,,none,,,direct,修剪烛芯|控制燃烧时长|无人照看警示|首次燃烧,caracteristics_text|usage_tips_text,none,,none,,,none,,none,3,pdp_short_description|usage_tips_text|caracteristics_text,2,care_instruction_not_product_function,https://www.diptyque-cn.com/p/sa2-candle-1-remavp.html
CANDLESESAM190::香氛蜡烛黑芝麻,香氛蜡烛-黑芝麻,家居香氛,经典香氛蜡烛,1,none,,none,,direct,辛香调,candidate,扩香,,none,,,none,,,direct,修剪烛芯|控制燃烧时长|无人照看警示|首次燃烧,caracteristics_text|usage_tips_text,none,,none,,,none,,none,4,pdp_short_description|pdp_long_description|usage_tips_text|caracteristics_text,2,care_instruction_not_product_function,https://www.diptyque-cn.com/p/sesam190-candle.html
CANDLESET5X35EL::迷你香氛蜡烛礼盒5只装（限量版）,迷你香氛蜡烛礼盒-5只装（限量版）,家居香氛,迷你香氛蜡烛,1,none,,none,,none,,candidate,扩香,,none,,,none,,,direct,修剪烛芯|控制燃烧时长,usage_tips_text,none,,none,,,none,,none,4,pdp_short_description|pdp_long_description|usage_tips_text|caracteristics_text,1,care_instruction_not_product_function,https://www.diptyque-cn.com/p/set5x35el-candle-190g-1.html
CANDLESHISO190::香氛蜡烛紫苏,香氛蜡烛-紫苏,家居香氛,经典香氛蜡烛,1,none,,none,,direct,草本香调,candidate,扩香,,none,,,none,,,direct,修剪烛芯|控制燃烧时长|无人照看警示|首次燃烧,caracteristics_text|usage_tips_text,none,,none,,,none,,none,4,pdp_short_description|pdp_long_description|usage_tips_text|caracteristics_text,2,care_instruction_not_product_function,https://www.diptyque-cn.com/p/shiso190-candle.html
CANDLESUM26PI190::香氛蜡烛松林（限量版）,香氛蜡烛-松林（限量版）,家居香氛,经典香氛蜡烛,1,none,,none,,direct,木质香调,candidate,扩香,,none,,,none,,,direct,修剪烛芯|控制燃烧时长|首次燃烧,usage_tips_text,none,,none,,,none,,none,4,pdp_short_description|pdp_long_description|description_text|usage_tips_text,2,care_instruction_not_product_function,https://www.diptyque-cn.com/p/candle-sum26pi190-190g.html
CANDLET1::香氛蜡烛茶树,香氛蜡烛-茶树,家居香氛,经典香氛蜡烛,1,none,,none,,direct,草本香调,candidate,扩香,,none,,,none,,,direct,修剪烛芯|控制燃烧时长|无人照看警示|首次燃烧,caracteristics_text|usage_tips_text,none,,none,,,none,,none,4,pdp_short_description|pdp_long_description|usage_tips_text|caracteristics_text,2,care_instruction_not_product_function,https://www.diptyque-cn.com/p/the-tea-candle-remavp.html
CANDLETAPCDLB1B::琥珀烛台香氛蜡烛,琥珀烛台香氛蜡烛,家居香氛,烛台香氛蜡烛,1,candidate,琥珀,none,,direct,木质香调,candidate,扩香|装饰,,none,,,none,,,direct,控制燃烧时长,usage_tips_text,none,,none,,,none,,none,3,pdp_short_description|pdp_long_description|usage_tips_text,2,long_description_semantics_untyped|scent_identity_name_only,https://www.diptyque-cn.com/p/ambre-amber-scented-dinner-candle-75g.html
CANDLETB1500::超大号香氛蜡烛晚香玉,超大号香氛蜡烛-晚香玉,家居香氛,超大号香氛蜡烛,1,direct,晚香玉,none,,direct,花香调,candidate,扩香,,none,,,none,,,direct,修剪烛芯|控制燃烧时长|首次燃烧,caracteristics_text|usage_tips_text,direct,story_text,none,,,none,,none,5,pdp_short_description|pdp_long_description|usage_tips_text|story_text|caracteristics_text,4,care_instruction_not_product_function,https://www.diptyque-cn.com/p/tubereuse-tuberose-interior-exterior-candle.html
CANDLETB::迷你香氛蜡烛晚香玉,迷你香氛蜡烛-晚香玉,家居香氛,迷你香氛蜡烛,1,direct,晚香玉,none,,direct,花香调,candidate,扩香,,none,,,none,,,direct,修剪烛芯|控制燃烧时长|无人照看警示|首次燃烧,caracteristics_text|usage_tips_text,none,,none,,,none,,none,4,pdp_short_description|pdp_long_description|usage_tips_text|caracteristics_text,3,care_instruction_not_product_function,https://www.diptyque-cn.com/p/tubereuse-tuberose-small-candle.html
CANDLETB::香氛蜡烛晚香玉,香氛蜡烛-晚香玉,家居香氛,经典香氛蜡烛,1,direct,晚香玉,none,,direct,花香调,candidate,扩香,,none,,,none,,,direct,修剪烛芯|控制燃烧时长|无人照看警示|首次燃烧,caracteristics_text|usage_tips_text,none,,none,,,none,,none,4,pdp_short_description|pdp_long_description|usage_tips_text|caracteristics_text,3,care_instruction_not_product_function,https://www.diptyque-cn.com/p/tubereuse-tuberose-candle-remavp.html
CANDLETBR2::中号香氛蜡烛晚香玉,中号香氛蜡烛-晚香玉,家居香氛,中号香氛蜡烛,1,direct,晚香玉,none,,direct,花香调,candidate,扩香,,direct,中大型房间,caracteristics_text,none,,,direct,修剪烛芯|控制燃烧时长|无人照看警示|首次燃烧,caracteristics_text|usage_tips_text,none,,none,,,none,,none,4,pdp_short_description|pdp_long_description|usage_tips_text|caracteristics_text,4,care_instruction_not_product_function,https://www.diptyque-cn.com/p/tubereuse-candle-300g-remavp.html
CANDLETI1::香氛蜡烛椴木,香氛蜡烛-椴木,家居香氛,经典香氛蜡烛,1,none,,none,,direct,花香调,direct,留香,pdp_long_description|usage_tips_text,none,,,none,,,direct,修剪烛芯|控制燃烧时长|无人照看警示|首次燃烧,caracteristics_text|usage_tips_text,none,,none,,,none,,none,4,pdp_short_description|pdp_long_description|usage_tips_text|caracteristics_text,3,care_instruction_not_product_function,https://www.diptyque-cn.com/p/bougie-tilleul-1-remavp.html
CANDLEVA1::香氛蜡烛香草,香氛蜡烛-香草,家居香氛,经典香氛蜡烛,1,none,,none,,direct,辛香调,direct,留香,pdp_long_description|pdp_short_description|usage_tips_text,none,,,none,,,direct,修剪烛芯|控制燃烧时长|无人照看警示|首次燃烧,caracteristics_text|usage_tips_text,none,,none,,,none,,none,4,pdp_short_description|pdp_long_description|usage_tips_text|caracteristics_text,3,care_instruction_not_product_function,https://www.diptyque-cn.com/p/bougie-vanille-190-remavp.html
CANDLEVERVEINE::迷你香氛蜡烛马鞭草,迷你香氛蜡烛-马鞭草,家居香氛,迷你香氛蜡烛,1,none,,none,,direct,草本香调,candidate,扩香,,none,,,none,,,direct,修剪烛芯|控制燃烧时长|无人照看警示|首次燃烧,caracteristics_text|usage_tips_text,none,,none,,,none,,none,4,pdp_short_description|pdp_long_description|usage_tips_text|caracteristics_text,2,care_instruction_not_product_function,https://www.diptyque-cn.com/p/verveine-lemon-verbena-small-candle.html
CANDLEVERVEINE::香氛蜡烛马鞭草,香氛蜡烛-马鞭草,家居香氛,经典香氛蜡烛,1,none,,none,,direct,草本香调,candidate,扩香,,none,,,direct,放松|空间清新,pdp_long_description,direct,修剪烛芯|控制燃烧时长|无人照看警示|首次燃烧,caracteristics_text|usage_tips_text,none,,none,,,none,,none,4,pdp_short_description|pdp_long_description|usage_tips_text|caracteristics_text,3,care_instruction_not_product_function,https://www.diptyque-cn.com/p/bougie-verveine-190-remavp.html
CANDLEVL1::香氛蜡烛紫罗兰,香氛蜡烛-紫罗兰,家居香氛,经典香氛蜡烛,1,none,,none,,direct,花香调,direct,留香,pdp_long_description|usage_tips_text,none,,,none,,,direct,修剪烛芯|控制燃烧时长|无人照看警示|首次燃烧,caracteristics_text|usage_tips_text,none,,none,,,none,,none,4,pdp_short_description|pdp_long_description|usage_tips_text|caracteristics_text,3,care_instruction_not_product_function,https://www.diptyque-cn.com/p/violette-violet-candle-remavp.html
CANDLEVY1::香氛蜡烛维堤里欧,香氛蜡烛-维堤里欧,家居香氛,经典香氛蜡烛,1,none,,none,,direct,草本香调,candidate,扩香,,none,,,none,,,direct,修剪烛芯|控制燃烧时长|无人照看警示|首次燃烧,caracteristics_text|usage_tips_text,none,,none,,,none,,none,4,pdp_short_description|pdp_long_description|usage_tips_text|caracteristics_text,2,care_instruction_not_product_function,https://www.diptyque-cn.com/p/vetyver-vetiver-candle-190g-remavp.html
CAPSULES1::圣日尔曼大道34号扩香器香氛补充包,圣日尔曼大道34号扩香器香氛补充包,家居香氛,电子扩香器,1,direct,圣日尔曼大道34号,none,,direct,木质香调,direct,扩香,caracteristics_text,direct,车内,usage_tips_text,none,,,none,,,none,,none,,,none,,none,4,pdp_short_description|pdp_long_description|usage_tips_text|caracteristics_text,4,usage_text_requires_instruction_review,https://www.diptyque-cn.com/p/34-boulevard-saint-germain-insert-1.html
CAPSULES2::浆果香扩香器香氛补充包,浆果香扩香器香氛补充包,家居香氛,电子扩香器,1,direct,浆果香,none,,direct,果香调,direct,扩香,caracteristics_text,direct,车内,usage_tips_text,none,,,none,,,none,,none,,,none,,none,4,pdp_short_description|pdp_long_description|usage_tips_text|caracteristics_text,4,formula_present_without_note_evidence|usage_text_requires_instruction_review,https://www.diptyque-cn.com/p/baies-berries-insert.html
CAPSULES3::生姜扩香器香氛补充包,生姜扩香器香氛补充包,家居香氛,电子扩香器,1,candidate,生姜,none,,direct,辛香调,direct,扩香,caracteristics_text,direct,车内,usage_tips_text,none,,,none,,,none,,none,,,none,,none,4,pdp_short_description|pdp_long_description|usage_tips_text|caracteristics_text,3,scent_identity_name_only|usage_text_requires_instruction_review,https://www.diptyque-cn.com/p/gingembre-ginger-insert.html
CAPSULES4::玫瑰扩香器香氛补充包,玫瑰扩香器香氛补充包,家居香氛,电子扩香器,1,direct,玫瑰,none,,direct,花香调,direct,扩香,caracteristics_text,direct,车内,usage_tips_text,none,,,none,,,none,,none,,,none,,none,4,pdp_short_description|pdp_long_description|usage_tips_text|caracteristics_text,4,usage_text_requires_instruction_review,https://www.diptyque-cn.com/p/roses-insert.html
CAPSULES5::晚香玉扩香器香氛补充包,晚香玉扩香器香氛补充包,家居香氛,电子扩香器,1,direct,晚香玉,none,,direct,花香调,direct,扩香,caracteristics_text,direct,车内,usage_tips_text,none,,,none,,,none,,none,,,none,,none,4,pdp_short_description|pdp_long_description|usage_tips_text|caracteristics_text,4,usage_text_requires_instruction_review,https://www.diptyque-cn.com/p/tubereuse-tuberose-insert.html
CAPSULES6::希腊无花果扩香器香氛补充包,希腊无花果扩香器香氛补充包,家居香氛,电子扩香器,1,candidate,希腊无花果,none,,direct,果香调,direct,扩香,caracteristics_text,direct,车内,usage_tips_text,none,,,none,,,none,,none,,,none,,none,4,pdp_short_description|pdp_long_description|usage_tips_text|caracteristics_text,3,scent_identity_name_only|usage_text_requires_instruction_review,https://www.diptyque-cn.com/p/cartouche-figuier-1.html
CAPSULES7::含羞草扩香器香氛补充包,含羞草扩香器香氛补充包,家居香氛,电子扩香器,1,direct,含羞草,none,,direct,花香调,direct,扩香,caracteristics_text,direct,车内,usage_tips_text,none,,,none,,,none,,none,,,none,,none,4,pdp_short_description|pdp_long_description|usage_tips_text|caracteristics_text,4,usage_text_requires_instruction_review,https://www.diptyque-cn.com/p/mimosa-insert-1.html
CAPSULES8::橙花车载扩香器香氛套装,橙花 - 车载扩香器香氛套装,家居香氛,车载扩香器,1,direct,橙花,none,,none,,direct,扩香,caracteristics_text|usage_tips_text,direct,车内,pdp_short_description|usage_tips_text,none,,,none,,,none,,none,,,none,,none,4,pdp_short_description|pdp_long_description|usage_tips_text|caracteristics_text,3,usage_text_requires_instruction_review,https://www.diptyque-cn.com/p/car-diffuser-with-fleur-d-oranger-insert.html
CAPSULES9::希腊无花果香调润肤乳,希腊无花果香调 - 润肤乳,身体护理,润肤乳,1,direct,希腊无花果,direct,无花果叶|无花果木|无花果树汁|黑胡椒,none,,candidate,润肤,,none,,,none,,,none,,,none,,none,,,none,,none,3,pdp_short_description|pdp_long_description|formule_text,2,long_description_semantics_untyped,https://www.diptyque-cn.com/p/philosykos-hand-and-body-lotion-1.html
CAPSULES::橙花电子扩香器香氛补充包,橙花 - 电子扩香器香氛补充包,家居香氛,电子扩香器,1,candidate,橙花,none,,direct,花香调,direct,扩香,caracteristics_text,direct,车内,usage_tips_text,none,,,none,,,none,,none,,,none,,none,4,pdp_short_description|pdp_long_description|usage_tips_text|caracteristics_text,3,scent_identity_name_only|usage_text_requires_instruction_review,https://www.diptyque-cn.com/p/fleur-d-oranger-orange-blossom-insert.html
CAPSULES::琥珀电子扩香器香氛补充包,琥珀 - 电子扩香器香氛补充包,家居香氛,电子扩香器,1,direct,琥珀,none,,direct,木质香调,direct,扩香,caracteristics_text,direct,车内,usage_tips_text,none,,,none,,,none,,none,,,none,,none,4,pdp_short_description|pdp_long_description|usage_tips_text|caracteristics_text,4,usage_text_requires_instruction_review,https://www.diptyque-cn.com/p/ambre-insert.html
CREMECORPS1::丰润身体乳,丰润身体乳,身体护理,身体乳,1,none,,none,,none,,candidate,润肤,,none,,,none,,,none,,,none,,none,,,none,,none,4,pdp_short_description|pdp_long_description|usage_tips_text|formule_text,0,formula_present_without_note_evidence|long_description_semantics_untyped|usage_text_requires_instruction_review,https://www.diptyque-cn.com/p/rich-butter-for-the-body.html
DECO00845::水墨画烛台,水墨画烛台,艺术家居,烛台,1,none,,none,,none,,candidate,装饰,,none,,,none,,,direct,清洁方法,usage_tips_text,none,,direct,陶瓷,caracteristics_text,direct,savoir_faire_text,direct,5,pdp_short_description|pdp_long_description|usage_tips_text|savoir_faire_text|caracteristics_text,4,,https://www.diptyque-cn.com/p/landscape-stand-300g-candle-deco00845.html
DECO00846::水墨画陶瓷烛盖M,水墨画陶瓷烛盖 M,艺术家居,烛盖和灭烛罩,1,none,,none,,none,,candidate,蜡烛养护,,none,,,none,,,direct,清洁方法,usage_tips_text,none,,direct,陶瓷,caracteristics_text,direct,savoir_faire_text,direct,5,pdp_short_description|pdp_long_description|usage_tips_text|savoir_faire_text|caracteristics_text,4,,https://www.diptyque-cn.com/p/lanscape-lid-300g-candle-deco00846.html
DECOBATH01::椭圆收纳罐S,椭圆收纳罐 S,艺术家居,收纳罐,1,none,,none,,none,,none,,,none,,,none,,,direct,清洁方法,usage_tips_text,none,,direct,陶瓷,caracteristics_text,direct,savoir_faire_text,none,5,pdp_short_description|pdp_long_description|usage_tips_text|savoir_faire_text|caracteristics_text,3,,https://www.diptyque-cn.com/p/small-canister-ovale-deco01373.html
DECOBATH02::椭圆收纳罐L,椭圆收纳罐 L,艺术家居,收纳罐,1,none,,none,,none,,none,,,none,,,none,,,direct,清洁方法,usage_tips_text,none,,direct,陶瓷,caracteristics_text,direct,savoir_faire_text,none,5,pdp_short_description|pdp_long_description|usage_tips_text|savoir_faire_text|caracteristics_text,3,,https://www.diptyque-cn.com/p/large-canister-ovale-deco01374.html
DECOCANASS01::竖纹玻璃烛罩Mini,竖纹玻璃烛罩 Mini,艺术家居,烛罩,1,none,,none,,none,,candidate,蜡烛养护,,none,,,none,,,direct,清洁方法,usage_tips_text,none,,direct,硼矽玻璃和胶木底座,caracteristics_text,direct,savoir_faire_text,direct,5,pdp_short_description|pdp_long_description|usage_tips_text|savoir_faire_text|caracteristics_text,4,,https://www.diptyque-cn.com/p/ribbed-candle-holder-for-mini-candles-deco01387.html
DECOCANASS02::竖纹玻璃烛罩S,竖纹玻璃烛罩 S,艺术家居,烛罩,1,none,,none,,none,,candidate,蜡烛养护,,none,,,direct,营造氛围,pdp_short_description,direct,清洁方法,usage_tips_text,none,,direct,硼硅玻璃，胶木底座,caracteristics_text,direct,savoir_faire_text,direct,4,pdp_short_description|usage_tips_text|savoir_faire_text|caracteristics_text,5,,https://www.diptyque-cn.com/p/photophore-cote.html
DECOCANASS03::竖纹玻璃烛罩L,竖纹玻璃烛罩 L,艺术家居,烛罩,1,none,,none,,none,,candidate,蜡烛养护,,none,,,direct,营造氛围,pdp_short_description,direct,清洁方法,usage_tips_text,none,,direct,硼硅玻璃，胶木底座,caracteristics_text,direct,savoir_faire_text,direct,4,pdp_short_description|usage_tips_text|savoir_faire_text|caracteristics_text,5,,https://www.diptyque-cn.com/p/large-photophore-coast.html
DECOCANASS04::竖纹玻璃烛罩,竖纹玻璃烛罩,艺术家居,烛罩,1,none,,none,,none,,candidate,蜡烛养护,,none,,,none,,,direct,清洁方法,usage_tips_text,none,,direct,硼硅玻璃,caracteristics_text,direct,savoir_faire_text,direct,5,pdp_short_description|pdp_long_description|usage_tips_text|savoir_faire_text|caracteristics_text,4,,https://www.diptyque-cn.com/p/indoor-outdoor-xxl-candle-holder.html
DECOCANASS05::全曲线玻璃烛罩S,全曲线玻璃烛罩 S,艺术家居,烛罩,1,none,,none,,none,,candidate,蜡烛养护,,none,,,direct,营造氛围,pdp_short_description,direct,清洁方法,usage_tips_text,none,,direct,硼硅玻璃，胶木底座,caracteristics_text,direct,savoir_faire_text,direct,4,pdp_short_description|usage_tips_text|savoir_faire_text|caracteristics_text,5,,https://www.diptyque-cn.com/p/glass-candle-holder-for-mini-candles.html
DECOCANASS06::全曲线玻璃烛罩L,全曲线玻璃烛罩 L,艺术家居,烛罩,1,none,,none,,none,,candidate,蜡烛养护,,none,,,direct,营造氛围,pdp_short_description,direct,清洁方法,usage_tips_text,none,,direct,硼硅玻璃，胶木底座,caracteristics_text,direct,savoir_faire_text,direct,4,pdp_short_description|usage_tips_text|savoir_faire_text|caracteristics_text,5,,https://www.diptyque-cn.com/p/glass-candle-holder-for-classic-candles.html
DECOCANASS09::植物图鉴玻璃烛盖紫罗兰,植物图鉴玻璃烛盖-紫罗兰,艺术家居,烛盖和灭烛罩,1,none,,none,,none,,candidate,蜡烛养护,,none,,,none,,,direct,清洁方法,usage_tips_text,none,,candidate,玻璃,,none,,direct,3,pdp_short_description|pdp_long_description|usage_tips_text,2,long_description_semantics_untyped,https://www.diptyque-cn.com/p/muguet-lily-of-the-valley-lid.html
DECOCANASS10::植物图鉴玻璃烛盖铃兰,植物图鉴玻璃烛盖-铃兰,艺术家居,烛盖和灭烛罩,1,none,,none,,none,,candidate,蜡烛养护,,none,,,none,,,direct,清洁方法,usage_tips_text,none,,candidate,玻璃,,none,,direct,3,pdp_short_description|pdp_long_description|usage_tips_text,2,long_description_semantics_untyped,https://www.diptyque-cn.com/p/violet-lid.html
DECOCANASS11::植物图鉴玻璃烛盖玫瑰,植物图鉴玻璃烛盖-玫瑰,艺术家居,烛盖和灭烛罩,1,none,,none,,none,,candidate,蜡烛养护,,none,,,none,,,direct,清洁方法,usage_tips_text,none,,candidate,玻璃,,none,,direct,3,pdp_short_description|pdp_long_description|usage_tips_text,2,long_description_semantics_untyped,https://www.diptyque-cn.com/p/roses-lid.html
DECOCANASS12::植物图鉴玻璃烛盖浆果,植物图鉴玻璃烛盖-浆果,艺术家居,烛盖和灭烛罩,1,none,,none,,none,,candidate,蜡烛养护,,none,,,none,,,direct,清洁方法,usage_tips_text,none,,candidate,玻璃,,none,,direct,3,pdp_short_description|pdp_long_description|usage_tips_text,2,long_description_semantics_untyped,https://www.diptyque-cn.com/p/baies-lid.html
DECOCANASS13::植物图鉴玻璃烛盖含羞草,植物图鉴玻璃烛盖-含羞草,艺术家居,烛盖和灭烛罩,1,none,,none,,none,,candidate,蜡烛养护,,none,,,none,,,direct,清洁方法,usage_tips_text,none,,candidate,玻璃,,none,,direct,3,pdp_short_description|pdp_long_description|usage_tips_text,2,long_description_semantics_untyped,https://www.diptyque-cn.com/p/mimosa-lid.html
DECODECO00860::黑色蜡质花瓶L,黑色蜡质花瓶 L,艺术家居,花瓶,1,none,,none,,none,,candidate,装饰,,none,,,none,,,direct,清洁方法,usage_tips_text,none,,direct,蜡,caracteristics_text,direct,savoir_faire_text,none,5,pdp_short_description|pdp_long_description|usage_tips_text|savoir_faire_text|caracteristics_text,3,,https://www.diptyque-cn.com/p/black-medicis-vase-l-deco00860.html
DECODECO01188::白色融蜡陶瓷烛罩,白色融蜡陶瓷烛罩,艺术家居,烛罩,1,none,,none,,none,,candidate,蜡烛养护,,none,,,none,,,direct,清洁方法,usage_tips_text,none,,direct,利摩日陶瓷,caracteristics_text,direct,savoir_faire_text,direct,5,pdp_short_description|pdp_long_description|usage_tips_text|savoir_faire_text|caracteristics_text,4,,https://www.diptyque-cn.com/p/white-melted-wax-candle-holder-deco01188.html
DECODECO01190::全曲线玻璃收纳瓶,全曲线玻璃收纳瓶,艺术家居,收纳瓶,1,none,,none,,none,,none,,,none,,,none,,,direct,清洁方法,usage_tips_text,none,,candidate,玻璃,,none,,none,3,pdp_short_description|pdp_long_description|usage_tips_text,1,long_description_semantics_untyped,https://www.diptyque-cn.com/p/torsade-match-holder-s-deco01190.html
DECODECO01269::茉莉花陶瓷托盘,茉莉花陶瓷托盘,艺术家居,装饰摆件,1,none,,none,,none,,candidate,装饰,,none,,,none,,,none,,,none,,candidate,陶瓷,,none,,none,1,pdp_short_description,0,,https://www.diptyque-cn.com/p/jasmine-flower-tray-m-deco01269.html
DECODECO01282::水墨画陶瓷灭烛罩,水墨画陶瓷灭烛罩,艺术家居,烛盖和灭烛罩,1,none,,none,,none,,candidate,蜡烛养护,,none,,,none,,,direct,清洁方法,usage_tips_text,none,,direct,陶瓷,caracteristics_text,direct,savoir_faire_text,none,5,pdp_short_description|pdp_long_description|usage_tips_text|savoir_faire_text|caracteristics_text,3,,https://www.diptyque-cn.com/p/landscape-snuffer-deco01282.html
DECODECO01283::象棋造型烛台S,象棋造型烛台 S,艺术家居,烛台,1,none,,none,,none,,candidate,装饰,,none,,,none,,,direct,清洁方法,usage_tips_text,none,,direct,蜡质,caracteristics_text,direct,savoir_faire_text,direct,5,pdp_short_description|pdp_long_description|usage_tips_text|savoir_faire_text|caracteristics_text,4,,https://www.diptyque-cn.com/p/chess-candle-holder-s-for-classic-candle-deco01283.html
DECODECO01284::象棋造型烛台M,象棋造型烛台 M,艺术家居,烛台,1,none,,none,,none,,candidate,装饰,,none,,,none,,,direct,清洁方法,usage_tips_text,none,,direct,蜡质,caracteristics_text,direct,savoir_faire_text,direct,5,pdp_short_description|pdp_long_description|usage_tips_text|savoir_faire_text|caracteristics_text,4,,https://www.diptyque-cn.com/p/chess-candle-holder-m-for-classic-candle-deco01285.html
DECODECO01285::象棋造型烛台L,象棋造型烛台 L,艺术家居,烛台,1,none,,none,,none,,candidate,装饰,,none,,,none,,,direct,清洁方法,usage_tips_text,none,,direct,蜡质,caracteristics_text,direct,savoir_faire_text,direct,5,pdp_short_description|pdp_long_description|usage_tips_text|savoir_faire_text|caracteristics_text,4,,https://www.diptyque-cn.com/p/chess-candle-holder-l-for-classic-candle-deco01285.html
DECODECO01369A::椭圆香皂托盘,椭圆香皂托盘,艺术家居,托盘,1,none,,none,,none,,candidate,装饰,,none,,,none,,,direct,清洁方法,usage_tips_text,none,,direct,陶瓷,caracteristics_text,direct,savoir_faire_text,direct,5,pdp_short_description|pdp_long_description|usage_tips_text|savoir_faire_text|caracteristics_text,4,,https://www.diptyque-cn.com/p/soap-holder-ovale-deco01370.html
DECODECO01371::椭圆收纳托盘,椭圆收纳托盘,艺术家居,收纳托盘,1,none,,none,,none,,candidate,装饰,,none,,,none,,,direct,清洁方法,usage_tips_text,none,,direct,陶瓷,caracteristics_text,direct,savoir_faire_text,none,5,pdp_short_description|pdp_long_description|usage_tips_text|savoir_faire_text|caracteristics_text,3,,https://www.diptyque-cn.com/p/hand-care-tray-ovale-deco01371.html
DECODECO01372::椭圆平底杯,椭圆平底杯,艺术家居,平底杯,1,none,,none,,none,,none,,,none,,,none,,,direct,清洁方法,usage_tips_text,none,,direct,陶瓷,caracteristics_text,direct,savoir_faire_text,none,5,pdp_short_description|pdp_long_description|usage_tips_text|savoir_faire_text|caracteristics_text,3,,https://www.diptyque-cn.com/p/tumbler-ovale-deco01372.html
DECODECO01377::白色金字塔玻璃烛罩,白色金字塔玻璃烛罩,艺术家居,烛罩,1,none,,none,,none,,candidate,蜡烛养护,,none,,,none,,,direct,清洁方法,usage_tips_text,none,,direct,硼硅盐酸玻璃,caracteristics_text,direct,savoir_faire_text,direct,5,pdp_short_description|pdp_long_description|usage_tips_text|savoir_faire_text|caracteristics_text,4,,https://www.diptyque-cn.com/p/white-pyramid-candle-holder-for-classic-candles-deco01377.html
DECODECO01383::贝壳造型烛台S,贝壳造型烛台 S,艺术家居,烛台,1,none,,none,,none,,candidate,装饰,,none,,,none,,,direct,清洁方法,usage_tips_text,none,,direct,陶瓷,caracteristics_text,direct,savoir_faire_text,none,5,pdp_short_description|pdp_long_description|usage_tips_text|savoir_faire_text|caracteristics_text,3,,https://www.diptyque-cn.com/p/shell-stand-for-scented-dinner-candle-deco01383.html
DECODECO01416::花园印花便签本,花园印花便签本,文创,便签本,1,none,,none,,none,,none,,,none,,,none,,,none,,,none,,direct,纸制品,caracteristics_text,none,,none,3,pdp_short_description|pdp_long_description|caracteristics_text,1,,https://www.diptyque-cn.com/p/peacock-and-plume-notepad.html
DECODECO01416::菱纹印花便签本,菱纹印花便签本,文创,便签本,1,none,,none,,none,,none,,,none,,,none,,,none,,,none,,direct,纸制品,caracteristics_text,none,,none,3,pdp_short_description|pdp_long_description|caracteristics_text,1,,https://www.diptyque-cn.com/p/diamonds-in-graphite-notepad.html
DECODECO01424::黑色顶冠木质烛盖M,黑色顶冠木质烛盖 M,艺术家居,烛盖和灭烛罩,1,none,,none,,none,,candidate,蜡烛养护,,none,,,none,,,direct,清洁方法,usage_tips_text,direct,story_text,direct,白蜡木,caracteristics_text,none,,direct,5,pdp_short_description|pdp_long_description|usage_tips_text|story_text|caracteristics_text,4,,https://www.diptyque-cn.com/p/black-abacus-lid-for-classic-candle-300.html
DECODECO01425::黑色顶冠木质烛盖L,黑色顶冠木质烛盖 L,艺术家居,烛盖和灭烛罩,1,none,,none,,none,,candidate,蜡烛养护,,none,,,none,,,direct,清洁方法,usage_tips_text,direct,story_text,direct,白蜡木,caracteristics_text,none,,direct,5,pdp_short_description|pdp_long_description|usage_tips_text|story_text|caracteristics_text,4,,https://www.diptyque-cn.com/p/black-abacus-lid-for-classic-candle-600.html
DECODECO01432::菱纹印花笔筒,菱纹印花笔筒,文创,笔筒,1,none,,none,,none,,none,,,none,,,none,,,none,,,none,,direct,纸制品,caracteristics_text,none,,none,3,pdp_short_description|pdp_long_description|caracteristics_text,1,,https://www.diptyque-cn.com/p/diamonds-in-graphite-pencil-pot.html
DECODECO01622::水墨画陶瓷烛盖S,水墨画陶瓷烛盖 S,艺术家居,烛盖和灭烛罩,1,none,,none,,none,,candidate,蜡烛养护,,none,,,none,,,none,,,none,,candidate,陶瓷,,direct,savoir_faire_text,direct,4,pdp_short_description|pdp_long_description|savoir_faire_text|caracteristics_text,2,,https://www.diptyque-cn.com/p/deco01622-deco.html
DECODECO01623::水墨画陶瓷烛盖L,水墨画陶瓷烛盖 L,艺术家居,烛盖和灭烛罩,1,none,,none,,none,,candidate,蜡烛养护,,none,,,none,,,none,,,none,,candidate,陶瓷,,direct,savoir_faire_text,none,4,pdp_short_description|pdp_long_description|savoir_faire_text|caracteristics_text,1,,https://www.diptyque-cn.com/p/deco01623-deco.html
DECODECO01624::水墨画陶瓷托盘S,水墨画陶瓷托盘 S,艺术家居,托盘,1,none,,none,,none,,candidate,装饰,,none,,,none,,,none,,,none,,candidate,陶瓷,,none,,none,2,pdp_short_description|pdp_long_description,0,long_description_semantics_untyped,https://www.diptyque-cn.com/p/deco01624-deco.html
DECODECO01625::水墨画陶瓷托盘M,水墨画陶瓷托盘 M,艺术家居,托盘,1,none,,none,,none,,candidate,装饰,,none,,,none,,,none,,,none,,candidate,陶瓷,,direct,savoir_faire_text,none,4,pdp_short_description|pdp_long_description|savoir_faire_text|caracteristics_text,1,,https://www.diptyque-cn.com/p/deco01625-deco.html
DECODECO01626::水墨画陶瓷托盘L,水墨画陶瓷托盘 L,艺术家居,托盘,1,none,,none,,none,,candidate,装饰,,none,,,none,,,none,,,none,,candidate,陶瓷,,none,,none,2,pdp_short_description|pdp_long_description,0,long_description_semantics_untyped,https://www.diptyque-cn.com/p/deco01626-deco.html
DECODECO01630::樱花陶瓷烛盖,樱花陶瓷烛盖,艺术家居,烛盖和灭烛罩,1,none,,none,,none,,candidate,蜡烛养护,,none,,,none,,,none,,,none,,candidate,陶瓷,,none,,none,3,pdp_short_description|pdp_long_description|caracteristics_text,0,long_description_semantics_untyped,https://www.diptyque-cn.com/p/deco01630-deco.html
DECODECO01631::水墨画陶瓷烛台,水墨画陶瓷烛台,艺术家居,烛台,1,none,,none,,none,,candidate,装饰,,none,,,none,,,none,,,none,,candidate,陶瓷,,none,,none,2,pdp_short_description|pdp_long_description,0,long_description_semantics_untyped,https://www.diptyque-cn.com/p/deco01631-deco.html
DECODECO01648::白色金字塔陶瓷烛盖,白色金字塔陶瓷烛盖,艺术家居,烛盖和灭烛罩,1,none,,none,,none,,direct,蜡烛养护,pdp_short_description,none,,,none,,,none,,,none,,direct,素瓷,caracteristics_text,direct,savoir_faire_text,none,4,pdp_short_description|pdp_long_description|savoir_faire_text|caracteristics_text,3,,https://www.diptyque-cn.com/p/deco-deco01648-pdp.html
DECODECO01649::白色金字塔陶瓷烛台,白色金字塔陶瓷烛台,艺术家居,烛台,1,none,,none,,none,,candidate,装饰,,none,,,none,,,none,,,none,,direct,素瓷,caracteristics_text,direct,savoir_faire_text,direct,4,pdp_short_description|pdp_long_description|savoir_faire_text|caracteristics_text,3,,https://www.diptyque-cn.com/p/deco-deco01649-pdp.html
DECODECO01651::竖纹玻璃烛罩配白色椭圆托盘,竖纹玻璃烛罩配白色椭圆托盘,艺术家居,烛罩,1,none,,none,,none,,candidate,蜡烛养护,,none,,,none,,,direct,无人照看警示|清洁方法,usage_tips_text,none,,direct,高硼硅玻璃钟形罩和素瓷托盘,caracteristics_text,direct,savoir_faire_text,direct,6,pdp_short_description|pdp_long_description|description_text|usage_tips_text|savoir_faire_text|caracteristics_text,4,,https://www.diptyque-cn.com/p/deco01651-pdp.html
DECODECO01694::松林色陶瓷线香盒（限量版）,松林色陶瓷线香盒（限量版）,艺术家居,线香盒,1,none,,none,,none,,direct,装饰,pdp_short_description,none,,,none,,,direct,无人照看警示|清洁方法,usage_tips_text,none,,direct,釉面瓷,caracteristics_text,direct,savoir_faire_text,none,6,pdp_short_description|pdp_long_description|description_text|usage_tips_text|savoir_faire_text|caracteristics_text,4,,https://www.diptyque-cn.com/p/deco-deco01694-1.html
DECOOFFICE01::笔记本补充册,笔记本补充册,文创,笔记本,1,none,,none,,none,,none,,,none,,,none,,,none,,,none,,direct,纸张,caracteristics_text,none,,none,4,pdp_short_description|pdp_long_description|usage_tips_text|caracteristics_text,1,usage_text_requires_instruction_review,https://www.diptyque-cn.com/p/refill-for-notebook.html
DECOOFFICE02::椭圆印花笔记本,椭圆印花笔记本,文创,笔记本,1,none,,none,,none,,none,,,none,,,none,,,none,,,none,,direct,纸张,caracteristics_text,none,,none,3,pdp_short_description|pdp_long_description|caracteristics_text,1,,https://www.diptyque-cn.com/p/dancing-ovals-notebook.html
DECOOFFICE03::天鹅印花笔记本,天鹅印花笔记本,文创,笔记本,1,none,,none,,none,,none,,,none,,,none,,,none,,,none,,direct,纸张,caracteristics_text,none,,none,3,pdp_short_description|pdp_long_description|caracteristics_text,1,,https://www.diptyque-cn.com/p/swan-interlacing-notebook.html
DECOOFFICE04::菱纹印花笔记本,菱纹印花笔记本,文创,笔记本,1,none,,none,,none,,none,,,none,,,none,,,none,,,none,,direct,纸张,caracteristics_text,none,,none,3,pdp_short_description|pdp_long_description|caracteristics_text,1,,https://www.diptyque-cn.com/p/diamonds-in-graphite-notebook.html
DECOOFFICE05::酒神印花笔记本,酒神印花笔记本,文创,笔记本,1,none,,none,,none,,none,,,none,,,none,,,none,,,none,,direct,纸张,caracteristics_text,none,,none,3,pdp_short_description|pdp_long_description|caracteristics_text,1,,https://www.diptyque-cn.com/p/garden-of-thiasus-notebook.html
DECOOFFICE06::花园印花笔记本,花园印花笔记本,文创,笔记本,1,none,,none,,none,,none,,,none,,,none,,,none,,,none,,direct,纸张,caracteristics_text,none,,none,3,pdp_short_description|pdp_long_description|caracteristics_text,1,,https://www.diptyque-cn.com/p/peacock-and-plume-notebook.html
DECOPAINT01617::水墨画陶瓷托盘,水墨画陶瓷托盘,艺术家居,托盘,1,none,,none,,none,,candidate,装饰,,none,,,direct,营造氛围,pdp_long_description,direct,清洁方法,caracteristics_text,none,,candidate,陶瓷,,none,,direct,3,pdp_short_description|pdp_long_description|caracteristics_text,3,,https://www.diptyque-cn.com/p/deco01617-home-fragrance-diffuser-refill.html
DECOPOUCH01::飨宴收纳包,飨宴收纳包,艺术家居,收纳包,2,none,,none,,none,,none,,,none,,,direct,随身携带,pdp_short_description,none,,,direct,story_text,direct,100%纯棉，防水防污内衬,caracteristics_text,none,,none,5,pdp_short_description|pdp_long_description|usage_tips_text|story_text|caracteristics_text,3,usage_text_requires_instruction_review,https://www.diptyque-cn.com/p/pochette-le-s.html
DECOPOUCH02::绿植收纳包,绿植收纳包,艺术家居,收纳包,2,none,,none,,none,,none,,,none,,,direct,随身携带,pdp_short_description,none,,,direct,story_text,direct,100%纯棉，防水防污内衬,caracteristics_text,none,,none,5,pdp_short_description|pdp_long_description|usage_tips_text|story_text|caracteristics_text,3,usage_text_requires_instruction_review,https://www.diptyque-cn.com/p/pochette-plantes-s.html
DECOPOUCH03::玫瑰收纳包,玫瑰收纳包,艺术家居,收纳包,2,none,,none,,none,,none,,,none,,,direct,随身携带,pdp_short_description,none,,,direct,story_text,direct,100%纯棉，防水防污内衬,caracteristics_text,none,,none,5,pdp_short_description|pdp_long_description|usage_tips_text|story_text|caracteristics_text,3,usage_text_requires_instruction_review,https://www.diptyque-cn.com/p/pochette-rose-s.html
DECORATIONBZHOLDLENS::螺旋玻璃烛罩,螺旋玻璃烛罩,艺术家居,烛罩,1,none,,none,,none,,candidate,蜡烛养护,,none,,,none,,,direct,清洁方法,usage_tips_text,none,,direct,玻璃,caracteristics_text,direct,savoir_faire_text,direct,3,usage_tips_text|savoir_faire_text|caracteristics_text,4,,https://www.diptyque-cn.com/p/fresnel-candle-holder.html
DECOTABLE01::托盘S多米诺,托盘S-多米诺,艺术家居,托盘,1,none,,none,,none,,candidate,装饰,,none,,,none,,,direct,清洁方法,usage_tips_text,none,,direct,陶瓷,caracteristics_text,direct,savoir_faire_text,none,5,pdp_short_description|pdp_long_description|usage_tips_text|savoir_faire_text|caracteristics_text,3,,https://www.diptyque-cn.com/p/domino-tray-small-model-deco00784.html
DECOTABLE02::托盘M飘带,托盘M-飘带,艺术家居,托盘,1,none,,none,,none,,candidate,装饰,,none,,,none,,,direct,清洁方法,usage_tips_text,none,,direct,陶瓷,caracteristics_text,direct,savoir_faire_text,none,5,pdp_short_description|pdp_long_description|usage_tips_text|savoir_faire_text|caracteristics_text,3,,https://www.diptyque-cn.com/p/ribbons-tray-medium-model-deco00785.html
DECOTABLE09::风景画陶瓷托盘无花果,风景画陶瓷托盘-无花果,艺术家居,托盘,1,none,,none,,none,,candidate,装饰,,direct,旅行,pdp_long_description,none,,,direct,清洁方法,usage_tips_text,direct,story_text,direct,陶瓷,caracteristics_text,none,,none,5,pdp_short_description|pdp_long_description|usage_tips_text|story_text|caracteristics_text,4,,https://www.diptyque-cn.com/p/panoramic-tray-philosykos.html
DECOTABLE10::风景画陶瓷托盘杜桑,风景画陶瓷托盘-杜桑,艺术家居,托盘,1,none,,none,,none,,candidate,装饰,,direct,旅行,pdp_long_description,none,,,direct,清洁方法,usage_tips_text,direct,story_text,direct,陶瓷,caracteristics_text,none,,none,5,pdp_short_description|pdp_long_description|usage_tips_text|story_text|caracteristics_text,4,,https://www.diptyque-cn.com/p/panoramic-tray-do-son.html
DECOTABLE11::风景画陶瓷托盘玫瑰,风景画陶瓷托盘-玫瑰,艺术家居,托盘,1,none,,none,,none,,candidate,装饰,,none,,,none,,,direct,清洁方法,usage_tips_text,direct,story_text,direct,陶瓷,caracteristics_text,none,,none,5,pdp_short_description|pdp_long_description|usage_tips_text|story_text|caracteristics_text,3,,https://www.diptyque-cn.com/p/panoramic-tray-rose.html
DECOVASE01587::全曲线高脚玻璃花瓶,全曲线高脚玻璃花瓶,艺术家居,花瓶,1,none,,none,,none,,candidate,装饰,,none,,,none,,,direct,清洁方法,usage_tips_text,none,,candidate,玻璃,,none,,none,3,pdp_short_description|pdp_long_description|usage_tips_text,1,long_description_semantics_untyped,https://www.diptyque-cn.com/p/torsade-vase.html
DECOVASE01606::苦橙色蜡质花瓶L,苦橙色蜡质花瓶 L,艺术家居,花瓶,1,none,,none,,none,,candidate,装饰,,direct,餐桌,story_text,none,,,direct,清洁方法,usage_tips_text,direct,story_text,direct,蜡，陶瓷,caracteristics_text,none,,none,5,pdp_short_description|pdp_long_description|usage_tips_text|story_text|caracteristics_text,4,,https://www.diptyque-cn.com/p/large-wax-vase-orange.html
DECOVIDE-POCHE::托盘L巴西莱,托盘L-巴西莱,艺术家居,托盘,1,none,,none,,none,,candidate,装饰,,none,,,none,,,direct,清洁方法,usage_tips_text,none,,direct,陶瓷,caracteristics_text,direct,savoir_faire_text,none,5,pdp_short_description|pdp_long_description|usage_tips_text|savoir_faire_text|caracteristics_text,3,,https://www.diptyque-cn.com/p/basile-tray-large-model-deco00786.html
DECOWHITE01::白色蜡质花瓶S,白色蜡质花瓶 S,艺术家居,花瓶,1,none,,none,,none,,candidate,装饰,,none,,,none,,,direct,清洁方法,usage_tips_text,none,,direct,蜡，陶瓷,caracteristics_text,direct,savoir_faire_text,none,5,pdp_short_description|pdp_long_description|usage_tips_text|savoir_faire_text|caracteristics_text,3,,https://www.diptyque-cn.com/p/small-wax-vase.html
DECOWHITE02::白色蜡质花瓶L,白色蜡质花瓶 L,艺术家居,花瓶,1,none,,none,,none,,candidate,装饰,,none,,,none,,,direct,清洁方法,usage_tips_text,none,,direct,蜡，陶瓷,caracteristics_text,direct,savoir_faire_text,none,5,pdp_short_description|pdp_long_description|usage_tips_text|savoir_faire_text|caracteristics_text,3,,https://www.diptyque-cn.com/p/large-wax-vase-manulena-deco00713.html
DIPDECO01436::千面光影镜面烛台,千面光影镜面烛台,艺术家居,烛台,1,none,,none,,none,,candidate,装饰,,none,,,none,,,direct,清洁方法,usage_tips_text,none,,direct,黄铜镜面，矿物质底座,caracteristics_text,none,,direct,4,pdp_short_description|pdp_long_description|usage_tips_text|caracteristics_text,3,,https://www.diptyque-cn.com/p/flames-reflecting-candle-stand.html
DIPXM25DECO01647::融蜡造型烛台,融蜡造型烛台,艺术家居,烛台,1,none,,none,,none,,candidate,装饰,,none,,,none,,,direct,清洁方法,usage_tips_text,direct,story_text,direct,釉面陶瓷,caracteristics_text,none,,direct,5,pdp_short_description|pdp_long_description|usage_tips_text|story_text|caracteristics_text,4,,https://www.diptyque-cn.com/p/holiday-shell-stand-for-candles.html
DIPXM25LARGEEDPFL::典藏版肌肤之花淡香精,典藏版肌肤之花淡香精,个人香氛,淡香精,1,candidate,肌肤之花,direct,粉红胡椒|鸢尾|麝香|黄葵,none,,candidate,留香,,none,,,none,,,none,,,direct,story_text,none,,,none,,none,3,pdp_short_description|pdp_long_description|story_text,2,scent_identity_name_only,https://www.diptyque-cn.com/p/fleur-de-peau-eau-de-parfum-200ml-holiday.html
DIPXM25LARGEEDPOR::典藏版奥费恩淡香精,典藏版奥费恩淡香精,个人香氛,淡香精,1,direct,奥费恩,direct,杜松子|茉莉|雪松|零陵香豆,none,,candidate,留香,,none,,,none,,,none,,,direct,story_text,none,,,none,,none,3,pdp_short_description|pdp_long_description|story_text,3,,https://www.diptyque-cn.com/p/orpheon-eau-de-parfum-200ml-holiday.html
DRGCERAMWOOL2::雪松木衣物香氛陶瓷补充装,雪松木衣物香氛陶瓷补充装,家居香氛,室内香氛,1,none,,none,,none,,candidate,扩香,,none,,,none,,,none,,,direct,story_text,none,,,none,,none,3,pdp_short_description|pdp_long_description|story_text,1,,https://www.diptyque-cn.com/p/refill-ceramic-for-wool-and-delicate-textiles-with-cedarwood.html
Dip2022102026::星座玻璃烛罩,星座玻璃烛罩,艺术家居,烛罩,1,none,,none,,none,,candidate,蜡烛养护,,none,,,none,,,direct,清洁方法,usage_tips_text,none,,direct,玻璃,caracteristics_text,none,,direct,4,pdp_short_description|pdp_long_description|usage_tips_text|caracteristics_text,3,,https://www.diptyque-cn.com/p/constellation-candle-holder-decov21068.html
Dip2022102027::字母金属烛罩,字母金属烛罩,艺术家居,烛罩,1,none,,none,,none,,candidate,蜡烛养护,,none,,,none,,,direct,清洁方法,usage_tips_text,none,,direct,金属,caracteristics_text,none,,direct,4,pdp_short_description|pdp_long_description|usage_tips_text|caracteristics_text,3,,https://www.diptyque-cn.com/p/alphabet-candle-holder-deco01069.html
Dip2022102028::金字塔玻璃烛罩,金字塔玻璃烛罩,艺术家居,烛罩,1,none,,none,,none,,candidate,蜡烛养护,,none,,,direct,营造氛围,pdp_long_description,direct,清洁方法,usage_tips_text,none,,direct,硼硅玻璃,caracteristics_text,direct,savoir_faire_text,direct,5,pdp_short_description|pdp_long_description|usage_tips_text|savoir_faire_text|caracteristics_text,5,,https://www.diptyque-cn.com/p/gold-pyramid-candle-holder-deco01070.html
Dip2023DECO01305::金色融蜡陶瓷烛罩,金色融蜡陶瓷烛罩,艺术家居,烛罩,1,none,,none,,none,,candidate,蜡烛养护,,none,,,none,,,direct,清洁方法,usage_tips_text,none,,direct,利摩日陶瓷,caracteristics_text,direct,savoir_faire_text,direct,5,pdp_short_description|pdp_long_description|usage_tips_text|savoir_faire_text|caracteristics_text,4,,https://www.diptyque-cn.com/p/gold-melted-wax-candle-holder-for-classic-candle-deco01305.html
EDP34BEDP75::圣日尔曼大道34号淡香精,圣日尔曼大道34号淡香精,个人香氛,淡香精,1,direct,圣日尔曼大道34号,direct,檀香|粉红胡椒|香草,none,,candidate,留香,,none,,,none,,,none,,,none,,none,,,none,,none,2,pdp_short_description|pdp_long_description,2,long_description_semantics_untyped,https://www.diptyque-cn.com/p/34-boulevard-saint-germain-eau-de-parfum-1.html
EDPBOHEMEP75C::波西米亚安息香淡香精,波西米亚安息香淡香精,个人香氛,淡香精,1,none,,direct,安息香|岩蔷薇|广藿香|秘鲁香脂,none,,candidate,留香,,none,,,none,,,none,,,direct,story_text,none,,,none,,none,3,pdp_short_description|pdp_long_description|story_text,2,,https://www.diptyque-cn.com/p/benjoin-boheme-eau-de-parfum.html
EDPBOISCOR100::暖木之息淡香精,暖木之息淡香精,个人香氛,淡香精,1,direct,大千之蕴,direct,檀香|阿拉比卡咖啡|香豆,none,,candidate,留香,,none,,,none,,,none,,,direct,story_text,none,,,none,,none,3,pdp_short_description|pdp_long_description|story_text,3,,https://www.diptyque-cn.com/p/bois-corse-de-parfum-100ml.html
EDPCAPITAP75C::巴黎之水淡香精,巴黎之水淡香精,个人香氛,淡香精,1,direct,巴黎之水,direct,佛手柑|广藿香|玫瑰|玫瑰浆果,none,,candidate,留香,,none,,,none,,,none,,,none,,none,,,none,,none,2,pdp_short_description|pdp_long_description,2,long_description_semantics_untyped,https://www.diptyque-cn.com/p/eau-capitale-eau-de-parfum-1.html
EDPCOFPARFPMINI::大千之蕴淡香精系列体验套装,大千之蕴淡香精系列体验套装,个人香氛,礼盒,1,direct,大千之蕴,none,,none,,none,,,none,,,none,,,none,,,direct,story_text,none,,,none,,none,3,pdp_short_description|pdp_long_description|story_text,2,,https://www.diptyque-cn.com/p/set-of-5-les-essences-de-parfum.html
EDPCORAIL100::暗影珊瑚淡香精,暗影珊瑚淡香精,个人香氛,淡香精,1,direct,大千之蕴,direct,波旁玫瑰,direct,柑橘,candidate,留香,,none,,,none,,,none,,,direct,story_text,none,,,none,,none,3,pdp_short_description|pdp_long_description|story_text,4,,https://www.diptyque-cn.com/p/corail-oscuro-de-parfum-100ml.html
EDPDOSONP75C::杜桑淡香精,杜桑淡香精,个人香氛,淡香精,1,direct,杜桑,direct,晚香玉|橙花|茉莉|龙涎香,none,,candidate,留香,,none,,,none,,,none,,,none,,none,,,none,,none,2,pdp_short_description|pdp_long_description,2,long_description_semantics_untyped,https://www.diptyque-cn.com/p/do-son-eau-de-parfum-75ml-1.html
EDPDUELLEP75C::杜耶尔淡香精,杜耶尔淡香精,个人香氛,淡香精,1,none,,direct,焚香|粉红胡椒|莎草油|香草,none,,candidate,留香,,direct,旅行,pdp_short_description,none,,,none,,,none,,none,,,none,,none,2,pdp_short_description|pdp_long_description,2,,https://www.diptyque-cn.com/p/eau-duelle-eau-de-parfum-75ml-1.html
EDPFLEURP75C::肌肤之花淡香精,肌肤之花淡香精,个人香氛,淡香精,1,candidate,肌肤之花,direct,粉红胡椒|鸢尾|麝香|黄葵籽,none,,candidate,留香,,none,,,none,,,none,,,none,,none,,,none,,none,2,pdp_short_description|pdp_long_description,1,long_description_semantics_untyped|scent_identity_name_only,https://www.diptyque-cn.com/p/fleur-de-peau-eau-de-parfum-1.html
EDPLILYPHEA100::睡莲悠悠淡香精,睡莲悠悠淡香精,个人香氛,淡香精,1,direct,大千之蕴,direct,小豆蔻|紫罗兰叶|香草,none,,candidate,留香,,none,,,none,,,none,,,direct,story_text,none,,,none,,none,3,pdp_short_description|pdp_long_description|story_text,3,,https://www.diptyque-cn.com/p/lilyphea-de-parfum-100ml.html
EDPLUNAMAR100::潮汐月影淡香精,潮汐月影淡香精,个人香氛,淡香精,1,direct,大千之蕴,direct,乳香|岩蔷薇|粉红胡椒,none,,candidate,留香,,none,,,none,,,none,,,direct,story_text,none,,,none,,none,3,pdp_short_description|pdp_long_description|story_text,3,,https://www.diptyque-cn.com/p/lunamaris-de-parfum-100ml.html
EDPMEASTP75C::旅行之水淡香精,旅行之水淡香精,个人香氛,淡香精,1,none,,direct,皮革|覆盆子|阿特拉斯雪松|鸢尾,none,,candidate,留香,,direct,旅行,pdp_short_description|story_text,none,,,none,,,direct,story_text,none,,,none,,none,3,pdp_short_description|pdp_long_description|story_text,3,,https://www.diptyque-cn.com/p/eau-rihla-eau-de-parfum-75ml.html
EDPMINTP75C::曼特淡香精,曼特淡香精,个人香氛,淡香精,1,none,,direct,天竺葵|广藿香|玫瑰醚|薄荷,none,,candidate,留香,,none,,,none,,,none,,,none,,none,,,none,,none,2,pdp_short_description|pdp_long_description,1,long_description_semantics_untyped,https://www.diptyque-cn.com/p/eau-de-parfum-eau-de-minthe-2.html
EDPNABATIP75C::天堂花园之水淡香精,天堂花园之水淡香精,个人香氛,淡香精,1,none,,direct,佛手柑|永生花|秘鲁香脂|苦橙叶,none,,candidate,留香,,none,,,none,,,none,,,direct,story_text,none,,,none,,none,3,pdp_short_description|pdp_long_description|story_text,2,,https://www.diptyque-cn.com/p/eau-nabati-eau-de-parfum-75ml.html
EDPOMBREP75C::影中之水淡香精,影中之水 - 淡香精,个人香氛,淡香精,1,direct,影中之水,direct,大马士革玫瑰|苦橙叶|黑醋栗叶|黑醋栗花蕾,none,,candidate,留香,,none,,,none,,,none,,,none,,none,,,none,,none,2,pdp_short_description|pdp_long_description,2,long_description_semantics_untyped,https://www.diptyque-cn.com/p/l-ombre-dans-l-eau-eau-de-parfum-75ml-1.html
EDPOUDP75C::帕劳乌木香调淡香精,帕劳乌木香调淡香精,个人香氛,淡香精,1,none,,none,,none,,candidate,留香,,none,,,none,,,none,,,direct,story_text,none,,,none,,none,3,pdp_short_description|pdp_long_description|story_text,1,formula_present_without_note_evidence,https://www.diptyque-cn.com/p/oud-palao-eau-de-parfum-75ml-1.html
EDPPHILOP75C::希腊无花果香调淡香精,希腊无花果香调淡香精,个人香氛,淡香精,1,direct,希腊无花果,direct,无花果叶|无花果木|无花果树汁|黑胡椒,none,,candidate,留香,,none,,,none,,,none,,,none,,none,,,none,,none,2,pdp_short_description|pdp_long_description,2,long_description_semantics_untyped,https://www.diptyque-cn.com/p/philosykos-eau-de-parfum-75ml-1.html
EDPPREM06100::宝石之眼淡香精,宝石之眼淡香精,个人香氛,淡香精,1,direct,大千之蕴,direct,琥珀木质香,none,,candidate,留香,,none,,,none,,,none,,,direct,story_text,none,,,none,,none,3,pdp_short_description|pdp_long_description|story_text,3,,https://www.diptyque-cn.com/p/premo6100-de-parfum-100ml.html
EDPROSEP75C::玫瑰香调淡香精,玫瑰香调淡香精,个人香氛,淡香精,1,direct,玫瑰香调,direct,大马士革及千叶玫瑰|洋甘菊|洋蓟|荔枝,none,,candidate,留香,,none,,,none,,,none,,,none,,none,,,none,,none,2,pdp_short_description|pdp_long_description,2,long_description_semantics_untyped,https://www.diptyque-cn.com/p/eau-de-parfum-eau-rose-75ml.html
EDPROSEROC100::沙漠玫瑰淡香精,沙漠玫瑰淡香精,个人香氛,淡香精,1,direct,大千之蕴,direct,千叶玫瑰|广藿香|柠檬,none,,candidate,留香,,none,,,none,,,none,,,direct,story_text,none,,,none,,none,3,pdp_short_description|pdp_long_description|story_text,3,,https://www.diptyque-cn.com/p/rose-roche-de-parfum-100ml.html
EDPTAMDAOP75C::谭道淡香精,谭道淡香精,个人香氛,淡香精,1,direct,谭道,direct,柏树|檀香|雪松|香菜,none,,candidate,留香,,none,,,none,,,none,,,none,,none,,,none,,none,2,pdp_short_description|pdp_long_description,2,long_description_semantics_untyped,https://www.diptyque-cn.com/p/tam-dao-eau-de-parfum-75ml-1.html
EDPTEMPOP75C::旋律淡香精,旋律淡香精,个人香氛,淡香精,1,none,,direct,广藿香|紫罗兰叶|马黛茶|鼠尾草,none,,candidate,留香,,none,,,none,,,none,,,direct,story_text,none,,,none,,none,3,pdp_short_description|pdp_long_description|story_text,2,,https://www.diptyque-cn.com/p/tempo-eau-de-parfum-1.html
EDPVETYP75C::维堤里欧淡香精,维堤里欧淡香精,个人香氛,淡香精,1,none,,direct,土耳其玫瑰|海地香根草|爪哇香根草|葡萄柚,none,,candidate,留香,,none,,,none,,,none,,,direct,story_text,none,,,none,,none,3,pdp_short_description|pdp_long_description|story_text,2,,https://www.diptyque-cn.com/p/vetyverio-eau-de-parfum-75ml-1.html
EDPVOLUTEP75C::维路德淡香精,维路德淡香精,个人香氛,淡香精,1,none,,direct,红没药|肉桂|蜂蜜,none,,candidate,留香,,none,,,none,,,none,,,direct,story_text,none,,,none,,none,3,pdp_short_description|pdp_long_description|story_text,2,,https://www.diptyque-cn.com/p/eau-de-parfum-volutes-2.html
EDT34B::圣日尔曼大道34号淡香水,圣日尔曼大道34号淡香水,个人香氛,淡香水,1,direct,圣日尔曼大道34号,direct,玫瑰|琥珀|肉桂|黑醋栗花蕾,none,,candidate,留香,,none,,,none,,,none,,,none,,none,,,none,,none,2,pdp_short_description|pdp_long_description,2,long_description_semantics_untyped,https://www.diptyque-cn.com/p/34-boulevard-st-germain-eau-de-toilette-1.html
EDTAUTRE100V1::别样淡香水,别样淡香水,个人香氛,淡香水,1,none,,direct,小茴香|肉豆蔻|香芹籽|鼠尾草,none,,direct,留香,pdp_long_description|story_text,none,,,none,,,none,,,direct,story_text,none,,,none,,none,3,pdp_short_description|pdp_long_description|story_text,3,,https://www.diptyque-cn.com/p/eau-de-toilette-lautre-1.html
EDTDOSON::杜桑淡香水,杜桑淡香水,个人香氛,淡香水,2,direct,杜桑,direct,晚香玉|橙花|茉莉,direct,海洋香调,direct,扩香,story_text,none,,,none,,,none,,,direct,story_text,none,,,none,,none,3,pdp_short_description|pdp_long_description|story_text,5,,https://www.diptyque-cn.com/p/do-son-eau-de-toilette-1.html
EDTDUELLE::杜耶尔淡香水,杜耶尔淡香水,个人香氛,淡香水,2,none,,direct,粉红胡椒|莎草油|菖蒲|香草,none,,candidate,留香,,direct,旅行,story_text,none,,,none,,,direct,story_text,none,,,none,,none,3,pdp_short_description|pdp_long_description|story_text,3,,https://www.diptyque-cn.com/p/eau-de-toilette-eau-duelle-50ml-1.html
EDTEAU100V1::永恒之水淡香水,永恒之水淡香水,个人香氛,淡香水,1,none,,direct,丁香|天竺葵|生姜|肉桂,none,,candidate,留香,,none,,,none,,,none,,,direct,story_text,none,,,none,,none,3,pdp_short_description|pdp_long_description|story_text,2,,https://www.diptyque-cn.com/p/l-eau-eau-de-toilette-1.html
EDTFLEUR::肌肤之花淡香水,肌肤之花淡香水,个人香氛,淡香水,2,candidate,肌肤之花,direct,玉兰|鸢尾|麝香,none,,candidate,留香,,none,,,none,,,none,,,none,,none,,,none,,none,2,pdp_short_description|pdp_long_description,1,long_description_semantics_untyped|scent_identity_name_only,https://www.diptyque-cn.com/p/fleur-de-peau-eau-de-toilette-100ml-1.html
EDTGERA100V1::天竺葵香调淡香水,天竺葵香调淡香水,个人香氛,淡香水,1,none,,direct,天竺葵|小豆蔻|零陵香豆|香根草,none,,candidate,留香,,none,,,none,,,none,,,direct,story_text,none,,,none,,none,3,pdp_short_description|pdp_long_description|story_text,2,,https://www.diptyque-cn.com/p/eau-de-toilette-geranium-odorata-102.html
EDTHESP100V1::海丝佩拉蒂淡香水,海丝佩拉蒂淡香水,个人香氛,淡香水,1,none,,direct,柠檬|永生花|苦橙|薄荷,none,,candidate,留香,,none,,,none,,,none,,,direct,story_text,none,,,none,,none,3,pdp_short_description|pdp_long_description|story_text,2,,https://www.diptyque-cn.com/p/eau-de-toilette-eau-des-hesperides-1.html
EDTLENTE100V1::沉静之水淡香水,沉静之水淡香水,个人香氛,淡香水,1,none,,direct,红柑|红没药|肉桂|雪松,none,,candidate,留香,,none,,,direct,放松,pdp_long_description|story_text,none,,,direct,story_text,none,,,none,,none,3,pdp_short_description|pdp_long_description|story_text,3,,https://www.diptyque-cn.com/p/eau-de-toilette-eau-lente-1.html
EDTLIERRE::利埃尔淡香水,利埃尔淡香水,个人香氛,淡香水,1,none,,direct,仙客来|白松香|粉红胡椒|紫檀木,none,,direct,留香,pdp_long_description|story_text,none,,,none,,,none,,,direct,story_text,none,,,none,,none,3,pdp_short_description|pdp_long_description|story_text,3,,https://www.diptyque-cn.com/p/eau-de-lierre-eau-de-toilette-2021.html
EDTMOHE100V1::依兰香调淡香水,依兰香调淡香水,个人香氛,淡香水,1,none,,direct,依兰|姜|粉红胡椒|香根草,none,,candidate,留香,,none,,,none,,,none,,,direct,story_text,none,,,none,,none,3,pdp_short_description|pdp_long_description|story_text,2,,https://www.diptyque-cn.com/p/eau-de-toilette-eau-moheli-101.html
EDTNERO100V1::橙花香调淡香水,橙花香调淡香水,个人香氛,淡香水,1,candidate,橙花,direct,佛手柑|橙花|苦橙花|蜂蜡,none,,candidate,留香,,none,,,none,,,none,,,direct,story_text,none,,,none,,none,3,pdp_short_description|pdp_long_description|story_text,2,scent_identity_name_only,https://www.diptyque-cn.com/p/eau-de-toilette-eau-de-neroli-1.html
EDTOFRESIA100V1::小苍兰香调淡香水,小苍兰香调淡香水,个人香氛,淡香水,1,none,,direct,康乃馨|愈创木|白小苍兰|黑胡椒,none,,direct,留香,pdp_short_description,none,,,none,,,none,,,none,,none,,,none,,none,2,pdp_short_description|pdp_long_description,2,,https://www.diptyque-cn.com/p/eau-de-toilette-ofresia-1.html
EDTOLENE::奥利恩淡香水,奥利恩淡香水,个人香氛,淡香水,2,none,,direct,水仙|紫藤|茉莉|金银花,none,,candidate,留香,,none,,,none,,,none,,,direct,story_text,none,,,none,,none,3,pdp_short_description|pdp_long_description|story_text,2,,https://www.diptyque-cn.com/p/olene-eau-de-toilette-100ml-1.html
EDTOMBRE::影中之水淡香水,影中之水 - 淡香水,个人香氛,淡香水,2,direct,影中之水,direct,大马士革玫瑰|苦橙叶|黑醋栗叶|黑醋栗花蕾,none,,candidate,留香,,none,,,none,,,none,,,direct,story_text,none,,,none,,none,3,pdp_short_description|pdp_long_description|story_text,3,,https://www.diptyque-cn.com/p/l-ombre-dans-l-eau-eau-de-toilette-1.html
EDTORPHEDT100::奥费恩淡香水,奥费恩淡香水,个人香氛,淡香水,1,direct,奥费恩,direct,杜松子|雪松|青橘,none,,candidate,留香,,none,,,none,,,none,,,none,,none,,,none,,none,2,pdp_short_description|pdp_long_description,2,long_description_semantics_untyped,https://www.diptyque-cn.com/p/orpheon-eau-de-toilette-100ml.html
EDTOYEDO::东京淡香水,东京淡香水,个人香氛,淡香水,2,none,,direct,柚子|百里香|覆盆子|青柑,none,,candidate,留香,,none,,,none,,,none,,,direct,story_text,none,,,none,,none,3,pdp_short_description|pdp_long_description|story_text,2,,https://www.diptyque-cn.com/p/oyedo-eau-de-toilette-1.html
EDTPAPIER::纸上淡香水,纸上淡香水,个人香氛,淡香水,2,direct,纸上,direct,含羞草|白麝香,none,,candidate,留香,,none,,,none,,,none,,,direct,story_text,none,,,none,,none,3,pdp_short_description|pdp_long_description|story_text,3,,https://www.diptyque-cn.com/p/eau-papier-eau-de-toilette-100ml.html
EDTPHILO::希腊无花果香调淡香水,希腊无花果香调淡香水,个人香氛,淡香水,2,direct,希腊无花果,none,,direct,木质香调,candidate,留香,,direct,旅行,story_text,none,,,none,,,direct,story_text,none,,,none,,none,3,pdp_short_description|pdp_long_description|story_text,4,formula_present_without_note_evidence,https://www.diptyque-cn.com/p/eau-de-toilette-philosykos-100ml-1.html
EDTROSE::玫瑰香调淡香水,玫瑰香调淡香水,个人香氛,淡香水,2,direct,玫瑰香调,direct,千叶玫瑰|大马士革玫瑰|龙涎香,none,,candidate,留香,,none,,,none,,,none,,,direct,story_text,none,,,none,,none,3,pdp_short_description|pdp_long_description|story_text,3,,https://www.diptyque-cn.com/p/eau-de-toilette-eau-rose-102.html
EDTSENS::感官之水淡香水,感官之水淡香水,个人香氛,淡香水,2,direct,感官之水,direct,广藿香|当归根|杜松子|橙花,none,,direct,留香,story_text,none,,,none,,,none,,,direct,story_text,none,,,none,,none,3,pdp_short_description|pdp_long_description|story_text,4,,https://www.diptyque-cn.com/p/eau-de-toilette-eau-des-sens-100ml-1.html
EDTSET5::淡香水礼盒五支装,淡香水礼盒五支装,个人香氛,淡香水礼盒,1,none,,none,,none,,candidate,留香,,none,,,none,,,none,,,direct,story_text,none,,,none,,none,3,pdp_short_description|pdp_long_description|story_text,1,formula_present_without_note_evidence,https://www.diptyque-cn.com/p/discovery-set-of-5-eaux-de-toilette-1.html
EDTSUM26SENS100::感官之水淡香水（限量版）,感官之水淡香水（限量版）,个人香氛,淡香水,1,candidate,感官之水,none,,direct,果香调,candidate,留香,,none,,,none,,,none,,,none,,none,,,none,,none,3,pdp_short_description|pdp_long_description|description_text,1,formula_present_without_note_evidence|long_description_semantics_untyped|scent_identity_name_only,https://www.diptyque-cn.com/p/eau-de-toilette-eau-des-sum26sens-100ml-1.html
EDTTAMDAO::谭道淡香水,谭道淡香水,个人香氛,淡香水,2,direct,谭道,direct,柏树|檀香|雪松|香桃木,none,,candidate,留香,,none,,,none,,,none,,,direct,story_text,none,,,none,,none,3,pdp_short_description|pdp_long_description|story_text,3,,https://www.diptyque-cn.com/p/tam-dao-eau-de-toilette-1.html
EDTTROIS100V1::三重水淡香水,三重水淡香水,个人香氛,淡香水,1,none,,direct,岩玫瑰|没药|焚香|迷迭香,none,,candidate,留香,,none,,,none,,,none,,,direct,story_text,none,,,candidate,savoir_faire_text,none,4,pdp_short_description|pdp_long_description|story_text|savoir_faire_text,2,craft_copy_outside_physical_family|cross_family_duplicate_craft_copy,https://www.diptyque-cn.com/p/edt-trois-fl-101.html
EDTVETY::维堤里欧淡香水,维堤里欧淡香水,个人香氛,淡香水,2,none,,direct,土耳其玫瑰|海地香根草|爪哇香根草|葡萄柚,none,,candidate,留香,,none,,,none,,,none,,,direct,story_text,none,,,none,,none,3,pdp_short_description|pdp_long_description|story_text,2,,https://www.diptyque-cn.com/p/edt-ml-101.html
HAIRMIST1::巴黎之水发香喷雾,巴黎之水发香喷雾,个人香氛,发香喷雾,1,direct,巴黎之水,direct,佛手柑|广藿香|玫瑰,none,,candidate,留香,,none,,,none,,,none,,,direct,story_text,none,,,none,,none,5,pdp_short_description|pdp_long_description|usage_tips_text|story_text|formule_text,3,usage_text_requires_instruction_review,https://www.diptyque-cn.com/p/eau-capitale-hair-mist.html
HAIRMIST2::感官之水发香喷雾,感官之水发香喷雾,个人香氛,发香喷雾,1,direct,感官之水,direct,广藿香|当归根|杜松子|橙花,none,,candidate,留香,,none,,,none,,,none,,,none,,none,,,none,,none,4,pdp_short_description|pdp_long_description|usage_tips_text|formule_text,2,long_description_semantics_untyped|usage_text_requires_instruction_review,https://www.diptyque-cn.com/p/eau-des-sens-hair-mist-1.html
HAIRMIST3::玫瑰香调发香喷雾,玫瑰香调发香喷雾,个人香氛,发香喷雾,1,direct,玫瑰香调,direct,千叶玫瑰|大马士革玫瑰,none,,candidate,留香,,none,,,none,,,none,,,none,,none,,,none,,none,4,pdp_short_description|pdp_long_description|usage_tips_text|formule_text,2,long_description_semantics_untyped|usage_text_requires_instruction_review,https://www.diptyque-cn.com/p/parfum-pour-les-cheveux-eau-rose-1.html
HAIRMIST4::杜桑发香喷雾,杜桑发香喷雾,个人香氛,发香喷雾,1,direct,杜桑,direct,晚香玉|橙花|茉莉,direct,海洋香调,candidate,留香,,none,,,none,,,none,,,none,,none,,,none,,none,4,pdp_short_description|pdp_long_description|usage_tips_text|formule_text,3,long_description_semantics_untyped|usage_text_requires_instruction_review,https://www.diptyque-cn.com/p/do-son-hair-mist-1.html
HAIRMIST6::纸上发香喷雾,纸上发香喷雾,个人香氛,发香喷雾,1,direct,纸上,direct,含羞草|白麝香,none,,candidate,留香,,none,,,direct,随身携带,pdp_long_description,none,,,direct,story_text,none,,,none,,none,5,pdp_short_description|pdp_long_description|usage_tips_text|story_text|formule_text,4,usage_text_requires_instruction_review,https://www.diptyque-cn.com/p/papier-hair-mist.html
HAIRMIST7::希腊无花果香调发香喷雾,希腊无花果香调发香喷雾,个人香氛,发香喷雾,1,direct,希腊无花果,direct,无花果叶|无花果木|无花果汁|黑胡椒,none,,direct,留香,story_text,none,,,none,,,none,,,direct,story_text,none,,,none,,none,3,pdp_short_description|pdp_long_description|story_text,4,,https://www.diptyque-cn.com/p/philohmist-hair-mist.html
HAIRMIST::肌肤之花发香喷雾,肌肤之花发香喷雾,个人香氛,发香喷雾,1,candidate,肌肤之花,direct,粉红胡椒|鸢尾|麝香|黄葵籽,none,,candidate,留香,,none,,,direct,随身携带,pdp_long_description,none,,,none,,none,,,none,,none,4,pdp_short_description|pdp_long_description|usage_tips_text|formule_text,2,scent_identity_name_only|usage_text_requires_instruction_review,https://www.diptyque-cn.com/p/fleur-de-peau-hair-mist.html
HAIRORPHHMIST::奥费恩发香喷雾,奥费恩发香喷雾,个人香氛,发香喷雾,1,direct,奥费恩,direct,杜松子|茉莉|雪松|香豆,none,,direct,留香,formule_text,none,,,none,,,none,,,direct,story_text,none,,,none,,none,5,pdp_short_description|pdp_long_description|usage_tips_text|story_text|formule_text,4,usage_text_requires_instruction_review,https://www.diptyque-cn.com/p/orphhmist-hair-mist.html
HANDCRE1::玫瑰香调护手霜,玫瑰香调护手霜,身体护理,护手霜,1,direct,玫瑰香调,direct,千叶玫瑰|大马士革玫瑰,none,,candidate,润肤,,none,,,none,,,none,,,none,,none,,,none,,none,4,pdp_short_description|pdp_long_description|usage_tips_text|formule_text,2,long_description_semantics_untyped|usage_text_requires_instruction_review,https://www.diptyque-cn.com/p/eau-rose-hand-cream-1.html
HANDCRE2::杜桑护手霜,杜桑护手霜,身体护理,护手霜,1,direct,杜桑,direct,晚香玉|橙花|茉莉,none,,candidate,润肤,,none,,,none,,,none,,,none,,none,,,none,,none,4,pdp_short_description|pdp_long_description|usage_tips_text|formule_text,2,long_description_semantics_untyped|usage_text_requires_instruction_review,https://www.diptyque-cn.com/p/do-son-hand-cream-45-ml-1.html
HANDCRE3::巴黎之水护手霜,巴黎之水护手霜,身体护理,护手霜,1,direct,巴黎之水,direct,佛手柑|广藿香|玫瑰,none,,candidate,润肤,,none,,,none,,,none,,,none,,none,,,none,,none,4,pdp_short_description|pdp_long_description|usage_tips_text|formule_text,2,long_description_semantics_untyped|usage_text_requires_instruction_review,https://www.diptyque-cn.com/p/creme-de-parfum-pour-les-mains-eau-capitale-45-ml-1.html
HANDCRE4::肌肤之花护手霜,肌肤之花护手霜,身体护理,护手霜,1,candidate,肌肤之花,direct,鸢尾|麝香|黄葵籽,none,,candidate,润肤,,none,,,none,,,none,,,none,,none,,,none,,none,4,pdp_short_description|pdp_long_description|usage_tips_text|formule_text,1,long_description_semantics_untyped|scent_identity_name_only|usage_text_requires_instruction_review,https://www.diptyque-cn.com/p/fleur-de-peau-hand-cream-45-ml-1.html
HANDCREBAUMEMAIN3::柔滑护手霜,柔滑护手霜,身体护理,护手霜,1,none,,none,,none,,direct,润肤|留香,formule_text,none,,,none,,,none,,,none,,none,,,none,,none,4,pdp_short_description|pdp_long_description|usage_tips_text|formule_text,1,formula_present_without_note_evidence|usage_text_requires_instruction_review,https://www.diptyque-cn.com/p/luxurious-hand-balm-45ml-3.html
HANDLOT1::丝绒护手乳,丝绒护手乳,身体护理,护手乳,1,none,,none,,none,,candidate,润肤,,none,,,none,,,none,,,none,,none,,,none,,none,4,pdp_short_description|pdp_long_description|usage_tips_text|formule_text,0,formula_present_without_note_evidence|long_description_semantics_untyped|usage_text_requires_instruction_review,https://www.diptyque-cn.com/p/velvet-hand-lotion-glass-1.html
HANDLOT2::丝绒护手乳补充装,丝绒护手乳补充装,身体护理,护手乳,1,none,,none,,none,,candidate,润肤,,none,,,none,,,none,,,none,,none,,,none,,none,4,pdp_short_description|pdp_long_description|usage_tips_text|formule_text,0,formula_present_without_note_evidence|long_description_semantics_untyped|usage_text_requires_instruction_review,https://www.diptyque-cn.com/p/refill-velvet-hand-lotion-1.html
HANDORPHHCREAM::奥费恩香氛护手霜,奥费恩香氛护手霜,身体护理,护手霜,1,candidate,奥费恩,direct,杜松子|茉莉|雪松|香豆,none,,candidate,润肤,,none,,,none,,,none,,,none,,none,,,none,,none,4,pdp_short_description|pdp_long_description|usage_tips_text|formule_text,1,long_description_semantics_untyped|scent_identity_name_only|usage_text_requires_instruction_review,https://www.diptyque-cn.com/p/orphhcream-hand-cream-1.html
HBSGELCN::佛手柑香调赋活洁肤露,佛手柑香调赋活洁肤露,身体护理,洁肤露,1,none,,none,,none,,direct,洁肤,pdp_short_description,none,,,none,,,none,,,none,,none,,,none,,none,3,pdp_short_description|pdp_long_description|usage_tips_text,1,formula_present_without_note_evidence|usage_text_requires_instruction_review,https://www.diptyque-cn.com/p/cleansing-hand-and-body-gel.html
HOMECANDLEPWT1::金色烛芯修剪器,金色烛芯修剪器,家居香氛,香氛蜡烛配饰,1,none,,none,,none,,candidate,扩香,,none,,,none,,,direct,修剪烛芯,pdp_short_description|usage_tips_text,none,,none,,,none,,none,3,pdp_short_description|pdp_long_description|usage_tips_text,1,care_instruction_not_product_function,https://www.diptyque-cn.com/p/gold-wick-trimmer-for-candles.html
HOMECANDLEPWT2::金色防烟灭烛罩,金色防烟灭烛罩,家居香氛,香氛蜡烛配饰,1,none,,none,,none,,candidate,扩香,,none,,,none,,,none,,,none,,none,,,none,,none,3,pdp_short_description|pdp_long_description|usage_tips_text,0,care_instruction_not_product_function|usage_text_requires_instruction_review,https://www.diptyque-cn.com/p/gold-snuffer-for-candles.html
HOMECARDIF1::圣日尔曼大道34号车载扩香器香氛套装,圣日尔曼大道34号车载扩香器香氛套装,家居香氛,车载扩香器,1,direct,圣日尔曼大道34号,none,,none,,direct,扩香,caracteristics_text|usage_tips_text,direct,车内,pdp_short_description|usage_tips_text,none,,,none,,,none,,none,,,none,,none,4,pdp_short_description|pdp_long_description|usage_tips_text|caracteristics_text,3,usage_text_requires_instruction_review,https://www.diptyque-cn.com/p/car-diffuser-with-34-boulevard-saint-germain-insert-2.html
HOMECARDIF2::浆果香车载扩香器香氛套装,浆果香车载扩香器香氛套装,家居香氛,车载扩香器,1,direct,浆果香,none,,none,,direct,扩香,caracteristics_text|usage_tips_text,direct,车内,pdp_short_description|usage_tips_text,none,,,none,,,none,,none,,,none,,none,4,pdp_short_description|pdp_long_description|usage_tips_text|caracteristics_text,3,usage_text_requires_instruction_review,https://www.diptyque-cn.com/p/car-diffuser-with-baies-insert.html
HOMECARDIF3::无花果车载扩香器香氛套装,无花果车载扩香器香氛套装,家居香氛,车载扩香器,1,direct,无花果,none,,none,,direct,扩香,caracteristics_text|usage_tips_text,direct,车内,pdp_short_description|usage_tips_text,none,,,none,,,none,,none,,,none,,none,4,pdp_short_description|pdp_long_description|usage_tips_text|caracteristics_text,3,usage_text_requires_instruction_review,https://www.diptyque-cn.com/p/diffuseur-pour-la-voiture-et-sa-cartouche-parfumee-figuier-2.html
HOMECARDIF4::玫瑰车载扩香器香氛套装,玫瑰车载扩香器香氛套装,家居香氛,车载扩香器,1,direct,玫瑰,none,,none,,direct,扩香,caracteristics_text|usage_tips_text,direct,车内,pdp_short_description|usage_tips_text,none,,,none,,,none,,none,,,none,,none,4,pdp_short_description|pdp_long_description|usage_tips_text|caracteristics_text,3,usage_text_requires_instruction_review,https://www.diptyque-cn.com/p/car-diffuser-with-roses-insert.html
HOMECARDIF5::含羞草车载扩香器香氛套装,含羞草车载扩香器香氛套装,家居香氛,车载扩香器,1,direct,含羞草,none,,none,,direct,扩香,caracteristics_text|usage_tips_text,direct,车内,pdp_short_description|usage_tips_text,none,,,none,,,none,,none,,,none,,none,4,pdp_short_description|pdp_long_description|usage_tips_text|caracteristics_text,3,usage_text_requires_instruction_review,https://www.diptyque-cn.com/p/mimosa-car-diffuser-and-insert.html
HOMECARDIF6::玫瑰室内喷雾,玫瑰 - 室内喷雾,家居香氛,室内喷雾,1,direct,玫瑰,none,,direct,花香调,candidate,扩香,,none,,,none,,,none,,,none,,none,,,none,,none,4,pdp_short_description|pdp_long_description|usage_tips_text|caracteristics_text,2,long_description_semantics_untyped|usage_text_requires_instruction_review,https://www.diptyque-cn.com/p/roses-room-spray-2.html
HOMECOF3BG10::迷你香氛蜡烛礼盒甄选礼赠,迷你香氛蜡烛礼盒 - 甄选礼赠,家居香氛,迷你香氛蜡烛,1,none,,none,,none,,direct,留香,pdp_long_description,none,,,none,,,none,,,none,,none,,,none,,none,2,pdp_short_description|pdp_long_description,1,,https://www.diptyque-cn.com/p/set-of-mini-candles-berries-fig-tree-roses.html
HOMECULBUTOB::浆果香摇摆扩香器,浆果香 - 摇摆扩香器,家居香氛,室内香氛,1,direct,浆果香,none,,none,,candidate,扩香,,none,,,none,,,direct,清洁方法,usage_tips_text,none,,none,,,none,,none,4,pdp_short_description|pdp_long_description|usage_tips_text|caracteristics_text,2,long_description_semantics_untyped,https://www.diptyque-cn.com/p/baies-berries-the-culbuto-oscillating-diffuser.html
HOMEELECDIFCN::电子扩香器,电子扩香器,家居香氛,电子扩香器,1,none,,none,,none,,direct,扩香,caracteristics_text|pdp_short_description|usage_tips_text,none,,,none,,,none,,,none,,none,,,none,,none,4,pdp_short_description|pdp_long_description|usage_tips_text|caracteristics_text,1,usage_text_requires_instruction_review,https://www.diptyque-cn.com/p/un-air-de-diptyque-home-electric-diffuser.html
HOMEELECPLUG::便携式电子扩香器,便携式电子扩香器,家居香氛,电子扩香器,1,none,,none,,none,,direct,扩香|留香,caracteristics_text|pdp_long_description|pdp_short_description|usage_tips_text,none,,,none,,,none,,,none,,none,,,none,,none,4,pdp_short_description|pdp_long_description|usage_tips_text|caracteristics_text,1,usage_text_requires_instruction_review,https://www.diptyque-cn.com/p/electric-wall-diffuser.html
HOMEFDC190::香氛蜡烛樱花,香氛蜡烛-樱花,家居香氛,经典香氛蜡烛,1,none,,none,,direct,花香调,candidate,扩香,,none,,,none,,,none,,,none,,none,,,none,,none,2,pdp_short_description|pdp_long_description,1,long_description_semantics_untyped,https://www.diptyque-cn.com/p/fleur-de-cerisier-190g.html
HOMEHGFOCARB2A::圣日尔曼大道34号扩香精,圣日尔曼大道34号扩香精,家居香氛,扩香精,1,direct,圣日尔曼大道34号,none,,direct,木质香调,direct,留香,caracteristics_text,none,,,none,,,none,,,direct,story_text,none,,,none,,none,5,pdp_short_description|pdp_long_description|usage_tips_text|story_text|caracteristics_text,4,usage_text_requires_instruction_review,https://www.diptyque-cn.com/p/sablier-34-boulevard-saint-germain-2-1.html
HOMEHGFOCARB2B::晚香玉扩香精,晚香玉扩香精,家居香氛,扩香精,1,direct,晚香玉,none,,direct,花香调,direct,留香,caracteristics_text,none,,,none,,,none,,,direct,story_text,none,,,none,,none,5,pdp_short_description|pdp_long_description|usage_tips_text|story_text|caracteristics_text,4,usage_text_requires_instruction_review,https://www.diptyque-cn.com/p/tubereuse-tuberose-hourglass-diffuser.html
HOMEHGFOCARB2C::玫瑰扩香精,玫瑰扩香精,家居香氛,扩香精,1,direct,玫瑰,none,,direct,花香调,direct,留香,caracteristics_text,none,,,none,,,none,,,direct,story_text,none,,,none,,none,5,pdp_short_description|pdp_long_description|usage_tips_text|story_text|caracteristics_text,4,usage_text_requires_instruction_review,https://www.diptyque-cn.com/p/sablier-roses-2-1.html
HOMEHGFOCARB2D::希腊无花果扩香精,希腊无花果扩香精,家居香氛,扩香精,1,candidate,希腊无花果,none,,direct,果香调,direct,留香,caracteristics_text|pdp_long_description,none,,,none,,,none,,,direct,story_text,none,,,none,,none,5,pdp_short_description|pdp_long_description|usage_tips_text|story_text|caracteristics_text,3,scent_identity_name_only|usage_text_requires_instruction_review,https://www.diptyque-cn.com/p/sablier-figuier-2-1.html
HOMEHGFOCARB2E::橙花扩香精,橙花扩香精,家居香氛,扩香精,1,direct,橙花,none,,direct,花香调,direct,留香,caracteristics_text,none,,,none,,,none,,,direct,story_text,none,,,none,,none,5,pdp_short_description|pdp_long_description|usage_tips_text|story_text|caracteristics_text,4,usage_text_requires_instruction_review,https://www.diptyque-cn.com/p/sablier-fleur-d-oranger-2-1.html
HOMEHGFOCARB2F::生姜扩香精,生姜扩香精,家居香氛,扩香精,1,candidate,生姜,none,,direct,辛香调,direct,留香,caracteristics_text|pdp_long_description,none,,,none,,,none,,,direct,story_text,none,,,none,,none,5,pdp_short_description|pdp_long_description|usage_tips_text|story_text|caracteristics_text,3,scent_identity_name_only|usage_text_requires_instruction_review,https://www.diptyque-cn.com/p/gingembre-ginger-hourglass-diffuser-2-1.html
HOMEHGFOCARB2G::圣日尔曼大道34号香氛皂,圣日尔曼大道34号 - 香氛皂,身体护理,香氛皂,1,direct,圣日尔曼大道34号,none,,direct,木质香调,candidate,洁肤,,none,,,none,,,none,,,direct,story_text,none,,,none,,none,4,pdp_short_description|pdp_long_description|story_text|formule_text,3,,https://www.diptyque-cn.com/p/savon-34-boulevard-saint-germain-1.html
HOMEHGFOCARB2H::感官之水香氛皂,感官之水 - 香氛皂,身体护理,香氛皂,1,direct,感官之水,direct,广藿香|当归根|杜松子|橙花,none,,candidate,洁肤,,none,,,none,,,none,,,direct,story_text,none,,,none,,none,4,pdp_short_description|pdp_long_description|story_text|formule_text,3,,https://www.diptyque-cn.com/p/eau-des-sens.html
HOMEHGFOCARB2I::圣日尔曼大道34号扩香精补充瓶,圣日尔曼大道34号扩香精补充瓶,家居香氛,扩香精,1,direct,圣日尔曼大道34号,none,,direct,木质香调,candidate,扩香,,none,,,none,,,none,,,none,,none,,,none,,none,4,pdp_short_description|pdp_long_description|usage_tips_text|caracteristics_text,2,long_description_semantics_untyped|usage_text_requires_instruction_review,https://www.diptyque-cn.com/p/sablier-34-boulevard-saint-germain-recharge-2-1.html
HOMEHGFOCARB2J::晚香玉扩香精补充瓶,晚香玉扩香精补充瓶,家居香氛,扩香精,1,direct,晚香玉,none,,direct,花香调,candidate,扩香,,none,,,none,,,none,,,none,,none,,,none,,none,4,pdp_short_description|pdp_long_description|usage_tips_text|caracteristics_text,2,long_description_semantics_untyped|usage_text_requires_instruction_review,https://www.diptyque-cn.com/p/tubereuse-tuberose-hourglass-diffuser-refill.html
HOMEHGFOCARB2K::希腊无花果扩香精补充瓶,希腊无花果扩香精补充瓶,家居香氛,扩香精,1,candidate,希腊无花果,none,,direct,果香调,direct,留香,pdp_long_description,none,,,none,,,none,,,none,,none,,,none,,none,4,pdp_short_description|pdp_long_description|usage_tips_text|caracteristics_text,2,scent_identity_name_only|usage_text_requires_instruction_review,https://www.diptyque-cn.com/p/figuier-fig-tree-hourglass-diffuser-refill-2-1.html
HOMEHGFOCARB2L::玫瑰扩香精补充瓶,玫瑰扩香精补充瓶,家居香氛,扩香精,1,direct,玫瑰,none,,direct,花香调,candidate,扩香,,none,,,none,,,none,,,none,,none,,,none,,none,4,pdp_short_description|pdp_long_description|usage_tips_text|caracteristics_text,2,long_description_semantics_untyped|usage_text_requires_instruction_review,https://www.diptyque-cn.com/p/roses-hourglass-diffuser-refill-2-1.html
HOMEHGFOCARB2M::橙花扩香精补充瓶,橙花扩香精补充瓶,家居香氛,扩香精,1,candidate,橙花,none,,direct,花香调,candidate,扩香,,none,,,none,,,none,,,none,,none,,,none,,none,4,pdp_short_description|pdp_long_description|usage_tips_text|caracteristics_text,1,long_description_semantics_untyped|scent_identity_name_only|usage_text_requires_instruction_review,https://www.diptyque-cn.com/p/fleur-d-oranger-orange-blossom-hourglass-diffuser-refill-2-1.html
HOMEHGFOCARB2N::含羞草室内扩香摆件补充装,含羞草 - 室内扩香摆件补充装,家居香氛,室内扩香摆件,1,direct,含羞草,none,,direct,花香调,candidate,扩香,,none,,,none,,,none,,,none,,none,,,none,,none,4,pdp_short_description|pdp_long_description|usage_tips_text|caracteristics_text,2,long_description_semantics_untyped|usage_text_requires_instruction_review,https://www.diptyque-cn.com/p/mimosa-home-fragrance-diffuser-refill.html
HOMEHGFOCARB2O::浆果香室内扩香摆件补充装,浆果香 - 室内扩香摆件补充装,家居香氛,室内扩香摆件,1,direct,浆果香,none,,direct,果香调,candidate,扩香,,none,,,none,,,none,,,none,,none,,,none,,none,4,pdp_short_description|pdp_long_description|usage_tips_text|caracteristics_text,2,long_description_semantics_untyped|usage_text_requires_instruction_review,https://www.diptyque-cn.com/p/baies-berries-home-fragrance-diffuser-refill.html
HOMEHGFOCARB2P::杜桑香氛皂,杜桑 - 香氛皂,身体护理,香氛皂,1,direct,杜桑,direct,晚香玉|橙花|茉莉,none,,direct,留香,pdp_long_description,none,,,none,,,none,,,direct,story_text,none,,,none,,none,4,pdp_short_description|pdp_long_description|story_text|formule_text,4,,https://www.diptyque-cn.com/p/do-son-perfumed-soap-1.html
HOMELDDRGDISHSOAP1::橙花餐具清洁液,橙花餐具清洁液,家居香氛,餐具清洁液,1,candidate,橙花,none,,none,,candidate,洁肤,,none,,,none,,,direct,清洁方法,usage_tips_text,direct,story_text,none,,,none,,none,4,pdp_short_description|pdp_long_description|usage_tips_text|story_text,2,scent_identity_name_only,https://www.diptyque-cn.com/p/dishwashing-liquid-with-orange-blossom-500ml.html
HOMELDDRGDISHSOAP2::橙花餐具清洁液补充装,橙花餐具清洁液补充装,家居香氛,餐具清洁液,1,candidate,橙花,none,,none,,candidate,洁肤,,none,,,none,,,direct,清洁方法,usage_tips_text,direct,story_text,none,,,none,,none,4,pdp_short_description|pdp_long_description|usage_tips_text|story_text,2,scent_identity_name_only,https://www.diptyque-cn.com/p/refill-dishwashing-liquid-with-orange-blossom-500ml.html
HOMELDDRGLEATHWOOD::蜂蜡皮革及木制品护理剂,蜂蜡皮革及木制品护理剂,家居香氛,护理剂,1,none,,none,,none,,none,,,none,,,none,,,none,,,direct,story_text,none,,,none,,none,4,pdp_short_description|pdp_long_description|usage_tips_text|story_text,1,usage_text_requires_instruction_review,https://www.diptyque-cn.com/p/leather-and-wood-care-lotion-with-beeswax-250ml.html
HOMELDDRGMULTCLEAN1::多用途家居清洁喷雾,多用途家居清洁喷雾,家居香氛,清洁喷雾,1,none,,none,,none,,direct,留香,pdp_long_description|usage_tips_text,none,,,none,,,direct,清洁方法,usage_tips_text,direct,story_text,none,,,none,,none,4,pdp_short_description|pdp_long_description|usage_tips_text|story_text,3,,https://www.diptyque-cn.com/p/multi-surface-cleaner-with-vinegar-500ml.html
HOMELDDRGMULTCLEAN2::多用途家居清洁喷雾补充装,多用途家居清洁喷雾补充装,家居香氛,清洁喷雾,1,none,,none,,none,,direct,留香,pdp_long_description|usage_tips_text,none,,,none,,,direct,清洁方法,usage_tips_text,direct,story_text,none,,,none,,none,4,pdp_short_description|pdp_long_description|usage_tips_text|story_text,3,,https://www.diptyque-cn.com/p/refill-multi-surface-cleaner-with-vinegar-500ml.html
HOMELDDRGODORCANDL::罗勒除味蜡烛,罗勒除味蜡烛,家居香氛,室内香氛,1,none,,none,,none,,direct,蜡烛养护,usage_tips_text,none,,,none,,,direct,修剪烛芯|控制燃烧时长|无人照看警示|首次燃烧,caracteristics_text|usage_tips_text,direct,story_text,none,,,none,,none,5,pdp_short_description|pdp_long_description|usage_tips_text|story_text|caracteristics_text,3,,https://www.diptyque-cn.com/p/odor-removing-candle-with-basil-190g.html
HOMEREEDDIFRO::玫瑰室内扩香摆件补充装,玫瑰室内扩香摆件补充装,家居香氛,室内扩香摆件,1,direct,玫瑰,none,,direct,花香调,candidate,扩香,,none,,,none,,,none,,,none,,none,,,none,,none,4,pdp_short_description|pdp_long_description|usage_tips_text|caracteristics_text,2,long_description_semantics_untyped|usage_text_requires_instruction_review,https://www.diptyque-cn.com/p/roses-home-fragrance-diffuser-refill-1.html
HOMEREEDREFILL200A::圣日尔曼大道34号室内扩香摆件补充装,圣日尔曼大道34号室内扩香摆件补充装,家居香氛,室内扩香摆件,1,direct,圣日尔曼大道34号,none,,direct,木质香调,candidate,扩香,,none,,,none,,,none,,,none,,none,,,none,,none,4,pdp_short_description|pdp_long_description|usage_tips_text|caracteristics_text,2,long_description_semantics_untyped|usage_text_requires_instruction_review,https://www.diptyque-cn.com/p/34-boulevard-saint-germain-home-fragrance-diffuser-refill-1.html
HOMEREEDREFILL200D::雪松木衣物香氛陶瓷家居清洁护理系列,雪松木衣物香氛陶瓷 - 家居清洁护理系列,家居香氛,室内香氛,1,none,,none,,none,,candidate,扩香,,none,,,none,,,none,,,direct,story_text,none,,,none,,none,3,pdp_short_description|pdp_long_description|story_text,1,,https://www.diptyque-cn.com/p/ceramic-for-wool-and-delicate-textiles-with-cedarwood.html
HOMEREEDREFILL200E::浆果香摇摆扩香器补充装,浆果香 - 摇摆扩香器补充装,家居香氛,室内香氛,1,direct,浆果香,none,,none,,candidate,扩香,,none,,,none,,,none,,,none,,none,,,none,,none,4,pdp_short_description|pdp_long_description|usage_tips_text|caracteristics_text,1,long_description_semantics_untyped|usage_text_requires_instruction_review,https://www.diptyque-cn.com/p/baies-berries-refill-for-the-culbuto-oscillating-diffuser.html
HOMEREEDREFILL200F::无花果室内扩香摆件补充装,无花果室内扩香摆件补充装,家居香氛,室内扩香摆件,1,direct,无花果,none,,direct,果香调,candidate,扩香,,none,,,none,,,none,,,none,,none,,,none,,none,4,pdp_short_description|pdp_long_description|usage_tips_text|caracteristics_text,2,long_description_semantics_untyped|usage_text_requires_instruction_review,https://www.diptyque-cn.com/p/fig-tree-home-fragrance-diffuser-refill.html
HOMEREEDREFILL200H::玫瑰香调香氛皂,玫瑰香调 - 香氛皂,身体护理,香氛皂,1,direct,玫瑰香调,direct,千叶玫瑰|大马士革玫瑰,none,,candidate,洁肤,,none,,,none,,,none,,,direct,story_text,none,,,none,,none,4,pdp_short_description|pdp_long_description|story_text|formule_text,3,,https://www.diptyque-cn.com/p/eau-rose-perfumed-soap.html
HOMEREEDREFILL2L2::浆果香室内扩香摆件补充瓶,浆果香室内扩香摆件补充瓶,家居香氛,室内扩香摆件,1,candidate,浆果香,none,,direct,果香调,candidate,扩香,,none,,,direct,营造氛围,pdp_long_description,direct,首次燃烧,usage_tips_text,none,,none,,,none,,none,4,pdp_short_description|pdp_long_description|usage_tips_text|caracteristics_text,3,scent_identity_name_only,https://www.diptyque-cn.com/p/refreedb2l-home-fragrance-diffuser-refill.html
HOMEREEDREFILL2L3::圣日尔曼大道34号室内扩香摆件补充瓶,圣日尔曼大道34号室内扩香摆件补充瓶,家居香氛,室内扩香摆件,1,candidate,圣日尔曼大道34号,none,,direct,木质香调,candidate,扩香,,none,,,direct,营造氛围,pdp_long_description,direct,首次燃烧,usage_tips_text,none,,none,,,none,,none,4,pdp_short_description|pdp_long_description|usage_tips_text|caracteristics_text,3,scent_identity_name_only,https://www.diptyque-cn.com/p/refreed34b2l-home-fragrance-diffuser-refill.html
HOMERSP1::圣日尔曼大道34号室内喷雾,圣日尔曼大道34号室内喷雾,家居香氛,室内喷雾,1,direct,圣日尔曼大道34号,none,,direct,木质香调,candidate,扩香,,none,,,none,,,none,,,none,,none,,,none,,none,4,pdp_short_description|pdp_long_description|usage_tips_text|caracteristics_text,2,formula_present_without_note_evidence|long_description_semantics_untyped|usage_text_requires_instruction_review,https://www.diptyque-cn.com/p/34-boulevard-saint-germain-room-spray-1.html
HOMERSP2::生姜室内喷雾,生姜室内喷雾,家居香氛,室内喷雾,1,candidate,生姜,none,,direct,辛香调,candidate,扩香,,none,,,none,,,none,,,none,,none,,,none,,none,4,pdp_short_description|pdp_long_description|usage_tips_text|caracteristics_text,1,long_description_semantics_untyped|scent_identity_name_only|usage_text_requires_instruction_review,https://www.diptyque-cn.com/p/gingembre-ginger-room-spray.html
HOMERSP3::含羞草室内喷雾,含羞草室内喷雾,家居香氛,室内喷雾,1,direct,含羞草,none,,direct,花香调,candidate,扩香,,none,,,none,,,none,,,none,,none,,,none,,none,4,pdp_short_description|pdp_long_description|usage_tips_text|caracteristics_text,2,long_description_semantics_untyped|usage_text_requires_instruction_review,https://www.diptyque-cn.com/p/vaporisateur-d-interieur-mimosa-1.html
HOMERSP4::玫瑰香调固体香膏,玫瑰香调 - 固体香膏,个人香氛,香膏,1,direct,玫瑰香调,direct,千叶玫瑰|大马士革玫瑰,none,,candidate,便携补香,,none,,,none,,,none,,,none,,none,,,none,,none,3,pdp_short_description|pdp_long_description|usage_tips_text,2,long_description_semantics_untyped|usage_text_requires_instruction_review,https://www.diptyque-cn.com/p/eau-rose-refillable-solid-perfume-2.html
HOMERSP5::杜桑固体香膏,杜桑 - 固体香膏,个人香氛,香膏,1,direct,杜桑,direct,晚香玉|橙花|茉莉,direct,海洋香调,candidate,便携补香,,none,,,none,,,none,,,none,,none,,,none,,none,3,pdp_short_description|pdp_long_description|usage_tips_text,3,long_description_semantics_untyped|usage_text_requires_instruction_review,https://www.diptyque-cn.com/p/do-son-refillable-solid-perfume-4.html
HOMERSP6::奥费恩固体香膏,奥费恩 - 固体香膏,个人香氛,香膏,1,direct,奥费恩,direct,杜松子|茉莉|雪松|零陵香豆,none,,candidate,便携补香,,none,,,none,,,none,,,none,,none,,,none,,none,3,pdp_short_description|pdp_long_description|usage_tips_text,2,long_description_semantics_untyped|usage_text_requires_instruction_review,https://www.diptyque-cn.com/p/orpheon-refillable-solid-perfume.html
HOMERSP7::生姜扩香精补充瓶,生姜 - 扩香精补充瓶,家居香氛,扩香精,1,candidate,生姜,none,,direct,辛香调,direct,留香,pdp_long_description,none,,,none,,,none,,,none,,none,,,none,,none,4,pdp_short_description|pdp_long_description|usage_tips_text|caracteristics_text,2,scent_identity_name_only|usage_text_requires_instruction_review,https://www.diptyque-cn.com/p/gingembre-ginger-hourglass-diffuser-refill-2-1.html
HOMERSP8::浆果香扩香精,浆果香 - 扩香精,家居香氛,扩香精,1,direct,浆果香,none,,direct,果香调,direct,留香,caracteristics_text,none,,,none,,,none,,,direct,story_text,none,,,none,,none,5,pdp_short_description|pdp_long_description|usage_tips_text|story_text|caracteristics_text,4,usage_text_requires_instruction_review,https://www.diptyque-cn.com/p/baies-berries-hourglass-diffuser-1.html
HOMERSP9::含羞草扩香精,含羞草 - 扩香精,家居香氛,扩香精,1,direct,含羞草,none,,direct,花香调,direct,留香,caracteristics_text,none,,,none,,,none,,,direct,story_text,none,,,none,,none,5,pdp_short_description|pdp_long_description|usage_tips_text|story_text|caracteristics_text,4,usage_text_requires_instruction_review,https://www.diptyque-cn.com/p/mimosa-hourglass-diffuser-1.html
HOMERSP::无花果室内喷雾,无花果 - 室内喷雾,家居香氛,室内喷雾,1,direct,无花果,none,,direct,果香调,candidate,扩香,,none,,,none,,,none,,,none,,none,,,none,,none,4,pdp_short_description|pdp_long_description|usage_tips_text|caracteristics_text,2,long_description_semantics_untyped|usage_text_requires_instruction_review,https://www.diptyque-cn.com/p/figuier-fig-tree-room-spray.html
HOMERSP::浆果香室内喷雾,浆果香 - 室内喷雾,家居香氛,室内喷雾,1,direct,浆果香,none,,direct,果香调,candidate,扩香,,none,,,none,,,none,,,none,,none,,,none,,none,4,pdp_short_description|pdp_long_description|usage_tips_text|caracteristics_text,2,formula_present_without_note_evidence|long_description_semantics_untyped|usage_text_requires_instruction_review,https://www.diptyque-cn.com/p/baies-berries-room-spray.html
HOMERSP::琥珀室内喷雾,琥珀 - 室内喷雾,家居香氛,室内喷雾,1,direct,琥珀,none,,direct,木质香调,candidate,扩香,,none,,,none,,,none,,,none,,none,,,none,,none,4,pdp_short_description|pdp_long_description|usage_tips_text|caracteristics_text,2,long_description_semantics_untyped|usage_text_requires_instruction_review,https://www.diptyque-cn.com/p/ambre-amber-room-spray.html
HOMESCO1::圣日尔曼大道34号室内香氛蜡,圣日尔曼大道34号室内香氛蜡,家居香氛,室内香氛蜡,1,direct,圣日尔曼大道34号,none,,direct,木质香调,direct,留香,story_text,direct,车内,usage_tips_text,none,,,none,,,direct,story_text,none,,,none,,none,5,pdp_short_description|pdp_long_description|usage_tips_text|story_text|caracteristics_text,5,usage_text_requires_instruction_review,https://www.diptyque-cn.com/p/palet-parfume-34-boulevard-saint-germain-1.html
HOMESCO2::浆果香室内香氛蜡,浆果香室内香氛蜡,家居香氛,室内香氛蜡,1,direct,浆果香,none,,direct,果香调,direct,留香,story_text,direct,车内,usage_tips_text,none,,,none,,,direct,story_text,none,,,none,,none,5,pdp_short_description|pdp_long_description|usage_tips_text|story_text|caracteristics_text,5,usage_text_requires_instruction_review,https://www.diptyque-cn.com/p/baies-berries-scented-oval.html
HOMESCO3::希腊无花果室内香氛蜡,希腊无花果室内香氛蜡,家居香氛,室内香氛蜡,1,candidate,希腊无花果,none,,direct,果香调,direct,留香,story_text,direct,车内,usage_tips_text,none,,,none,,,direct,story_text,none,,,none,,none,5,pdp_short_description|pdp_long_description|usage_tips_text|story_text|caracteristics_text,4,scent_identity_name_only|usage_text_requires_instruction_review,https://www.diptyque-cn.com/p/figuier-fig-tree-scented-oval.html
HOMESCO4::玫瑰室内香氛蜡,玫瑰室内香氛蜡,家居香氛,室内香氛蜡,1,direct,玫瑰,none,,direct,花香调,direct,留香,story_text,direct,车内,usage_tips_text,none,,,none,,,direct,story_text,none,,,none,,none,5,pdp_short_description|pdp_long_description|usage_tips_text|story_text|caracteristics_text,5,usage_text_requires_instruction_review,https://www.diptyque-cn.com/p/roses-scented-oval.html
HOMETB600::大号香氛蜡烛晚香玉,大号香氛蜡烛-晚香玉,家居香氛,大号香氛蜡烛,1,direct,晚香玉,none,,direct,花香调,candidate,扩香,,direct,中大型房间,caracteristics_text,none,,,direct,修剪烛芯|控制燃烧时长|无人照看警示|首次燃烧,caracteristics_text|usage_tips_text,none,,none,,,none,,none,4,pdp_short_description|pdp_long_description|usage_tips_text|caracteristics_text,4,care_instruction_not_product_function,https://www.diptyque-cn.com/p/tubereuse-tuberose-candle-600g.html
HOMEVDRG150::罗勒除味室内喷雾,罗勒除味室内喷雾,家居香氛,室内香氛,1,none,,none,,none,,candidate,扩香,,none,,,direct,空间清新,pdp_short_description,none,,,direct,story_text,none,,,none,,none,4,pdp_short_description|pdp_long_description|usage_tips_text|story_text,2,usage_text_requires_instruction_review,https://www.diptyque-cn.com/p/la-droguerie-anti-odour-spray-with-basil.html
ORPHEON2022::奥费恩淡香精,奥费恩淡香精,个人香氛,淡香精,1,direct,奥费恩,direct,杜松子|茉莉|雪松|零陵香豆,none,,candidate,留香,,none,,,none,,,none,,,none,,none,,,none,,none,2,pdp_short_description|pdp_long_description,2,long_description_semantics_untyped,https://www.diptyque-cn.com/p/orpheon-eau-de-parfum-75ml.html
S2024DECO01385::灯笼玻璃烛罩,灯笼玻璃烛罩,艺术家居,烛罩,1,none,,none,,none,,candidate,蜡烛养护,,none,,,none,,,direct,清洁方法,usage_tips_text,none,,direct,硼矽玻璃，不锈钢,caracteristics_text,direct,savoir_faire_text,direct,5,pdp_short_description|pdp_long_description|usage_tips_text|savoir_faire_text|caracteristics_text,4,,https://www.diptyque-cn.com/p/traveling-lantern-for-classic-and-medium-candles-deco01385.html
S2024DECO01388::黑色金字塔陶瓷烛盖,黑色金字塔陶瓷烛盖,艺术家居,烛盖和灭烛罩,1,none,,none,,none,,candidate,蜡烛养护,,none,,,none,,,direct,清洁方法,usage_tips_text,none,,direct,陶瓷,caracteristics_text,direct,savoir_faire_text,direct,5,pdp_short_description|pdp_long_description|usage_tips_text|savoir_faire_text|caracteristics_text,4,,https://www.diptyque-cn.com/p/pyramid-lid-for-extra-large-candles-deco01388.html
SETSUM26CLDARCN::夏日惊喜礼盒（限量版）,夏日惊喜礼盒（限量版）,个人香氛,礼盒,1,none,,none,,none,,none,,,none,,,none,,,none,,,none,,none,,,none,,none,3,pdp_short_description|pdp_long_description|description_text,0,formula_present_without_note_evidence|long_description_semantics_untyped,https://www.diptyque-cn.com/p/sum26cldarcn-set-1.html
SOLIDPERFUME1::肌肤之花香膏,肌肤之花香膏,个人香氛,香膏,1,candidate,肌肤之花,direct,粉红胡椒|鸢尾|麝香|黄葵,none,,candidate,便携补香,,none,,,none,,,none,,,none,,none,,,none,,none,3,pdp_short_description|pdp_long_description|usage_tips_text,1,long_description_semantics_untyped|scent_identity_name_only|usage_text_requires_instruction_review,https://www.diptyque-cn.com/p/solidfleur-refillable-solid-perfume.html
SOLIDPERFUME2::含羞草扩香精补充瓶,含羞草 - 扩香精补充瓶,家居香氛,扩香精,1,direct,含羞草,none,,direct,花香调,candidate,扩香,,none,,,none,,,none,,,none,,none,,,none,,none,4,pdp_short_description|pdp_long_description|usage_tips_text|caracteristics_text,2,long_description_semantics_untyped|usage_text_requires_instruction_review,https://www.diptyque-cn.com/p/mimosa-hourglass-diffuser-refill.html
SOLIDPERFUME3::晚香玉室内扩香摆件补充装,晚香玉 - 室内扩香摆件补充装,家居香氛,室内扩香摆件,1,direct,晚香玉,none,,direct,花香调,candidate,扩香,,none,,,none,,,none,,,none,,none,,,none,,none,4,pdp_short_description|pdp_long_description|usage_tips_text|caracteristics_text,2,long_description_semantics_untyped|usage_text_requires_instruction_review,https://www.diptyque-cn.com/p/tubereuse-tuberose-home-fragrance-diffuser-refill.html
SOLIDPERFUME4::橙花室内扩香摆件补充装,橙花 - 室内扩香摆件补充装,家居香氛,室内扩香摆件,1,candidate,橙花,none,,direct,花香调,candidate,扩香,,none,,,none,,,none,,,none,,none,,,none,,none,4,pdp_short_description|pdp_long_description|usage_tips_text|caracteristics_text,1,long_description_semantics_untyped|scent_identity_name_only|usage_text_requires_instruction_review,https://www.diptyque-cn.com/p/orange-blossom-home-fragrance-diffuser-refill.html
SOLIDPERFUME5::玫瑰香调香膏补充装,玫瑰香调香膏补充装,个人香氛,香膏,1,direct,玫瑰香调,direct,千叶玫瑰|大马士革玫瑰,none,,candidate,便携补香,,none,,,none,,,none,,,none,,none,,,none,,none,3,pdp_short_description|pdp_long_description|usage_tips_text,2,long_description_semantics_untyped|usage_text_requires_instruction_review,https://www.diptyque-cn.com/p/eau-rose-refills-solid-perfume.html
SOLIDPERFUME6::杜桑香膏补充装,杜桑香膏补充装,个人香氛,香膏,1,direct,杜桑,direct,晚香玉|橙花|茉莉,direct,海洋香调,candidate,便携补香,,none,,,none,,,none,,,none,,none,,,none,,none,3,pdp_short_description|pdp_long_description|usage_tips_text,3,long_description_semantics_untyped|usage_text_requires_instruction_review,https://www.diptyque-cn.com/p/do-son-refills-solid-perfume-1.html
SOLIDPERFUME7::奥费恩香膏补充装,奥费恩香膏补充装,个人香氛,香膏,1,direct,奥费恩,direct,杜松子|茉莉|雪松|零陵香豆,none,,candidate,便携补香,,none,,,none,,,none,,,none,,none,,,none,,none,3,pdp_short_description|pdp_long_description|usage_tips_text,2,long_description_semantics_untyped|usage_text_requires_instruction_review,https://www.diptyque-cn.com/p/orpheon-refills-for-solid-perfume.html
SOLIDPERFUME8::肌肤之花香膏补充装,肌肤之花香膏补充装,个人香氛,香膏,1,candidate,肌肤之花,direct,粉红胡椒|鸢尾|麝香|黄葵,none,,candidate,便携补香,,none,,,none,,,none,,,none,,none,,,none,,none,2,pdp_short_description|pdp_long_description,1,long_description_semantics_untyped|scent_identity_name_only,https://www.diptyque-cn.com/p/rsolidefdp-refillable-solid-perfume.html
concept::家居香氛::室内扩香摆件::琥珀室内扩香摆件补充瓶,琥珀室内扩香摆件补充瓶,家居香氛,室内扩香摆件,2,candidate,琥珀,none,,direct,木质香调,candidate,扩香,,none,,,direct,营造氛围,pdp_long_description,direct,首次燃烧,usage_tips_text,none,,none,,,none,,none,4,pdp_short_description|pdp_long_description|usage_tips_text|caracteristics_text,3,scent_identity_name_only,https://www.diptyque-cn.com/p/refreedab2l-home-fragrance-diffuser-refill.html
concept::家居香氛::烛台香氛蜡烛::浆果香烛台香氛蜡烛,浆果香烛台香氛蜡烛,家居香氛,烛台香氛蜡烛,2,candidate,浆果香,none,,direct,果香调,candidate,扩香|装饰,,none,,,none,,,direct,控制燃烧时长,usage_tips_text,none,,none,,,none,,none,3,pdp_short_description|pdp_long_description|usage_tips_text,2,long_description_semantics_untyped|scent_identity_name_only,https://www.diptyque-cn.com/p/baies-berries-scented-dinner-candle-75g.html
concept::家居香氛::烛台香氛蜡烛::炭木香烛台香氛蜡烛,炭木香烛台香氛蜡烛,家居香氛,烛台香氛蜡烛,2,candidate,炭木香,none,,direct,木质香调,direct,留香,pdp_short_description,none,,,none,,,direct,控制燃烧时长,usage_tips_text,none,,none,,,none,,none,3,pdp_short_description|pdp_long_description|usage_tips_text,3,scent_identity_name_only,https://www.diptyque-cn.com/p/feu-de-bois-wood-fire-scented-dinner-candle-75g.html
concept::艺术家居::收纳托盘::椭圆漆木收纳托盘,椭圆漆木收纳托盘,艺术家居,收纳托盘,2,none,,none,,none,,candidate,装饰,,none,,,none,,,direct,清洁方法,usage_tips_text,direct,story_text,candidate,木质,,none,,none,5,pdp_short_description|pdp_long_description|usage_tips_text|story_text|caracteristics_text,2,,https://www.diptyque-cn.com/p/lacquered-wood-tray-l.html
concept::身体护理::润肤乳::肌肤之花润肤乳,肌肤之花润肤乳,身体护理,润肤乳,2,candidate,肌肤之花,direct,粉红胡椒|鸢尾|麝香|黄葵籽,none,,candidate,润肤,,none,,,none,,,none,,,none,,none,,,candidate,savoir_faire_text,none,3,pdp_short_description|pdp_long_description|savoir_faire_text,1,craft_copy_outside_physical_family|scent_identity_name_only,https://www.diptyque-cn.com/p/fleur-de-peau-hand-and-body-lotion.html
