product_concept_key,product_name,core_family,predicate,object_type,object_name,source_field,evidence_excerpt,source_url,review_status,display_label,relation_layer,generation_method
BODYBODYSCRUB1::石榴润泽去角质霜,石榴润泽去角质霜,身体护理,HAS_FUNCTION,Function,润肤,formule_text,水蜜桃油可舒缓并滋润肌肤，令肌肤更加柔软。,https://www.diptyque-cn.com/p/smoothing-body-polish-200ml-3.html,approved,功能,fact,controlled_source_pattern
BODYBODYSCRUB1::石榴润泽去角质霜,石榴润泽去角质霜,身体护理,HAS_FUNCTION,Function,去角质,pdp_short_description,这款去角质霜结合了荷荷巴与矽土颗粒，能温和祛肌肤角质。,https://www.diptyque-cn.com/p/smoothing-body-polish-200ml-3.html,approved,功能,fact,controlled_source_pattern
BODYBODYSCRUB1::石榴润泽去角质霜,石榴润泽去角质霜,身体护理,SERVES_NEED,UserNeed,肌肤护理,product_form,已审核本体规则：身体护理 / 去角质霜 -> 肌肤护理,https://www.diptyque-cn.com/p/smoothing-body-polish-200ml-3.html,derived_from_approved_rule,需求,derived_intent,controlled_ontology_rule
BODYGEL1::希腊无花果香调洁肤露,希腊无花果香调洁肤露,身体护理,HAS_FUNCTION,Function,洁肤,product_form,已审核本体规则：身体护理 / 洁肤露 -> 洁肤,https://www.diptyque-cn.com/p/philosykos-cleansing-hand-and-body-gel-1.html,derived_from_approved_rule,功能,derived_intent,controlled_ontology_rule
BODYGEL1::希腊无花果香调洁肤露,希腊无花果香调洁肤露,身体护理,SERVES_NEED,UserNeed,肌肤护理,product_form,已审核本体规则：身体护理 / 洁肤露 -> 肌肤护理,https://www.diptyque-cn.com/p/philosykos-cleansing-hand-and-body-gel-1.html,derived_from_approved_rule,需求,derived_intent,controlled_ontology_rule
BODYGEL2::奥费恩洁肤露,奥费恩洁肤露,身体护理,HAS_FUNCTION,Function,洁肤,product_form,已审核本体规则：身体护理 / 洁肤露 -> 洁肤,https://www.diptyque-cn.com/p/orpheon-cleansing-hand-and-body-gel-1.html,derived_from_approved_rule,功能,derived_intent,controlled_ontology_rule
BODYGEL2::奥费恩洁肤露,奥费恩洁肤露,身体护理,SERVES_NEED,UserNeed,肌肤护理,product_form,已审核本体规则：身体护理 / 洁肤露 -> 肌肤护理,https://www.diptyque-cn.com/p/orpheon-cleansing-hand-and-body-gel-1.html,derived_from_approved_rule,需求,derived_intent,controlled_ontology_rule
BODYGEL3::肌肤之花洁肤露,肌肤之花洁肤露,身体护理,HAS_FUNCTION,Function,留香,pdp_long_description,蕴含丰富乳木果油，为肌肤留下清香，同时柔软肤触。麝香映衬着鸢尾花和黄葵种子的香气，呈现出令人沉醉的感官世界。,https://www.diptyque-cn.com/p/fleur-de-peau-cleansing-hand-and-body-gel.html,approved,功能,fact,controlled_source_pattern
BODYGEL3::肌肤之花洁肤露,肌肤之花洁肤露,身体护理,HAS_FUNCTION,Function,洁肤,product_form,已审核本体规则：身体护理 / 洁肤露 -> 洁肤,https://www.diptyque-cn.com/p/fleur-de-peau-cleansing-hand-and-body-gel.html,derived_from_approved_rule,功能,derived_intent,controlled_ontology_rule
BODYGEL3::肌肤之花洁肤露,肌肤之花洁肤露,身体护理,SERVES_NEED,UserNeed,肌肤护理,product_form,已审核本体规则：身体护理 / 洁肤露 -> 肌肤护理,https://www.diptyque-cn.com/p/fleur-de-peau-cleansing-hand-and-body-gel.html,derived_from_approved_rule,需求,derived_intent,controlled_ontology_rule
BODYGEL4::纸上洁肤露,纸上洁肤露,身体护理,HAS_FUNCTION,Function,润肤,pdp_long_description,洁肤露遇水后即刻转化为丝滑的清洁泡沫，柔化并芬芳滋润肌肤。,https://www.diptyque-cn.com/p/papier-cleansing-hand-and-body-gel-1.html,approved,功能,fact,controlled_source_pattern
BODYGEL4::纸上洁肤露,纸上洁肤露,身体护理,HAS_FUNCTION,Function,洁肤,product_form,已审核本体规则：身体护理 / 洁肤露 -> 洁肤,https://www.diptyque-cn.com/p/papier-cleansing-hand-and-body-gel-1.html,derived_from_approved_rule,功能,derived_intent,controlled_ontology_rule
BODYGEL4::纸上洁肤露,纸上洁肤露,身体护理,SERVES_NEED,UserNeed,肌肤护理,product_form,已审核本体规则：身体护理 / 洁肤露 -> 肌肤护理,https://www.diptyque-cn.com/p/papier-cleansing-hand-and-body-gel-1.html,derived_from_approved_rule,需求,derived_intent,controlled_ontology_rule
BODYGEL5::玫瑰香氛洁肤露,玫瑰香氛洁肤露,身体护理,HAS_FUNCTION,Function,洁肤,product_form,已审核本体规则：身体护理 / 洁肤露 -> 洁肤,https://www.diptyque-cn.com/p/rose-cleansing-hand-and-body-gel-1.html,derived_from_approved_rule,功能,derived_intent,controlled_ontology_rule
BODYGEL5::玫瑰香氛洁肤露,玫瑰香氛洁肤露,身体护理,SERVES_NEED,UserNeed,肌肤护理,product_form,已审核本体规则：身体护理 / 洁肤露 -> 肌肤护理,https://www.diptyque-cn.com/p/rose-cleansing-hand-and-body-gel-1.html,derived_from_approved_rule,需求,derived_intent,controlled_ontology_rule
BODYLOT1::清新身体乳,清新身体乳,身体护理,HAS_SCENE,UseScene,沐浴后,usage_tips_text,沐浴后或者肌肤干燥时，取适量涂抹于肌肤上，并适度按摩让肌肤吸收。,https://www.diptyque-cn.com/p/fresh-lotion-for-the-body-1.html,approved,场景,fact,controlled_source_pattern
BODYLOT1::清新身体乳,清新身体乳,身体护理,HAS_FUNCTION,Function,润肤,product_form,已审核本体规则：身体护理 / 身体乳 -> 润肤,https://www.diptyque-cn.com/p/fresh-lotion-for-the-body-1.html,derived_from_approved_rule,功能,derived_intent,controlled_ontology_rule
BODYLOT1::清新身体乳,清新身体乳,身体护理,SERVES_NEED,UserNeed,肌肤护理,product_form,已审核本体规则：身体护理 / 身体乳 -> 肌肤护理,https://www.diptyque-cn.com/p/fresh-lotion-for-the-body-1.html,derived_from_approved_rule,需求,derived_intent,controlled_ontology_rule
BODYLOTIONS1::杜桑香氛润肤乳,杜桑香氛润肤乳,身体护理,HAS_FUNCTION,Function,润肤,product_form,已审核本体规则：身体护理 / 润肤乳 -> 润肤,https://www.diptyque-cn.com/p/doson-hand-and-body-lotion-1.html,derived_from_approved_rule,功能,derived_intent,controlled_ontology_rule
BODYLOTIONS1::杜桑香氛润肤乳,杜桑香氛润肤乳,身体护理,SERVES_NEED,UserNeed,肌肤护理,product_form,已审核本体规则：身体护理 / 润肤乳 -> 肌肤护理,https://www.diptyque-cn.com/p/doson-hand-and-body-lotion-1.html,derived_from_approved_rule,需求,derived_intent,controlled_ontology_rule
BODYLOTIONS2::晚香玉室内喷雾,晚香玉 - 室内喷雾,家居香氛,HAS_FUNCTION,Function,扩香,product_form,已审核本体规则：家居香氛 / 室内喷雾 -> 扩香,https://www.diptyque-cn.com/p/tubereuse-tuberose-room-spray.html,derived_from_approved_rule,功能,derived_intent,controlled_ontology_rule
BODYLOTIONS2::晚香玉室内喷雾,晚香玉 - 室内喷雾,家居香氛,SERVES_NEED,UserNeed,空间氛围,product_form,已审核本体规则：家居香氛 / 室内喷雾 -> 空间氛围,https://www.diptyque-cn.com/p/tubereuse-tuberose-room-spray.html,derived_from_approved_rule,需求,derived_intent,controlled_ontology_rule
BODYLOTIONS3::橙花室内喷雾,橙花 - 室内喷雾,家居香氛,HAS_FUNCTION,Function,扩香,product_form,已审核本体规则：家居香氛 / 室内喷雾 -> 扩香,https://www.diptyque-cn.com/p/fleur-d-oranger-orange-blossom-room-spray.html,derived_from_approved_rule,功能,derived_intent,controlled_ontology_rule
BODYLOTIONS3::橙花室内喷雾,橙花 - 室内喷雾,家居香氛,SERVES_NEED,UserNeed,空间氛围,product_form,已审核本体规则：家居香氛 / 室内喷雾 -> 空间氛围,https://www.diptyque-cn.com/p/fleur-d-oranger-orange-blossom-room-spray.html,derived_from_approved_rule,需求,derived_intent,controlled_ontology_rule
BODYLOTIONS::玫瑰香调润肤乳,玫瑰香调 - 润肤乳,身体护理,HAS_FUNCTION,Function,润肤,product_form,已审核本体规则：身体护理 / 润肤乳 -> 润肤,https://www.diptyque-cn.com/p/eau-rose-hand-and-body-lotion-1.html,derived_from_approved_rule,功能,derived_intent,controlled_ontology_rule
BODYLOTIONS::玫瑰香调润肤乳,玫瑰香调 - 润肤乳,身体护理,SERVES_NEED,UserNeed,肌肤护理,product_form,已审核本体规则：身体护理 / 润肤乳 -> 肌肤护理,https://www.diptyque-cn.com/p/eau-rose-hand-and-body-lotion-1.html,derived_from_approved_rule,需求,derived_intent,controlled_ontology_rule
BODYOIL::杜桑柔肤沐浴油,杜桑柔肤沐浴油,身体护理,HAS_FUNCTION,Function,洁肤,product_form,已审核本体规则：身体护理 / 沐浴油 -> 洁肤,https://www.diptyque-cn.com/p/do-son-shower-oil-1.html,derived_from_approved_rule,功能,derived_intent,controlled_ontology_rule
BODYOIL::杜桑柔肤沐浴油,杜桑柔肤沐浴油,身体护理,SERVES_NEED,UserNeed,肌肤护理,product_form,已审核本体规则：身体护理 / 沐浴油 -> 肌肤护理,https://www.diptyque-cn.com/p/do-son-shower-oil-1.html,derived_from_approved_rule,需求,derived_intent,controlled_ontology_rule
BODYOMBBGEL::影中之水香氛洁肤露,影中之水香氛洁肤露,身体护理,HAS_FUNCTION,Function,润肤,pdp_long_description,凝露质地在手心遇水化作丰盈绵密的泡沫，滋润肌肤。,https://www.diptyque-cn.com/p/ombb-gel-200ml.html,approved,功能,fact,controlled_source_pattern
BODYOMBBGEL::影中之水香氛洁肤露,影中之水香氛洁肤露,身体护理,HAS_FUNCTION,Function,留香,pdp_long_description,清新的绿果香气萦绕肌肤，邀人进入花园遐想。,https://www.diptyque-cn.com/p/ombb-gel-200ml.html,approved,功能,fact,controlled_source_pattern
BODYOMBBGEL::影中之水香氛洁肤露,影中之水香氛洁肤露,身体护理,HAS_FUNCTION,Function,洁肤,product_form,已审核本体规则：身体护理 / 洁肤露 -> 洁肤,https://www.diptyque-cn.com/p/ombb-gel-200ml.html,derived_from_approved_rule,功能,derived_intent,controlled_ontology_rule
BODYOMBBGEL::影中之水香氛洁肤露,影中之水香氛洁肤露,身体护理,SERVES_NEED,UserNeed,肌肤护理,product_form,已审核本体规则：身体护理 / 洁肤露 -> 肌肤护理,https://www.diptyque-cn.com/p/ombb-gel-200ml.html,derived_from_approved_rule,需求,derived_intent,controlled_ontology_rule
BODYOMBBLOTION::影中之水香氛润肤乳,影中之水香氛润肤乳,身体护理,HAS_FUNCTION,Function,留香,pdp_short_description,一层轻纱拂过肌肤，留下若隐若无的细腻香气，延续那浪漫景致的余韵。,https://www.diptyque-cn.com/p/ombb-lotion-200ml.html,approved,功能,fact,controlled_source_pattern
BODYOMBBLOTION::影中之水香氛润肤乳,影中之水香氛润肤乳,身体护理,HAS_FUNCTION,Function,润肤,product_form,已审核本体规则：身体护理 / 润肤乳 -> 润肤,https://www.diptyque-cn.com/p/ombb-lotion-200ml.html,derived_from_approved_rule,功能,derived_intent,controlled_ontology_rule
BODYOMBBLOTION::影中之水香氛润肤乳,影中之水香氛润肤乳,身体护理,SERVES_NEED,UserNeed,肌肤护理,product_form,已审核本体规则：身体护理 / 润肤乳 -> 肌肤护理,https://www.diptyque-cn.com/p/ombb-lotion-200ml.html,derived_from_approved_rule,需求,derived_intent,controlled_ontology_rule
BODYORPHBLOTION::奥费恩香调润肤乳,奥费恩香调润肤乳,身体护理,HAS_FUNCTION,Function,留香,formule_text,精致的护理仪式，令肌肤整日散发迷人香气。,https://www.diptyque-cn.com/p/orphblotion-hand-and-body-lotion.html,approved,功能,fact,controlled_source_pattern
BODYORPHBLOTION::奥费恩香调润肤乳,奥费恩香调润肤乳,身体护理,HAS_FUNCTION,Function,润肤,product_form,已审核本体规则：身体护理 / 润肤乳 -> 润肤,https://www.diptyque-cn.com/p/orphblotion-hand-and-body-lotion.html,derived_from_approved_rule,功能,derived_intent,controlled_ontology_rule
BODYORPHBLOTION::奥费恩香调润肤乳,奥费恩香调润肤乳,身体护理,SERVES_NEED,UserNeed,肌肤护理,product_form,已审核本体规则：身体护理 / 润肤乳 -> 肌肤护理,https://www.diptyque-cn.com/p/orphblotion-hand-and-body-lotion.html,derived_from_approved_rule,需求,derived_intent,controlled_ontology_rule
BODYSATINOILV1::柔滑多效滋养油,柔滑多效滋养油,身体护理,HAS_FUNCTION,Function,润肤,product_form,已审核本体规则：身体护理 / 滋养油 -> 润肤,https://www.diptyque-cn.com/p/satin-oil-for-body-and-hair-1.html,derived_from_approved_rule,功能,derived_intent,controlled_ontology_rule
BODYSATINOILV1::柔滑多效滋养油,柔滑多效滋养油,身体护理,SERVES_NEED,UserNeed,肌肤护理,product_form,已审核本体规则：身体护理 / 滋养油 -> 肌肤护理,https://www.diptyque-cn.com/p/satin-oil-for-body-and-hair-1.html,derived_from_approved_rule,需求,derived_intent,controlled_ontology_rule
BODYSENSBLOT::感官之水香氛润肤乳,感官之水香氛润肤乳,身体护理,HAS_FUNCTION,Function,润肤,product_form,已审核本体规则：身体护理 / 润肤乳 -> 润肤,https://www.diptyque-cn.com/p/ssensblot-gwp-1.html,derived_from_approved_rule,功能,derived_intent,controlled_ontology_rule
BODYSENSBLOT::感官之水香氛润肤乳,感官之水香氛润肤乳,身体护理,SERVES_NEED,UserNeed,肌肤护理,product_form,已审核本体规则：身体护理 / 润肤乳 -> 肌肤护理,https://www.diptyque-cn.com/p/ssensblot-gwp-1.html,derived_from_approved_rule,需求,derived_intent,controlled_ontology_rule
BODYSENSHCREAM::感官之水香氛护手霜,感官之水香氛护手霜,身体护理,HAS_FUNCTION,Function,润肤,product_form,已审核本体规则：身体护理 / 护手霜 -> 润肤,https://www.diptyque-cn.com/p/home-senshcream-1.html,derived_from_approved_rule,功能,derived_intent,controlled_ontology_rule
BODYSENSHCREAM::感官之水香氛护手霜,感官之水香氛护手霜,身体护理,SERVES_NEED,UserNeed,肌肤护理,product_form,已审核本体规则：身体护理 / 护手霜 -> 肌肤护理,https://www.diptyque-cn.com/p/home-senshcream-1.html,derived_from_approved_rule,需求,derived_intent,controlled_ontology_rule
BODYSHW1::去角质手部清洁露,去角质手部清洁露,身体护理,HAS_FUNCTION,Function,洁肤,formule_text,橄榄核研磨粉末清洁肌肤同时柔软肤触。,https://www.diptyque-cn.com/p/exfoliating-hand-wash-1.html,approved,功能,fact,controlled_source_pattern
BODYSHW1::去角质手部清洁露,去角质手部清洁露,身体护理,HAS_FUNCTION,Function,去角质,pdp_short_description,橄榄核研磨粉末，净化肌肤，同时温和去角质，柔软肤触。,https://www.diptyque-cn.com/p/exfoliating-hand-wash-1.html,approved,功能,fact,controlled_source_pattern
BODYSHW1::去角质手部清洁露,去角质手部清洁露,身体护理,SERVES_NEED,UserNeed,肌肤护理,product_form,已审核本体规则：身体护理 / 清洁露 -> 肌肤护理,https://www.diptyque-cn.com/p/exfoliating-hand-wash-1.html,derived_from_approved_rule,需求,derived_intent,controlled_ontology_rule
BODYSHW2::柔肤手部清洁露,柔肤手部清洁露,身体护理,HAS_FUNCTION,Function,洁肤,product_form,已审核本体规则：身体护理 / 清洁露 -> 洁肤,https://www.diptyque-cn.com/p/softening-hand-wash-glass-1.html,derived_from_approved_rule,功能,derived_intent,controlled_ontology_rule
BODYSHW2::柔肤手部清洁露,柔肤手部清洁露,身体护理,SERVES_NEED,UserNeed,肌肤护理,product_form,已审核本体规则：身体护理 / 清洁露 -> 肌肤护理,https://www.diptyque-cn.com/p/softening-hand-wash-glass-1.html,derived_from_approved_rule,需求,derived_intent,controlled_ontology_rule
BODYSHW3::去角质手部清洁露补充装,去角质手部清洁露补充装,身体护理,HAS_FUNCTION,Function,洁肤,formule_text,橄榄核研磨粉末清洁肌肤同时柔软肤触。,https://www.diptyque-cn.com/p/refill-exfoliating-hand-wash-1.html,approved,功能,fact,controlled_source_pattern
BODYSHW3::去角质手部清洁露补充装,去角质手部清洁露补充装,身体护理,HAS_FUNCTION,Function,去角质,pdp_short_description,橄榄核研磨粉末，净化肌肤，同时温和去角质，柔软肤触。,https://www.diptyque-cn.com/p/refill-exfoliating-hand-wash-1.html,approved,功能,fact,controlled_source_pattern
BODYSHW3::去角质手部清洁露补充装,去角质手部清洁露补充装,身体护理,SERVES_NEED,UserNeed,肌肤护理,product_form,已审核本体规则：身体护理 / 清洁露 -> 肌肤护理,https://www.diptyque-cn.com/p/refill-exfoliating-hand-wash-1.html,derived_from_approved_rule,需求,derived_intent,controlled_ontology_rule
BODYSHW4::柔肤手部清洁露补充装,柔肤手部清洁露补充装,身体护理,HAS_FUNCTION,Function,洁肤,product_form,已审核本体规则：身体护理 / 清洁露 -> 洁肤,https://www.diptyque-cn.com/p/refill-softening-hand-wash-1.html,derived_from_approved_rule,功能,derived_intent,controlled_ontology_rule
BODYSHW4::柔肤手部清洁露补充装,柔肤手部清洁露补充装,身体护理,SERVES_NEED,UserNeed,肌肤护理,product_form,已审核本体规则：身体护理 / 清洁露 -> 肌肤护理,https://www.diptyque-cn.com/p/refill-softening-hand-wash-1.html,derived_from_approved_rule,需求,derived_intent,controlled_ontology_rule
BODYSUM26MILK200::柠檬草与天竺葵香调晒后身体凝乳（限量版）,柠檬草与天竺葵香调晒后身体凝乳（限量版）,身体护理,HAS_SCENE,UseScene,沐浴后,usage_tips_text,沐浴后，这款身体凝乳为夏日阳光照射过的肌肤带来滋润与清凉。,https://www.diptyque-cn.com/p/home-sum26milk200-1.html,approved,场景,fact,controlled_source_pattern
BODYSUM26MILK200::柠檬草与天竺葵香调晒后身体凝乳（限量版）,柠檬草与天竺葵香调晒后身体凝乳（限量版）,身体护理,HAS_CARE_INSTRUCTION,CareInstruction,储存方法,usage_tips_text,请存放于干燥、避光的常温环境。,https://www.diptyque-cn.com/p/home-sum26milk200-1.html,approved,保养,fact,controlled_source_pattern
BODYSUM26MILK200::柠檬草与天竺葵香调晒后身体凝乳（限量版）,柠檬草与天竺葵香调晒后身体凝乳（限量版）,身体护理,HAS_FUNCTION,Function,润肤,product_form,已审核本体规则：身体护理 / 身体凝乳 -> 润肤,https://www.diptyque-cn.com/p/home-sum26milk200-1.html,derived_from_approved_rule,功能,derived_intent,controlled_ontology_rule
BODYSUM26MILK200::柠檬草与天竺葵香调晒后身体凝乳（限量版）,柠檬草与天竺葵香调晒后身体凝乳（限量版）,身体护理,SERVES_NEED,UserNeed,肌肤护理,product_form,已审核本体规则：身体护理 / 身体凝乳 -> 肌肤护理,https://www.diptyque-cn.com/p/home-sum26milk200-1.html,derived_from_approved_rule,需求,derived_intent,controlled_ontology_rule
BODYSUM26SGEL200::柠檬草与天竺葵香调洁肤露（限量版）,柠檬草与天竺葵香调洁肤露（限量版）,身体护理,HAS_FUNCTION,Function,洁肤,product_form,已审核本体规则：身体护理 / 洁肤露 -> 洁肤,https://www.diptyque-cn.com/p/frangrance-sum26sgel200-1.html,derived_from_approved_rule,功能,derived_intent,controlled_ontology_rule
BODYSUM26SGEL200::柠檬草与天竺葵香调洁肤露（限量版）,柠檬草与天竺葵香调洁肤露（限量版）,身体护理,SERVES_NEED,UserNeed,肌肤护理,product_form,已审核本体规则：身体护理 / 洁肤露 -> 肌肤护理,https://www.diptyque-cn.com/p/frangrance-sum26sgel200-1.html,derived_from_approved_rule,需求,derived_intent,controlled_ontology_rule
CANDLE34B1500::超大号香氛蜡烛圣日尔曼大道34号,超大号香氛蜡烛-圣日尔曼大道34号,家居香氛,HAS_CARE_INSTRUCTION,CareInstruction,首次燃烧,usage_tips_text,-第一次燃烧蜡烛时，请确保持续燃烧2-3小时，使蜡烛表面完全液化，以防止烛芯周围的蜡面凹陷。,https://www.diptyque-cn.com/p/34-boulevard-saint-germain-candle-1-5kg.html,approved,保养,fact,controlled_source_pattern
CANDLE34B1500::超大号香氛蜡烛圣日尔曼大道34号,超大号香氛蜡烛-圣日尔曼大道34号,家居香氛,HAS_CARE_INSTRUCTION,CareInstruction,修剪烛芯,usage_tips_text,-用烛芯修剪器定期修剪烛芯至3-5mm的理想长度。 -请确保在每次使用后蜡烛后都将烛芯调整至直立状态并处于中央位置，以确保蜡烛均匀燃烧。,https://www.diptyque-cn.com/p/34-boulevard-saint-germain-candle-1-5kg.html,approved,保养,fact,controlled_source_pattern
CANDLE34B1500::超大号香氛蜡烛圣日尔曼大道34号,超大号香氛蜡烛-圣日尔曼大道34号,家居香氛,HAS_CARE_INSTRUCTION,CareInstruction,控制燃烧时长,usage_tips_text,-第一次燃烧蜡烛时，请确保持续燃烧2-3小时，使蜡烛表面完全液化，以防止烛芯周围的蜡面凹陷。,https://www.diptyque-cn.com/p/34-boulevard-saint-germain-candle-1-5kg.html,approved,保养,fact,controlled_source_pattern
CANDLE34B1500::超大号香氛蜡烛圣日尔曼大道34号,超大号香氛蜡烛-圣日尔曼大道34号,家居香氛,HAS_FUNCTION,Function,扩香,product_form,已审核本体规则：家居香氛 / 超大号香氛蜡烛 -> 扩香,https://www.diptyque-cn.com/p/34-boulevard-saint-germain-candle-1-5kg.html,derived_from_approved_rule,功能,derived_intent,controlled_ontology_rule
CANDLE34B1500::超大号香氛蜡烛圣日尔曼大道34号,超大号香氛蜡烛-圣日尔曼大道34号,家居香氛,SERVES_NEED,UserNeed,空间氛围,product_form,已审核本体规则：家居香氛 / 超大号香氛蜡烛 -> 空间氛围,https://www.diptyque-cn.com/p/34-boulevard-saint-germain-candle-1-5kg.html,derived_from_approved_rule,需求,derived_intent,controlled_ontology_rule
CANDLE34B300::中号香氛蜡烛圣日尔曼大道34号,中号香氛蜡烛-圣日尔曼大道34号,家居香氛,HAS_FUNCTION,Function,留香,pdp_short_description,圣日尔曼大道34号香氛蜡烛散发出清新中略带绿意，夹杂着些许辛辣的气息。潮湿的苔藓、皱起的黑醋栗叶、晒干的无花果树叶，都是令人钟爱的香气原料。,https://www.diptyque-cn.com/p/34-boulevard-saint-germain-candle-300g-remavp.html,approved,功能,fact,controlled_source_pattern
CANDLE34B300::中号香氛蜡烛圣日尔曼大道34号,中号香氛蜡烛-圣日尔曼大道34号,家居香氛,HAS_SCENE,UseScene,中大型房间,caracteristics_text,-适合中型及大型房间 -香气渐进而持久（约20分钟后达到理想效果）。,https://www.diptyque-cn.com/p/34-boulevard-saint-germain-candle-300g-remavp.html,approved,场景,fact,controlled_source_pattern
CANDLE34B300::中号香氛蜡烛圣日尔曼大道34号,中号香氛蜡烛-圣日尔曼大道34号,家居香氛,HAS_CARE_INSTRUCTION,CareInstruction,首次燃烧,usage_tips_text,-第一次燃烧蜡烛时，请确保持续燃烧2-3小时，使蜡烛表面完全液化，以防止烛芯周围的蜡面凹陷。,https://www.diptyque-cn.com/p/34-boulevard-saint-germain-candle-300g-remavp.html,approved,保养,fact,controlled_source_pattern
CANDLE34B300::中号香氛蜡烛圣日尔曼大道34号,中号香氛蜡烛-圣日尔曼大道34号,家居香氛,HAS_CARE_INSTRUCTION,CareInstruction,修剪烛芯,usage_tips_text,-用烛芯修剪器定期修剪烛芯至3-5mm的理想长度。 -请确保在每次使用后蜡烛后都将烛芯调整至直立状态并处于中央位置，以确保蜡烛均匀燃烧。,https://www.diptyque-cn.com/p/34-boulevard-saint-germain-candle-300g-remavp.html,approved,保养,fact,controlled_source_pattern
CANDLE34B300::中号香氛蜡烛圣日尔曼大道34号,中号香氛蜡烛-圣日尔曼大道34号,家居香氛,HAS_CARE_INSTRUCTION,CareInstruction,控制燃烧时长,usage_tips_text,-第一次燃烧蜡烛时，请确保持续燃烧2-3小时，使蜡烛表面完全液化，以防止烛芯周围的蜡面凹陷。,https://www.diptyque-cn.com/p/34-boulevard-saint-germain-candle-300g-remavp.html,approved,保养,fact,controlled_source_pattern
CANDLE34B300::中号香氛蜡烛圣日尔曼大道34号,中号香氛蜡烛-圣日尔曼大道34号,家居香氛,HAS_CARE_INSTRUCTION,CareInstruction,无人照看警示,caracteristics_text,-请勿将燃烧中的蜡烛遗留在无人照看的场所。,https://www.diptyque-cn.com/p/34-boulevard-saint-germain-candle-300g-remavp.html,approved,保养,fact,controlled_source_pattern
CANDLE34B300::中号香氛蜡烛圣日尔曼大道34号,中号香氛蜡烛-圣日尔曼大道34号,家居香氛,HAS_FUNCTION,Function,扩香,product_form,已审核本体规则：家居香氛 / 中号香氛蜡烛 -> 扩香,https://www.diptyque-cn.com/p/34-boulevard-saint-germain-candle-300g-remavp.html,derived_from_approved_rule,功能,derived_intent,controlled_ontology_rule
CANDLE34B300::中号香氛蜡烛圣日尔曼大道34号,中号香氛蜡烛-圣日尔曼大道34号,家居香氛,SERVES_NEED,UserNeed,空间氛围,product_form,已审核本体规则：家居香氛 / 中号香氛蜡烛 -> 空间氛围,https://www.diptyque-cn.com/p/34-boulevard-saint-germain-candle-300g-remavp.html,derived_from_approved_rule,需求,derived_intent,controlled_ontology_rule
CANDLE34B600::大号香氛蜡烛圣日尔曼大道34号,大号香氛蜡烛-圣日尔曼大道34号,家居香氛,HAS_SCENE,UseScene,中大型房间,caracteristics_text,-适合中型及大型房间 -香气渐进而持久（约20分钟后达到理想效果）。,https://www.diptyque-cn.com/p/34-600g.html,approved,场景,fact,controlled_source_pattern
CANDLE34B600::大号香氛蜡烛圣日尔曼大道34号,大号香氛蜡烛-圣日尔曼大道34号,家居香氛,HAS_CARE_INSTRUCTION,CareInstruction,首次燃烧,usage_tips_text,-第一次燃烧蜡烛时，请确保持续燃烧2-3小时，使蜡烛表面完全液化，以防止烛芯周围的蜡面凹陷。,https://www.diptyque-cn.com/p/34-600g.html,approved,保养,fact,controlled_source_pattern
CANDLE34B600::大号香氛蜡烛圣日尔曼大道34号,大号香氛蜡烛-圣日尔曼大道34号,家居香氛,HAS_CARE_INSTRUCTION,CareInstruction,修剪烛芯,usage_tips_text,-用烛芯修剪器定期修剪烛芯至3-5mm的理想长度。 -请确保在每次使用后蜡烛后都将烛芯调整至直立状态并处于中央位置，以确保蜡烛均匀燃烧。,https://www.diptyque-cn.com/p/34-600g.html,approved,保养,fact,controlled_source_pattern
CANDLE34B600::大号香氛蜡烛圣日尔曼大道34号,大号香氛蜡烛-圣日尔曼大道34号,家居香氛,HAS_CARE_INSTRUCTION,CareInstruction,控制燃烧时长,usage_tips_text,-同时点燃3根烛芯，让蜡烛燃烧得更均匀。 -第一次燃烧蜡烛时，请确保持续燃烧2-3小时，使蜡烛表面完全液化，以防止烛芯周围的蜡面凹陷。,https://www.diptyque-cn.com/p/34-600g.html,approved,保养,fact,controlled_source_pattern
CANDLE34B600::大号香氛蜡烛圣日尔曼大道34号,大号香氛蜡烛-圣日尔曼大道34号,家居香氛,HAS_CARE_INSTRUCTION,CareInstruction,无人照看警示,caracteristics_text,-请勿将燃烧中的蜡烛遗留在无人照看的场所。,https://www.diptyque-cn.com/p/34-600g.html,approved,保养,fact,controlled_source_pattern
CANDLE34B600::大号香氛蜡烛圣日尔曼大道34号,大号香氛蜡烛-圣日尔曼大道34号,家居香氛,HAS_FUNCTION,Function,扩香,product_form,已审核本体规则：家居香氛 / 大号香氛蜡烛 -> 扩香,https://www.diptyque-cn.com/p/34-600g.html,derived_from_approved_rule,功能,derived_intent,controlled_ontology_rule
CANDLE34B600::大号香氛蜡烛圣日尔曼大道34号,大号香氛蜡烛-圣日尔曼大道34号,家居香氛,SERVES_NEED,UserNeed,空间氛围,product_form,已审核本体规则：家居香氛 / 大号香氛蜡烛 -> 空间氛围,https://www.diptyque-cn.com/p/34-600g.html,derived_from_approved_rule,需求,derived_intent,controlled_ontology_rule
CANDLEAB::迷你香氛蜡烛琥珀,迷你香氛蜡烛-琥珀,家居香氛,HAS_CARE_INSTRUCTION,CareInstruction,首次燃烧,usage_tips_text,-第一次燃烧蜡烛时，请确保持续燃烧2-3小时，使蜡烛表面完全液化，以防止烛芯周围的蜡面凹陷。,https://www.diptyque-cn.com/p/ambre-amber-small-candle.html,approved,保养,fact,controlled_source_pattern
CANDLEAB::迷你香氛蜡烛琥珀,迷你香氛蜡烛-琥珀,家居香氛,HAS_CARE_INSTRUCTION,CareInstruction,修剪烛芯,usage_tips_text,-用烛芯修剪器定期修剪烛芯至3-5mm的理想长度。 -请确保在每次使用后蜡烛后都将烛芯调整至直立状态并处于中央位置，以确保蜡烛均匀燃烧。,https://www.diptyque-cn.com/p/ambre-amber-small-candle.html,approved,保养,fact,controlled_source_pattern
CANDLEAB::迷你香氛蜡烛琥珀,迷你香氛蜡烛-琥珀,家居香氛,HAS_CARE_INSTRUCTION,CareInstruction,控制燃烧时长,usage_tips_text,-第一次燃烧蜡烛时，请确保持续燃烧2-3小时，使蜡烛表面完全液化，以防止烛芯周围的蜡面凹陷。,https://www.diptyque-cn.com/p/ambre-amber-small-candle.html,approved,保养,fact,controlled_source_pattern
CANDLEAB::迷你香氛蜡烛琥珀,迷你香氛蜡烛-琥珀,家居香氛,HAS_CARE_INSTRUCTION,CareInstruction,无人照看警示,caracteristics_text,-请勿将燃烧中的蜡烛遗留在无人照看的场所。,https://www.diptyque-cn.com/p/ambre-amber-small-candle.html,approved,保养,fact,controlled_source_pattern
CANDLEAB::迷你香氛蜡烛琥珀,迷你香氛蜡烛-琥珀,家居香氛,HAS_FUNCTION,Function,扩香,product_form,已审核本体规则：家居香氛 / 迷你香氛蜡烛 -> 扩香,https://www.diptyque-cn.com/p/ambre-amber-small-candle.html,derived_from_approved_rule,功能,derived_intent,controlled_ontology_rule
CANDLEAB::迷你香氛蜡烛琥珀,迷你香氛蜡烛-琥珀,家居香氛,SERVES_NEED,UserNeed,空间氛围,product_form,已审核本体规则：家居香氛 / 迷你香氛蜡烛 -> 空间氛围,https://www.diptyque-cn.com/p/ambre-amber-small-candle.html,derived_from_approved_rule,需求,derived_intent,controlled_ontology_rule
CANDLEAB::香氛蜡烛琥珀,香氛蜡烛-琥珀,家居香氛,HAS_CARE_INSTRUCTION,CareInstruction,首次燃烧,usage_tips_text,-第一次燃烧蜡烛时，请确保持续燃烧2-3小时，使蜡烛表面完全液化，以防止烛芯周围的蜡面凹陷。,https://www.diptyque-cn.com/p/ambre-amber-candle-remavp.html,approved,保养,fact,controlled_source_pattern
CANDLEAB::香氛蜡烛琥珀,香氛蜡烛-琥珀,家居香氛,HAS_CARE_INSTRUCTION,CareInstruction,修剪烛芯,usage_tips_text,-用烛芯修剪器定期修剪烛芯至3-5mm的理想长度。 -请确保在每次使用后蜡烛后都将烛芯调整至直立状态并处于中央位置，以确保蜡烛均匀燃烧。,https://www.diptyque-cn.com/p/ambre-amber-candle-remavp.html,approved,保养,fact,controlled_source_pattern
CANDLEAB::香氛蜡烛琥珀,香氛蜡烛-琥珀,家居香氛,HAS_CARE_INSTRUCTION,CareInstruction,控制燃烧时长,usage_tips_text,-第一次燃烧蜡烛时，请确保持续燃烧2-3小时，使蜡烛表面完全液化，以防止烛芯周围的蜡面凹陷。,https://www.diptyque-cn.com/p/ambre-amber-candle-remavp.html,approved,保养,fact,controlled_source_pattern
CANDLEAB::香氛蜡烛琥珀,香氛蜡烛-琥珀,家居香氛,HAS_CARE_INSTRUCTION,CareInstruction,无人照看警示,caracteristics_text,-请勿将燃烧中的蜡烛遗留在无人照看的场所。,https://www.diptyque-cn.com/p/ambre-amber-candle-remavp.html,approved,保养,fact,controlled_source_pattern
CANDLEAB::香氛蜡烛琥珀,香氛蜡烛-琥珀,家居香氛,HAS_FUNCTION,Function,扩香,product_form,已审核本体规则：家居香氛 / 经典香氛蜡烛 -> 扩香,https://www.diptyque-cn.com/p/ambre-amber-candle-remavp.html,derived_from_approved_rule,功能,derived_intent,controlled_ontology_rule
CANDLEAB::香氛蜡烛琥珀,香氛蜡烛-琥珀,家居香氛,SERVES_NEED,UserNeed,空间氛围,product_form,已审核本体规则：家居香氛 / 经典香氛蜡烛 -> 空间氛围,https://www.diptyque-cn.com/p/ambre-amber-candle-remavp.html,derived_from_approved_rule,需求,derived_intent,controlled_ontology_rule
CANDLEABA2::中号香氛蜡烛琥珀,中号香氛蜡烛-琥珀,家居香氛,HAS_SCENE,UseScene,中大型房间,caracteristics_text,-适合中型及大型房间 -香气渐进而持久（约20分钟后达到理想效果）。,https://www.diptyque-cn.com/p/amber-candle-300-remavp.html,approved,场景,fact,controlled_source_pattern
CANDLEABA2::中号香氛蜡烛琥珀,中号香氛蜡烛-琥珀,家居香氛,HAS_CARE_INSTRUCTION,CareInstruction,首次燃烧,usage_tips_text,-第一次燃烧蜡烛时，请确保持续燃烧2-3小时，使蜡烛表面完全液化，以防止烛芯周围的蜡面凹陷。,https://www.diptyque-cn.com/p/amber-candle-300-remavp.html,approved,保养,fact,controlled_source_pattern
CANDLEABA2::中号香氛蜡烛琥珀,中号香氛蜡烛-琥珀,家居香氛,HAS_CARE_INSTRUCTION,CareInstruction,修剪烛芯,usage_tips_text,-用烛芯修剪器定期修剪烛芯至3-5mm的理想长度。 -请确保在每次使用后蜡烛后都将烛芯调整至直立状态并处于中央位置，以确保蜡烛均匀燃烧。,https://www.diptyque-cn.com/p/amber-candle-300-remavp.html,approved,保养,fact,controlled_source_pattern
CANDLEABA2::中号香氛蜡烛琥珀,中号香氛蜡烛-琥珀,家居香氛,HAS_CARE_INSTRUCTION,CareInstruction,控制燃烧时长,usage_tips_text,-第一次燃烧蜡烛时，请确保持续燃烧2-3小时，使蜡烛表面完全液化，以防止烛芯周围的蜡面凹陷。,https://www.diptyque-cn.com/p/amber-candle-300-remavp.html,approved,保养,fact,controlled_source_pattern
CANDLEABA2::中号香氛蜡烛琥珀,中号香氛蜡烛-琥珀,家居香氛,HAS_CARE_INSTRUCTION,CareInstruction,无人照看警示,caracteristics_text,-请勿将燃烧中的蜡烛遗留在无人照看的场所。,https://www.diptyque-cn.com/p/amber-candle-300-remavp.html,approved,保养,fact,controlled_source_pattern
CANDLEABA2::中号香氛蜡烛琥珀,中号香氛蜡烛-琥珀,家居香氛,HAS_FUNCTION,Function,扩香,product_form,已审核本体规则：家居香氛 / 中号香氛蜡烛 -> 扩香,https://www.diptyque-cn.com/p/amber-candle-300-remavp.html,derived_from_approved_rule,功能,derived_intent,controlled_ontology_rule
CANDLEABA2::中号香氛蜡烛琥珀,中号香氛蜡烛-琥珀,家居香氛,SERVES_NEED,UserNeed,空间氛围,product_form,已审核本体规则：家居香氛 / 中号香氛蜡烛 -> 空间氛围,https://www.diptyque-cn.com/p/amber-candle-300-remavp.html,derived_from_approved_rule,需求,derived_intent,controlled_ontology_rule
CANDLEAMB1500::超大号香氛蜡烛琥珀,超大号香氛蜡烛-琥珀,家居香氛,HAS_CARE_INSTRUCTION,CareInstruction,首次燃烧,usage_tips_text,如何使用香熏蜡烛 -第一次燃烧蜡烛时，请确保持续燃烧2-3小时，使蜡烛表面完全液化，以防止烛芯周围的蜡面凹陷。,https://www.diptyque-cn.com/p/ambre-amber-extralarge-candle.html,approved,保养,fact,controlled_source_pattern
CANDLEAMB1500::超大号香氛蜡烛琥珀,超大号香氛蜡烛-琥珀,家居香氛,HAS_CARE_INSTRUCTION,CareInstruction,修剪烛芯,usage_tips_text,-用烛芯修剪器定期修剪烛芯至3-5mm的理想长度。 -请确保在每次使用后蜡烛后都将烛芯调整至直立状态并处于中央位置，以确保蜡烛均匀燃烧。,https://www.diptyque-cn.com/p/ambre-amber-extralarge-candle.html,approved,保养,fact,controlled_source_pattern
CANDLEAMB1500::超大号香氛蜡烛琥珀,超大号香氛蜡烛-琥珀,家居香氛,HAS_CARE_INSTRUCTION,CareInstruction,控制燃烧时长,usage_tips_text,如何使用香熏蜡烛 -第一次燃烧蜡烛时，请确保持续燃烧2-3小时，使蜡烛表面完全液化，以防止烛芯周围的蜡面凹陷。,https://www.diptyque-cn.com/p/ambre-amber-extralarge-candle.html,approved,保养,fact,controlled_source_pattern
CANDLEAMB1500::超大号香氛蜡烛琥珀,超大号香氛蜡烛-琥珀,家居香氛,HAS_FUNCTION,Function,扩香,product_form,已审核本体规则：家居香氛 / 超大号香氛蜡烛 -> 扩香,https://www.diptyque-cn.com/p/ambre-amber-extralarge-candle.html,derived_from_approved_rule,功能,derived_intent,controlled_ontology_rule
CANDLEAMB1500::超大号香氛蜡烛琥珀,超大号香氛蜡烛-琥珀,家居香氛,SERVES_NEED,UserNeed,空间氛围,product_form,已审核本体规则：家居香氛 / 超大号香氛蜡烛 -> 空间氛围,https://www.diptyque-cn.com/p/ambre-amber-extralarge-candle.html,derived_from_approved_rule,需求,derived_intent,controlled_ontology_rule
CANDLEAU1::香氛蜡烛山楂,香氛蜡烛-山楂,家居香氛,HAS_FUNCTION,Function,留香,pdp_long_description,散发出如杏仁、香草和蜂蜜般温暖阳光怡人的香气。,https://www.diptyque-cn.com/p/hawthorn-candle-remavp.html,approved,功能,fact,controlled_source_pattern
CANDLEAU1::香氛蜡烛山楂,香氛蜡烛-山楂,家居香氛,HAS_CARE_INSTRUCTION,CareInstruction,首次燃烧,usage_tips_text,-第一次燃烧蜡烛时，请确保持续燃烧2-3小时，使蜡烛表面完全液化，以防止烛芯周围的蜡面凹陷。,https://www.diptyque-cn.com/p/hawthorn-candle-remavp.html,approved,保养,fact,controlled_source_pattern
CANDLEAU1::香氛蜡烛山楂,香氛蜡烛-山楂,家居香氛,HAS_CARE_INSTRUCTION,CareInstruction,修剪烛芯,usage_tips_text,-用烛芯修剪器定期修剪烛芯至3-5mm的理想长度。 -请确保在每次使用后蜡烛后都将烛芯调整至直立状态并处于中央位置，以确保蜡烛均匀燃烧。,https://www.diptyque-cn.com/p/hawthorn-candle-remavp.html,approved,保养,fact,controlled_source_pattern
CANDLEAU1::香氛蜡烛山楂,香氛蜡烛-山楂,家居香氛,HAS_CARE_INSTRUCTION,CareInstruction,控制燃烧时长,usage_tips_text,-第一次燃烧蜡烛时，请确保持续燃烧2-3小时，使蜡烛表面完全液化，以防止烛芯周围的蜡面凹陷。,https://www.diptyque-cn.com/p/hawthorn-candle-remavp.html,approved,保养,fact,controlled_source_pattern
CANDLEAU1::香氛蜡烛山楂,香氛蜡烛-山楂,家居香氛,HAS_CARE_INSTRUCTION,CareInstruction,无人照看警示,caracteristics_text,-请勿将燃烧中的蜡烛遗留在无人照看的场所。,https://www.diptyque-cn.com/p/hawthorn-candle-remavp.html,approved,保养,fact,controlled_source_pattern
CANDLEAU1::香氛蜡烛山楂,香氛蜡烛-山楂,家居香氛,HAS_FUNCTION,Function,扩香,product_form,已审核本体规则：家居香氛 / 经典香氛蜡烛 -> 扩香,https://www.diptyque-cn.com/p/hawthorn-candle-remavp.html,derived_from_approved_rule,功能,derived_intent,controlled_ontology_rule
CANDLEAU1::香氛蜡烛山楂,香氛蜡烛-山楂,家居香氛,SERVES_NEED,UserNeed,空间氛围,product_form,已审核本体规则：家居香氛 / 经典香氛蜡烛 -> 空间氛围,https://www.diptyque-cn.com/p/hawthorn-candle-remavp.html,derived_from_approved_rule,需求,derived_intent,controlled_ontology_rule
CANDLEBAIES::迷你香氛蜡烛浆果香,迷你香氛蜡烛-浆果香,家居香氛,HAS_CARE_INSTRUCTION,CareInstruction,首次燃烧,usage_tips_text,-第一次燃烧蜡烛时，请确保持续燃烧2-3小时，使蜡烛表面完全液化，以防止烛芯周围的蜡面凹陷。,https://www.diptyque-cn.com/p/baies-berries-small-candle.html,approved,保养,fact,controlled_source_pattern
CANDLEBAIES::迷你香氛蜡烛浆果香,迷你香氛蜡烛-浆果香,家居香氛,HAS_CARE_INSTRUCTION,CareInstruction,修剪烛芯,usage_tips_text,-用烛芯修剪器定期修剪烛芯至3-5mm的理想长度。 -请确保在每次使用后蜡烛后都将烛芯调整至直立状态并处于中央位置，以确保蜡烛均匀燃烧。,https://www.diptyque-cn.com/p/baies-berries-small-candle.html,approved,保养,fact,controlled_source_pattern
CANDLEBAIES::迷你香氛蜡烛浆果香,迷你香氛蜡烛-浆果香,家居香氛,HAS_CARE_INSTRUCTION,CareInstruction,控制燃烧时长,usage_tips_text,-第一次燃烧蜡烛时，请确保持续燃烧2-3小时，使蜡烛表面完全液化，以防止烛芯周围的蜡面凹陷。,https://www.diptyque-cn.com/p/baies-berries-small-candle.html,approved,保养,fact,controlled_source_pattern
CANDLEBAIES::迷你香氛蜡烛浆果香,迷你香氛蜡烛-浆果香,家居香氛,HAS_CARE_INSTRUCTION,CareInstruction,无人照看警示,caracteristics_text,-请勿将燃烧中的蜡烛遗留在无人照看的场所。,https://www.diptyque-cn.com/p/baies-berries-small-candle.html,approved,保养,fact,controlled_source_pattern
CANDLEBAIES::迷你香氛蜡烛浆果香,迷你香氛蜡烛-浆果香,家居香氛,HAS_FUNCTION,Function,扩香,product_form,已审核本体规则：家居香氛 / 迷你香氛蜡烛 -> 扩香,https://www.diptyque-cn.com/p/baies-berries-small-candle.html,derived_from_approved_rule,功能,derived_intent,controlled_ontology_rule
CANDLEBAIES::迷你香氛蜡烛浆果香,迷你香氛蜡烛-浆果香,家居香氛,SERVES_NEED,UserNeed,空间氛围,product_form,已审核本体规则：家居香氛 / 迷你香氛蜡烛 -> 空间氛围,https://www.diptyque-cn.com/p/baies-berries-small-candle.html,derived_from_approved_rule,需求,derived_intent,controlled_ontology_rule
CANDLEBAIES::香氛蜡烛浆果香,香氛蜡烛-浆果香,家居香氛,HAS_CARE_INSTRUCTION,CareInstruction,首次燃烧,usage_tips_text,-第一次燃烧蜡烛时，请确保持续燃烧2-3小时，使蜡烛表面完全液化，以防止烛芯周围的蜡面凹陷。,https://www.diptyque-cn.com/p/berries-candle-190g-remavp.html,approved,保养,fact,controlled_source_pattern
CANDLEBAIES::香氛蜡烛浆果香,香氛蜡烛-浆果香,家居香氛,HAS_CARE_INSTRUCTION,CareInstruction,修剪烛芯,usage_tips_text,-用烛芯修剪器定期修剪烛芯至3-5mm的理想长度。 -请确保在每次使用后蜡烛后都将烛芯调整至直立状态并处于中央位置，以确保蜡烛均匀燃烧。,https://www.diptyque-cn.com/p/berries-candle-190g-remavp.html,approved,保养,fact,controlled_source_pattern
CANDLEBAIES::香氛蜡烛浆果香,香氛蜡烛-浆果香,家居香氛,HAS_CARE_INSTRUCTION,CareInstruction,控制燃烧时长,usage_tips_text,-第一次燃烧蜡烛时，请确保持续燃烧2-3小时，使蜡烛表面完全液化，以防止烛芯周围的蜡面凹陷。,https://www.diptyque-cn.com/p/berries-candle-190g-remavp.html,approved,保养,fact,controlled_source_pattern
CANDLEBAIES::香氛蜡烛浆果香,香氛蜡烛-浆果香,家居香氛,HAS_CARE_INSTRUCTION,CareInstruction,无人照看警示,caracteristics_text,-请勿将燃烧中的蜡烛遗留在无人照看的场所。,https://www.diptyque-cn.com/p/berries-candle-190g-remavp.html,approved,保养,fact,controlled_source_pattern
CANDLEBAIES::香氛蜡烛浆果香,香氛蜡烛-浆果香,家居香氛,HAS_FUNCTION,Function,扩香,product_form,已审核本体规则：家居香氛 / 经典香氛蜡烛 -> 扩香,https://www.diptyque-cn.com/p/berries-candle-190g-remavp.html,derived_from_approved_rule,功能,derived_intent,controlled_ontology_rule
CANDLEBAIES::香氛蜡烛浆果香,香氛蜡烛-浆果香,家居香氛,SERVES_NEED,UserNeed,空间氛围,product_form,已审核本体规则：家居香氛 / 经典香氛蜡烛 -> 空间氛围,https://www.diptyque-cn.com/p/berries-candle-190g-remavp.html,derived_from_approved_rule,需求,derived_intent,controlled_ontology_rule
CANDLEBAIESB1500::超大号香氛蜡烛浆果香,超大号香氛蜡烛-浆果香,家居香氛,HAS_CARE_INSTRUCTION,CareInstruction,首次燃烧,usage_tips_text,-第一次燃烧蜡烛时，请确保持续燃烧2-3小时，使蜡烛表面完全液化，以防止烛芯周围的蜡面凹陷。,https://www.diptyque-cn.com/p/baies-berries-candle-indoor-outdoor.html,approved,保养,fact,controlled_source_pattern
CANDLEBAIESB1500::超大号香氛蜡烛浆果香,超大号香氛蜡烛-浆果香,家居香氛,HAS_CARE_INSTRUCTION,CareInstruction,修剪烛芯,usage_tips_text,-用烛芯修剪器定期修剪烛芯至3-5mm的理想长度。 -请确保在每次使用后蜡烛后都将烛芯调整至直立状态并处于中央位置，以确保蜡烛均匀燃烧。,https://www.diptyque-cn.com/p/baies-berries-candle-indoor-outdoor.html,approved,保养,fact,controlled_source_pattern
CANDLEBAIESB1500::超大号香氛蜡烛浆果香,超大号香氛蜡烛-浆果香,家居香氛,HAS_CARE_INSTRUCTION,CareInstruction,控制燃烧时长,usage_tips_text,-第一次燃烧蜡烛时，请确保持续燃烧2-3小时，使蜡烛表面完全液化，以防止烛芯周围的蜡面凹陷。,https://www.diptyque-cn.com/p/baies-berries-candle-indoor-outdoor.html,approved,保养,fact,controlled_source_pattern
CANDLEBAIESB1500::超大号香氛蜡烛浆果香,超大号香氛蜡烛-浆果香,家居香氛,HAS_FUNCTION,Function,扩香,product_form,已审核本体规则：家居香氛 / 超大号香氛蜡烛 -> 扩香,https://www.diptyque-cn.com/p/baies-berries-candle-indoor-outdoor.html,derived_from_approved_rule,功能,derived_intent,controlled_ontology_rule
CANDLEBAIESB1500::超大号香氛蜡烛浆果香,超大号香氛蜡烛-浆果香,家居香氛,SERVES_NEED,UserNeed,空间氛围,product_form,已审核本体规则：家居香氛 / 超大号香氛蜡烛 -> 空间氛围,https://www.diptyque-cn.com/p/baies-berries-candle-indoor-outdoor.html,derived_from_approved_rule,需求,derived_intent,controlled_ontology_rule
CANDLEBAIESB600::大号香氛蜡烛浆果香,大号香氛蜡烛-浆果香,家居香氛,HAS_SCENE,UseScene,中大型房间,caracteristics_text,-适合中型及大型房间 -香气渐进而持久（约20分钟后达到理想效果）。,https://www.diptyque-cn.com/p/berries-candle-600g.html,approved,场景,fact,controlled_source_pattern
CANDLEBAIESB600::大号香氛蜡烛浆果香,大号香氛蜡烛-浆果香,家居香氛,HAS_CARE_INSTRUCTION,CareInstruction,首次燃烧,usage_tips_text,-第一次燃烧蜡烛时，请确保持续燃烧2-3小时，使蜡烛表面完全液化，以防止烛芯周围的蜡面凹陷。,https://www.diptyque-cn.com/p/berries-candle-600g.html,approved,保养,fact,controlled_source_pattern
CANDLEBAIESB600::大号香氛蜡烛浆果香,大号香氛蜡烛-浆果香,家居香氛,HAS_CARE_INSTRUCTION,CareInstruction,修剪烛芯,usage_tips_text,-用烛芯修剪器定期修剪烛芯至3-5mm的理想长度。 -请确保在每次使用后蜡烛后都将烛芯调整至直立状态并处于中央位置，以确保蜡烛均匀燃烧。,https://www.diptyque-cn.com/p/berries-candle-600g.html,approved,保养,fact,controlled_source_pattern
CANDLEBAIESB600::大号香氛蜡烛浆果香,大号香氛蜡烛-浆果香,家居香氛,HAS_CARE_INSTRUCTION,CareInstruction,控制燃烧时长,usage_tips_text,-同时点燃3根烛芯，让蜡烛燃烧得更均匀。 -第一次燃烧蜡烛时，请确保持续燃烧2-3小时，使蜡烛表面完全液化，以防止烛芯周围的蜡面凹陷。,https://www.diptyque-cn.com/p/berries-candle-600g.html,approved,保养,fact,controlled_source_pattern
CANDLEBAIESB600::大号香氛蜡烛浆果香,大号香氛蜡烛-浆果香,家居香氛,HAS_CARE_INSTRUCTION,CareInstruction,无人照看警示,caracteristics_text,-请勿将燃烧中的蜡烛遗留在无人照看的场所。,https://www.diptyque-cn.com/p/berries-candle-600g.html,approved,保养,fact,controlled_source_pattern
CANDLEBAIESB600::大号香氛蜡烛浆果香,大号香氛蜡烛-浆果香,家居香氛,HAS_FUNCTION,Function,扩香,product_form,已审核本体规则：家居香氛 / 大号香氛蜡烛 -> 扩香,https://www.diptyque-cn.com/p/berries-candle-600g.html,derived_from_approved_rule,功能,derived_intent,controlled_ontology_rule
CANDLEBAIESB600::大号香氛蜡烛浆果香,大号香氛蜡烛-浆果香,家居香氛,SERVES_NEED,UserNeed,空间氛围,product_form,已审核本体规则：家居香氛 / 大号香氛蜡烛 -> 空间氛围,https://www.diptyque-cn.com/p/berries-candle-600g.html,derived_from_approved_rule,需求,derived_intent,controlled_ontology_rule
CANDLEBAIESBN2::中号香氛蜡烛浆果香,中号香氛蜡烛-浆果香,家居香氛,HAS_SCENE,UseScene,中大型房间,caracteristics_text,-适合中型及大型房间 -香气渐进而持久（约20分钟后达到理想效果）。,https://www.diptyque-cn.com/p/bougie-baie-berries-remavp.html,approved,场景,fact,controlled_source_pattern
CANDLEBAIESBN2::中号香氛蜡烛浆果香,中号香氛蜡烛-浆果香,家居香氛,HAS_CARE_INSTRUCTION,CareInstruction,首次燃烧,usage_tips_text,-第一次燃烧蜡烛时，请确保持续燃烧2-3小时，使蜡烛表面完全液化，以防止烛芯周围的蜡面凹陷。,https://www.diptyque-cn.com/p/bougie-baie-berries-remavp.html,approved,保养,fact,controlled_source_pattern
CANDLEBAIESBN2::中号香氛蜡烛浆果香,中号香氛蜡烛-浆果香,家居香氛,HAS_CARE_INSTRUCTION,CareInstruction,修剪烛芯,usage_tips_text,-用烛芯修剪器定期修剪烛芯至3-5mm的理想长度。 -请确保在每次使用后蜡烛后都将烛芯调整至直立状态并处于中央位置，以确保蜡烛均匀燃烧。,https://www.diptyque-cn.com/p/bougie-baie-berries-remavp.html,approved,保养,fact,controlled_source_pattern
CANDLEBAIESBN2::中号香氛蜡烛浆果香,中号香氛蜡烛-浆果香,家居香氛,HAS_CARE_INSTRUCTION,CareInstruction,控制燃烧时长,usage_tips_text,-第一次燃烧蜡烛时，请确保持续燃烧2-3小时，使蜡烛表面完全液化，以防止烛芯周围的蜡面凹陷。,https://www.diptyque-cn.com/p/bougie-baie-berries-remavp.html,approved,保养,fact,controlled_source_pattern
CANDLEBAIESBN2::中号香氛蜡烛浆果香,中号香氛蜡烛-浆果香,家居香氛,HAS_CARE_INSTRUCTION,CareInstruction,无人照看警示,caracteristics_text,-请勿将燃烧中的蜡烛遗留在无人照看的场所。,https://www.diptyque-cn.com/p/bougie-baie-berries-remavp.html,approved,保养,fact,controlled_source_pattern
CANDLEBAIESBN2::中号香氛蜡烛浆果香,中号香氛蜡烛-浆果香,家居香氛,HAS_FUNCTION,Function,扩香,product_form,已审核本体规则：家居香氛 / 中号香氛蜡烛 -> 扩香,https://www.diptyque-cn.com/p/bougie-baie-berries-remavp.html,derived_from_approved_rule,功能,derived_intent,controlled_ontology_rule
CANDLEBAIESBN2::中号香氛蜡烛浆果香,中号香氛蜡烛-浆果香,家居香氛,SERVES_NEED,UserNeed,空间氛围,product_form,已审核本体规则：家居香氛 / 中号香氛蜡烛 -> 空间氛围,https://www.diptyque-cn.com/p/bougie-baie-berries-remavp.html,derived_from_approved_rule,需求,derived_intent,controlled_ontology_rule
CANDLEBJ1::香氛蜡烛安息香,香氛蜡烛-安息香,家居香氛,HAS_CARE_INSTRUCTION,CareInstruction,首次燃烧,usage_tips_text,-第一次燃烧蜡烛时，请确保持续燃烧2-3小时，使蜡烛表面完全液化，以防止烛芯周围的蜡面凹陷。,https://www.diptyque-cn.com/p/benjoin-candle-1-remavp.html,approved,保养,fact,controlled_source_pattern
CANDLEBJ1::香氛蜡烛安息香,香氛蜡烛-安息香,家居香氛,HAS_CARE_INSTRUCTION,CareInstruction,修剪烛芯,usage_tips_text,-用烛芯修剪器定期修剪烛芯至3-5mm的理想长度。 -请确保在每次使用后蜡烛后都将烛芯调整至直立状态并处于中央位置，以确保蜡烛均匀燃烧。,https://www.diptyque-cn.com/p/benjoin-candle-1-remavp.html,approved,保养,fact,controlled_source_pattern
CANDLEBJ1::香氛蜡烛安息香,香氛蜡烛-安息香,家居香氛,HAS_CARE_INSTRUCTION,CareInstruction,控制燃烧时长,usage_tips_text,-第一次燃烧蜡烛时，请确保持续燃烧2-3小时，使蜡烛表面完全液化，以防止烛芯周围的蜡面凹陷。,https://www.diptyque-cn.com/p/benjoin-candle-1-remavp.html,approved,保养,fact,controlled_source_pattern
CANDLEBJ1::香氛蜡烛安息香,香氛蜡烛-安息香,家居香氛,HAS_CARE_INSTRUCTION,CareInstruction,无人照看警示,caracteristics_text,-请勿将燃烧中的蜡烛遗留在无人照看的场所。,https://www.diptyque-cn.com/p/benjoin-candle-1-remavp.html,approved,保养,fact,controlled_source_pattern
CANDLEBJ1::香氛蜡烛安息香,香氛蜡烛-安息香,家居香氛,HAS_FUNCTION,Function,扩香,product_form,已审核本体规则：家居香氛 / 经典香氛蜡烛 -> 扩香,https://www.diptyque-cn.com/p/benjoin-candle-1-remavp.html,derived_from_approved_rule,功能,derived_intent,controlled_ontology_rule
CANDLEBJ1::香氛蜡烛安息香,香氛蜡烛-安息香,家居香氛,SERVES_NEED,UserNeed,空间氛围,product_form,已审核本体规则：家居香氛 / 经典香氛蜡烛 -> 空间氛围,https://www.diptyque-cn.com/p/benjoin-candle-1-remavp.html,derived_from_approved_rule,需求,derived_intent,controlled_ontology_rule
CANDLEC1::香氛蜡烛肉桂,香氛蜡烛-肉桂,家居香氛,HAS_CARE_INSTRUCTION,CareInstruction,首次燃烧,usage_tips_text,-第一次燃烧蜡烛时，请确保持续燃烧2-3小时，使蜡烛表面完全液化，以防止烛芯周围的蜡面凹陷。,https://www.diptyque-cn.com/p/cinnamon-candle-remavp.html,approved,保养,fact,controlled_source_pattern
CANDLEC1::香氛蜡烛肉桂,香氛蜡烛-肉桂,家居香氛,HAS_CARE_INSTRUCTION,CareInstruction,修剪烛芯,usage_tips_text,-用烛芯修剪器定期修剪烛芯至3-5mm的理想长度。 -请确保在每次使用后蜡烛后都将烛芯调整至直立状态并处于中央位置，以确保蜡烛均匀燃烧。,https://www.diptyque-cn.com/p/cinnamon-candle-remavp.html,approved,保养,fact,controlled_source_pattern
CANDLEC1::香氛蜡烛肉桂,香氛蜡烛-肉桂,家居香氛,HAS_CARE_INSTRUCTION,CareInstruction,控制燃烧时长,usage_tips_text,-第一次燃烧蜡烛时，请确保持续燃烧2-3小时，使蜡烛表面完全液化，以防止烛芯周围的蜡面凹陷。,https://www.diptyque-cn.com/p/cinnamon-candle-remavp.html,approved,保养,fact,controlled_source_pattern
CANDLEC1::香氛蜡烛肉桂,香氛蜡烛-肉桂,家居香氛,HAS_CARE_INSTRUCTION,CareInstruction,无人照看警示,caracteristics_text,-请勿将燃烧中的蜡烛遗留在无人照看的场所。,https://www.diptyque-cn.com/p/cinnamon-candle-remavp.html,approved,保养,fact,controlled_source_pattern
CANDLEC1::香氛蜡烛肉桂,香氛蜡烛-肉桂,家居香氛,HAS_FUNCTION,Function,扩香,product_form,已审核本体规则：家居香氛 / 经典香氛蜡烛 -> 扩香,https://www.diptyque-cn.com/p/cinnamon-candle-remavp.html,derived_from_approved_rule,功能,derived_intent,controlled_ontology_rule
CANDLEC1::香氛蜡烛肉桂,香氛蜡烛-肉桂,家居香氛,SERVES_NEED,UserNeed,空间氛围,product_form,已审核本体规则：家居香氛 / 经典香氛蜡烛 -> 空间氛围,https://www.diptyque-cn.com/p/cinnamon-candle-remavp.html,derived_from_approved_rule,需求,derived_intent,controlled_ontology_rule
CANDLECAFE190::香氛蜡烛咖啡,香氛蜡烛-咖啡,家居香氛,HAS_CARE_INSTRUCTION,CareInstruction,首次燃烧,usage_tips_text,-第一次燃烧蜡烛时，请确保持续燃烧2-3小时，使蜡烛表面完全液化，以防止烛芯周围的蜡面凹陷。,https://www.diptyque-cn.com/p/cafe190-candle.html,approved,保养,fact,controlled_source_pattern
CANDLECAFE190::香氛蜡烛咖啡,香氛蜡烛-咖啡,家居香氛,HAS_CARE_INSTRUCTION,CareInstruction,修剪烛芯,usage_tips_text,-用烛芯修剪器定期修剪烛芯至3-5mm的理想长度。 -请确保在每次使用后蜡烛后都将烛芯调整至直立状态并处于中央位置，以确保蜡烛均匀燃烧。,https://www.diptyque-cn.com/p/cafe190-candle.html,approved,保养,fact,controlled_source_pattern
CANDLECAFE190::香氛蜡烛咖啡,香氛蜡烛-咖啡,家居香氛,HAS_CARE_INSTRUCTION,CareInstruction,控制燃烧时长,usage_tips_text,-第一次燃烧蜡烛时，请确保持续燃烧2-3小时，使蜡烛表面完全液化，以防止烛芯周围的蜡面凹陷。,https://www.diptyque-cn.com/p/cafe190-candle.html,approved,保养,fact,controlled_source_pattern
CANDLECAFE190::香氛蜡烛咖啡,香氛蜡烛-咖啡,家居香氛,HAS_CARE_INSTRUCTION,CareInstruction,无人照看警示,caracteristics_text,-请勿将燃烧中的蜡烛遗留在无人照看的场所。,https://www.diptyque-cn.com/p/cafe190-candle.html,approved,保养,fact,controlled_source_pattern
CANDLECAFE190::香氛蜡烛咖啡,香氛蜡烛-咖啡,家居香氛,HAS_FUNCTION,Function,扩香,product_form,已审核本体规则：家居香氛 / 经典香氛蜡烛 -> 扩香,https://www.diptyque-cn.com/p/cafe190-candle.html,derived_from_approved_rule,功能,derived_intent,controlled_ontology_rule
CANDLECAFE190::香氛蜡烛咖啡,香氛蜡烛-咖啡,家居香氛,SERVES_NEED,UserNeed,空间氛围,product_form,已审核本体规则：家居香氛 / 经典香氛蜡烛 -> 空间氛围,https://www.diptyque-cn.com/p/cafe190-candle.html,derived_from_approved_rule,需求,derived_intent,controlled_ontology_rule
CANDLECI190V4::香氛蜡烛柠檬草,香氛蜡烛-柠檬草,家居香氛,HAS_CARE_INSTRUCTION,CareInstruction,首次燃烧,usage_tips_text,-第一次燃烧蜡烛时，请确保持续燃烧2-3小时，使蜡烛表面完全液化，以防止烛芯周围的蜡面凹陷。,https://www.diptyque-cn.com/p/ci190v4-candle-190g-1.html,approved,保养,fact,controlled_source_pattern
CANDLECI190V4::香氛蜡烛柠檬草,香氛蜡烛-柠檬草,家居香氛,HAS_CARE_INSTRUCTION,CareInstruction,修剪烛芯,usage_tips_text,-用烛芯修剪器定期修剪烛芯至3-5mm的理想长度。 -请确保在每次使用后蜡烛后都将烛芯调整至直立状态并处于中央位置，以确保蜡烛均匀燃烧。,https://www.diptyque-cn.com/p/ci190v4-candle-190g-1.html,approved,保养,fact,controlled_source_pattern
CANDLECI190V4::香氛蜡烛柠檬草,香氛蜡烛-柠檬草,家居香氛,HAS_CARE_INSTRUCTION,CareInstruction,控制燃烧时长,usage_tips_text,-第一次燃烧蜡烛时，请确保持续燃烧2-3小时，使蜡烛表面完全液化，以防止烛芯周围的蜡面凹陷。,https://www.diptyque-cn.com/p/ci190v4-candle-190g-1.html,approved,保养,fact,controlled_source_pattern
CANDLECI190V4::香氛蜡烛柠檬草,香氛蜡烛-柠檬草,家居香氛,HAS_CARE_INSTRUCTION,CareInstruction,无人照看警示,caracteristics_text,-请勿将燃烧中的蜡烛遗留在无人照看的场所。,https://www.diptyque-cn.com/p/ci190v4-candle-190g-1.html,approved,保养,fact,controlled_source_pattern
CANDLECI190V4::香氛蜡烛柠檬草,香氛蜡烛-柠檬草,家居香氛,HAS_FUNCTION,Function,扩香,product_form,已审核本体规则：家居香氛 / 经典香氛蜡烛 -> 扩香,https://www.diptyque-cn.com/p/ci190v4-candle-190g-1.html,derived_from_approved_rule,功能,derived_intent,controlled_ontology_rule
CANDLECI190V4::香氛蜡烛柠檬草,香氛蜡烛-柠檬草,家居香氛,SERVES_NEED,UserNeed,空间氛围,product_form,已审核本体规则：家居香氛 / 经典香氛蜡烛 -> 空间氛围,https://www.diptyque-cn.com/p/ci190v4-candle-190g-1.html,derived_from_approved_rule,需求,derived_intent,controlled_ontology_rule
CANDLECN1::香氛蜡烛橡木,香氛蜡烛-橡木,家居香氛,HAS_CARE_INSTRUCTION,CareInstruction,首次燃烧,usage_tips_text,-第一次燃烧蜡烛时，请确保持续燃烧2-3小时，使蜡烛表面完全液化，以防止烛芯周围的蜡面凹陷。,https://www.diptyque-cn.com/p/chene-oak-tree-candle-remavp.html,approved,保养,fact,controlled_source_pattern
CANDLECN1::香氛蜡烛橡木,香氛蜡烛-橡木,家居香氛,HAS_CARE_INSTRUCTION,CareInstruction,修剪烛芯,usage_tips_text,-用烛芯修剪器定期修剪烛芯至3-5mm的理想长度。 -请确保在每次使用后蜡烛后都将烛芯调整至直立状态并处于中央位置，以确保蜡烛均匀燃烧。,https://www.diptyque-cn.com/p/chene-oak-tree-candle-remavp.html,approved,保养,fact,controlled_source_pattern
CANDLECN1::香氛蜡烛橡木,香氛蜡烛-橡木,家居香氛,HAS_CARE_INSTRUCTION,CareInstruction,控制燃烧时长,usage_tips_text,-第一次燃烧蜡烛时，请确保持续燃烧2-3小时，使蜡烛表面完全液化，以防止烛芯周围的蜡面凹陷。,https://www.diptyque-cn.com/p/chene-oak-tree-candle-remavp.html,approved,保养,fact,controlled_source_pattern
CANDLECN1::香氛蜡烛橡木,香氛蜡烛-橡木,家居香氛,HAS_CARE_INSTRUCTION,CareInstruction,无人照看警示,caracteristics_text,-请勿将燃烧中的蜡烛遗留在无人照看的场所。,https://www.diptyque-cn.com/p/chene-oak-tree-candle-remavp.html,approved,保养,fact,controlled_source_pattern
CANDLECN1::香氛蜡烛橡木,香氛蜡烛-橡木,家居香氛,HAS_FUNCTION,Function,扩香,product_form,已审核本体规则：家居香氛 / 经典香氛蜡烛 -> 扩香,https://www.diptyque-cn.com/p/chene-oak-tree-candle-remavp.html,derived_from_approved_rule,功能,derived_intent,controlled_ontology_rule
CANDLECN1::香氛蜡烛橡木,香氛蜡烛-橡木,家居香氛,SERVES_NEED,UserNeed,空间氛围,product_form,已审核本体规则：家居香氛 / 经典香氛蜡烛 -> 空间氛围,https://www.diptyque-cn.com/p/chene-oak-tree-candle-remavp.html,derived_from_approved_rule,需求,derived_intent,controlled_ontology_rule
CANDLECO1::香氛蜡烛木梨,香氛蜡烛-木梨,家居香氛,HAS_CARE_INSTRUCTION,CareInstruction,首次燃烧,usage_tips_text,-第一次燃烧蜡烛时，请确保持续燃烧2-3小时，使蜡烛表面完全液化，以防止烛芯周围的蜡面凹陷。,https://www.diptyque-cn.com/p/quince-candle-remavp.html,approved,保养,fact,controlled_source_pattern
CANDLECO1::香氛蜡烛木梨,香氛蜡烛-木梨,家居香氛,HAS_CARE_INSTRUCTION,CareInstruction,修剪烛芯,usage_tips_text,-用烛芯修剪器定期修剪烛芯至3-5mm的理想长度。 -请确保在每次使用后蜡烛后都将烛芯调整至直立状态并处于中央位置，以确保蜡烛均匀燃烧。,https://www.diptyque-cn.com/p/quince-candle-remavp.html,approved,保养,fact,controlled_source_pattern
CANDLECO1::香氛蜡烛木梨,香氛蜡烛-木梨,家居香氛,HAS_CARE_INSTRUCTION,CareInstruction,控制燃烧时长,usage_tips_text,-第一次燃烧蜡烛时，请确保持续燃烧2-3小时，使蜡烛表面完全液化，以防止烛芯周围的蜡面凹陷。,https://www.diptyque-cn.com/p/quince-candle-remavp.html,approved,保养,fact,controlled_source_pattern
CANDLECO1::香氛蜡烛木梨,香氛蜡烛-木梨,家居香氛,HAS_CARE_INSTRUCTION,CareInstruction,无人照看警示,caracteristics_text,-请勿将燃烧中的蜡烛遗留在无人照看的场所。,https://www.diptyque-cn.com/p/quince-candle-remavp.html,approved,保养,fact,controlled_source_pattern
CANDLECO1::香氛蜡烛木梨,香氛蜡烛-木梨,家居香氛,HAS_FUNCTION,Function,扩香,product_form,已审核本体规则：家居香氛 / 经典香氛蜡烛 -> 扩香,https://www.diptyque-cn.com/p/quince-candle-remavp.html,derived_from_approved_rule,功能,derived_intent,controlled_ontology_rule
CANDLECO1::香氛蜡烛木梨,香氛蜡烛-木梨,家居香氛,SERVES_NEED,UserNeed,空间氛围,product_form,已审核本体规则：家居香氛 / 经典香氛蜡烛 -> 空间氛围,https://www.diptyque-cn.com/p/quince-candle-remavp.html,derived_from_approved_rule,需求,derived_intent,controlled_ontology_rule
CANDLECR1::香氛蜡烛胡荽,香氛蜡烛-胡荽,家居香氛,HAS_CARE_INSTRUCTION,CareInstruction,首次燃烧,usage_tips_text,-第一次燃烧蜡烛时，请确保持续燃烧2-3小时，使蜡烛表面完全液化，以防止烛芯周围的蜡面凹陷。,https://www.diptyque-cn.com/p/coriander-candle-remavp.html,approved,保养,fact,controlled_source_pattern
CANDLECR1::香氛蜡烛胡荽,香氛蜡烛-胡荽,家居香氛,HAS_CARE_INSTRUCTION,CareInstruction,修剪烛芯,usage_tips_text,-用烛芯修剪器定期修剪烛芯至3-5mm的理想长度。 -请确保在每次使用后蜡烛后都将烛芯调整至直立状态并处于中央位置，以确保蜡烛均匀燃烧。,https://www.diptyque-cn.com/p/coriander-candle-remavp.html,approved,保养,fact,controlled_source_pattern
CANDLECR1::香氛蜡烛胡荽,香氛蜡烛-胡荽,家居香氛,HAS_CARE_INSTRUCTION,CareInstruction,控制燃烧时长,usage_tips_text,-第一次燃烧蜡烛时，请确保持续燃烧2-3小时，使蜡烛表面完全液化，以防止烛芯周围的蜡面凹陷。,https://www.diptyque-cn.com/p/coriander-candle-remavp.html,approved,保养,fact,controlled_source_pattern
CANDLECR1::香氛蜡烛胡荽,香氛蜡烛-胡荽,家居香氛,HAS_CARE_INSTRUCTION,CareInstruction,无人照看警示,caracteristics_text,-请勿将燃烧中的蜡烛遗留在无人照看的场所。,https://www.diptyque-cn.com/p/coriander-candle-remavp.html,approved,保养,fact,controlled_source_pattern
CANDLECR1::香氛蜡烛胡荽,香氛蜡烛-胡荽,家居香氛,HAS_FUNCTION,Function,扩香,product_form,已审核本体规则：家居香氛 / 经典香氛蜡烛 -> 扩香,https://www.diptyque-cn.com/p/coriander-candle-remavp.html,derived_from_approved_rule,功能,derived_intent,controlled_ontology_rule
CANDLECR1::香氛蜡烛胡荽,香氛蜡烛-胡荽,家居香氛,SERVES_NEED,UserNeed,空间氛围,product_form,已审核本体规则：家居香氛 / 经典香氛蜡烛 -> 空间氛围,https://www.diptyque-cn.com/p/coriander-candle-remavp.html,derived_from_approved_rule,需求,derived_intent,controlled_ontology_rule
CANDLECY1::香氛蜡烛墨西哥橙花,香氛蜡烛-墨西哥橙花,家居香氛,HAS_CARE_INSTRUCTION,CareInstruction,首次燃烧,usage_tips_text,-第一次燃烧蜡烛时，请确保持续燃烧2-3小时，使蜡烛表面完全液化，以防止烛芯周围的蜡面凹陷。,https://www.diptyque-cn.com/p/fleur-d-oranger-orange-blossom-candle-remavp.html,approved,保养,fact,controlled_source_pattern
CANDLECY1::香氛蜡烛墨西哥橙花,香氛蜡烛-墨西哥橙花,家居香氛,HAS_CARE_INSTRUCTION,CareInstruction,修剪烛芯,usage_tips_text,-用烛芯修剪器定期修剪烛芯至3-5mm的理想长度。 -请确保在每次使用后蜡烛后都将烛芯调整至直立状态并处于中央位置，以确保蜡烛均匀燃烧。,https://www.diptyque-cn.com/p/fleur-d-oranger-orange-blossom-candle-remavp.html,approved,保养,fact,controlled_source_pattern
CANDLECY1::香氛蜡烛墨西哥橙花,香氛蜡烛-墨西哥橙花,家居香氛,HAS_CARE_INSTRUCTION,CareInstruction,控制燃烧时长,usage_tips_text,-第一次燃烧蜡烛时，请确保持续燃烧2-3小时，使蜡烛表面完全液化，以防止烛芯周围的蜡面凹陷。,https://www.diptyque-cn.com/p/fleur-d-oranger-orange-blossom-candle-remavp.html,approved,保养,fact,controlled_source_pattern
CANDLECY1::香氛蜡烛墨西哥橙花,香氛蜡烛-墨西哥橙花,家居香氛,HAS_CARE_INSTRUCTION,CareInstruction,无人照看警示,caracteristics_text,-请勿将燃烧中的蜡烛遗留在无人照看的场所。,https://www.diptyque-cn.com/p/fleur-d-oranger-orange-blossom-candle-remavp.html,approved,保养,fact,controlled_source_pattern
CANDLECY1::香氛蜡烛墨西哥橙花,香氛蜡烛-墨西哥橙花,家居香氛,HAS_FUNCTION,Function,扩香,product_form,已审核本体规则：家居香氛 / 经典香氛蜡烛 -> 扩香,https://www.diptyque-cn.com/p/fleur-d-oranger-orange-blossom-candle-remavp.html,derived_from_approved_rule,功能,derived_intent,controlled_ontology_rule
CANDLECY1::香氛蜡烛墨西哥橙花,香氛蜡烛-墨西哥橙花,家居香氛,SERVES_NEED,UserNeed,空间氛围,product_form,已审核本体规则：家居香氛 / 经典香氛蜡烛 -> 空间氛围,https://www.diptyque-cn.com/p/fleur-d-oranger-orange-blossom-candle-remavp.html,derived_from_approved_rule,需求,derived_intent,controlled_ontology_rule
CANDLECYPRES::迷你香氛蜡烛柏树,迷你香氛蜡烛-柏树,家居香氛,HAS_CARE_INSTRUCTION,CareInstruction,首次燃烧,usage_tips_text,-第一次燃烧蜡烛时，请确保持续燃烧2-3小时，使蜡烛表面完全液化，以防止烛芯周围的蜡面凹陷。,https://www.diptyque-cn.com/p/petite-bougie-cypres-1.html,approved,保养,fact,controlled_source_pattern
CANDLECYPRES::迷你香氛蜡烛柏树,迷你香氛蜡烛-柏树,家居香氛,HAS_CARE_INSTRUCTION,CareInstruction,修剪烛芯,usage_tips_text,-用烛芯修剪器定期修剪烛芯至3-5mm的理想长度。 -请确保在每次使用后蜡烛后都将烛芯调整至直立状态并处于中央位置，以确保蜡烛均匀燃烧。,https://www.diptyque-cn.com/p/petite-bougie-cypres-1.html,approved,保养,fact,controlled_source_pattern
CANDLECYPRES::迷你香氛蜡烛柏树,迷你香氛蜡烛-柏树,家居香氛,HAS_CARE_INSTRUCTION,CareInstruction,控制燃烧时长,usage_tips_text,-第一次燃烧蜡烛时，请确保持续燃烧2-3小时，使蜡烛表面完全液化，以防止烛芯周围的蜡面凹陷。,https://www.diptyque-cn.com/p/petite-bougie-cypres-1.html,approved,保养,fact,controlled_source_pattern
CANDLECYPRES::迷你香氛蜡烛柏树,迷你香氛蜡烛-柏树,家居香氛,HAS_CARE_INSTRUCTION,CareInstruction,无人照看警示,caracteristics_text,-请勿将燃烧中的蜡烛遗留在无人照看的场所。,https://www.diptyque-cn.com/p/petite-bougie-cypres-1.html,approved,保养,fact,controlled_source_pattern
CANDLECYPRES::迷你香氛蜡烛柏树,迷你香氛蜡烛-柏树,家居香氛,HAS_FUNCTION,Function,扩香,product_form,已审核本体规则：家居香氛 / 迷你香氛蜡烛 -> 扩香,https://www.diptyque-cn.com/p/petite-bougie-cypres-1.html,derived_from_approved_rule,功能,derived_intent,controlled_ontology_rule
CANDLECYPRES::迷你香氛蜡烛柏树,迷你香氛蜡烛-柏树,家居香氛,SERVES_NEED,UserNeed,空间氛围,product_form,已审核本体规则：家居香氛 / 迷你香氛蜡烛 -> 空间氛围,https://www.diptyque-cn.com/p/petite-bougie-cypres-1.html,derived_from_approved_rule,需求,derived_intent,controlled_ontology_rule
CANDLECYPRES::香氛蜡烛柏树,香氛蜡烛-柏树,家居香氛,HAS_CARE_INSTRUCTION,CareInstruction,首次燃烧,usage_tips_text,-第一次燃烧蜡烛时，请确保持续燃烧2-3小时，使蜡烛表面完全液化，以防止烛芯周围的蜡面凹陷。,https://www.diptyque-cn.com/p/cypres-cypress-candle-1-remavp.html,approved,保养,fact,controlled_source_pattern
CANDLECYPRES::香氛蜡烛柏树,香氛蜡烛-柏树,家居香氛,HAS_CARE_INSTRUCTION,CareInstruction,修剪烛芯,usage_tips_text,-用烛芯修剪器定期修剪烛芯至3-5mm的理想长度。 -请确保在每次使用后蜡烛后都将烛芯调整至直立状态并处于中央位置，以确保蜡烛均匀燃烧。,https://www.diptyque-cn.com/p/cypres-cypress-candle-1-remavp.html,approved,保养,fact,controlled_source_pattern
CANDLECYPRES::香氛蜡烛柏树,香氛蜡烛-柏树,家居香氛,HAS_CARE_INSTRUCTION,CareInstruction,控制燃烧时长,usage_tips_text,-第一次燃烧蜡烛时，请确保持续燃烧2-3小时，使蜡烛表面完全液化，以防止烛芯周围的蜡面凹陷。,https://www.diptyque-cn.com/p/cypres-cypress-candle-1-remavp.html,approved,保养,fact,controlled_source_pattern
CANDLECYPRES::香氛蜡烛柏树,香氛蜡烛-柏树,家居香氛,HAS_CARE_INSTRUCTION,CareInstruction,无人照看警示,caracteristics_text,-请勿将燃烧中的蜡烛遗留在无人照看的场所。,https://www.diptyque-cn.com/p/cypres-cypress-candle-1-remavp.html,approved,保养,fact,controlled_source_pattern
CANDLECYPRES::香氛蜡烛柏树,香氛蜡烛-柏树,家居香氛,HAS_FUNCTION,Function,扩香,product_form,已审核本体规则：家居香氛 / 经典香氛蜡烛 -> 扩香,https://www.diptyque-cn.com/p/cypres-cypress-candle-1-remavp.html,derived_from_approved_rule,功能,derived_intent,controlled_ontology_rule
CANDLECYPRES::香氛蜡烛柏树,香氛蜡烛-柏树,家居香氛,SERVES_NEED,UserNeed,空间氛围,product_form,已审核本体规则：家居香氛 / 经典香氛蜡烛 -> 空间氛围,https://www.diptyque-cn.com/p/cypres-cypress-candle-1-remavp.html,derived_from_approved_rule,需求,derived_intent,controlled_ontology_rule
CANDLEEU1::香氛蜡烛尤加利,香氛蜡烛-尤加利,家居香氛,HAS_CARE_INSTRUCTION,CareInstruction,首次燃烧,usage_tips_text,-第一次燃烧蜡烛时，请确保持续燃烧2-3小时，使蜡烛表面完全液化，以防止烛芯周围的蜡面凹陷。,https://www.diptyque-cn.com/p/eucalyptus-candle-remavp.html,approved,保养,fact,controlled_source_pattern
CANDLEEU1::香氛蜡烛尤加利,香氛蜡烛-尤加利,家居香氛,HAS_CARE_INSTRUCTION,CareInstruction,修剪烛芯,usage_tips_text,-用烛芯修剪器定期修剪烛芯至3-5mm的理想长度。 -请确保在每次使用后蜡烛后都将烛芯调整至直立状态并处于中央位置，以确保蜡烛均匀燃烧。,https://www.diptyque-cn.com/p/eucalyptus-candle-remavp.html,approved,保养,fact,controlled_source_pattern
CANDLEEU1::香氛蜡烛尤加利,香氛蜡烛-尤加利,家居香氛,HAS_CARE_INSTRUCTION,CareInstruction,控制燃烧时长,usage_tips_text,-第一次燃烧蜡烛时，请确保持续燃烧2-3小时，使蜡烛表面完全液化，以防止烛芯周围的蜡面凹陷。,https://www.diptyque-cn.com/p/eucalyptus-candle-remavp.html,approved,保养,fact,controlled_source_pattern
CANDLEEU1::香氛蜡烛尤加利,香氛蜡烛-尤加利,家居香氛,HAS_CARE_INSTRUCTION,CareInstruction,无人照看警示,caracteristics_text,-请勿将燃烧中的蜡烛遗留在无人照看的场所。,https://www.diptyque-cn.com/p/eucalyptus-candle-remavp.html,approved,保养,fact,controlled_source_pattern
CANDLEEU1::香氛蜡烛尤加利,香氛蜡烛-尤加利,家居香氛,HAS_FUNCTION,Function,扩香,product_form,已审核本体规则：家居香氛 / 经典香氛蜡烛 -> 扩香,https://www.diptyque-cn.com/p/eucalyptus-candle-remavp.html,derived_from_approved_rule,功能,derived_intent,controlled_ontology_rule
CANDLEEU1::香氛蜡烛尤加利,香氛蜡烛-尤加利,家居香氛,SERVES_NEED,UserNeed,空间氛围,product_form,已审核本体规则：家居香氛 / 经典香氛蜡烛 -> 空间氛围,https://www.diptyque-cn.com/p/eucalyptus-candle-remavp.html,derived_from_approved_rule,需求,derived_intent,controlled_ontology_rule
CANDLEFB15001::超大号香氛蜡烛炭木香,超大号香氛蜡烛-炭木香,家居香氛,HAS_FUNCTION,Function,留香,pdp_short_description,木头噼啪作响，缓缓散发出浓郁的烟熏香气。,https://www.diptyque-cn.com/p/feu-de-bois-wood-fire-interior-exterior-candle.html,approved,功能,fact,controlled_source_pattern
CANDLEFB15001::超大号香氛蜡烛炭木香,超大号香氛蜡烛-炭木香,家居香氛,HAS_CARE_INSTRUCTION,CareInstruction,首次燃烧,usage_tips_text,-第一次燃烧蜡烛时，请确保持续燃烧2-3小时，使蜡烛表面完全液化，以防止烛芯周围的蜡面凹陷。,https://www.diptyque-cn.com/p/feu-de-bois-wood-fire-interior-exterior-candle.html,approved,保养,fact,controlled_source_pattern
CANDLEFB15001::超大号香氛蜡烛炭木香,超大号香氛蜡烛-炭木香,家居香氛,HAS_CARE_INSTRUCTION,CareInstruction,修剪烛芯,usage_tips_text,-用烛芯修剪器定期修剪烛芯至3-5mm的理想长度。 -请确保在每次使用后蜡烛后都将烛芯调整至直立状态并处于中央位置，以确保蜡烛均匀燃烧。,https://www.diptyque-cn.com/p/feu-de-bois-wood-fire-interior-exterior-candle.html,approved,保养,fact,controlled_source_pattern
CANDLEFB15001::超大号香氛蜡烛炭木香,超大号香氛蜡烛-炭木香,家居香氛,HAS_CARE_INSTRUCTION,CareInstruction,控制燃烧时长,usage_tips_text,-第一次燃烧蜡烛时，请确保持续燃烧2-3小时，使蜡烛表面完全液化，以防止烛芯周围的蜡面凹陷。,https://www.diptyque-cn.com/p/feu-de-bois-wood-fire-interior-exterior-candle.html,approved,保养,fact,controlled_source_pattern
CANDLEFB15001::超大号香氛蜡烛炭木香,超大号香氛蜡烛-炭木香,家居香氛,HAS_FUNCTION,Function,扩香,product_form,已审核本体规则：家居香氛 / 超大号香氛蜡烛 -> 扩香,https://www.diptyque-cn.com/p/feu-de-bois-wood-fire-interior-exterior-candle.html,derived_from_approved_rule,功能,derived_intent,controlled_ontology_rule
CANDLEFB15001::超大号香氛蜡烛炭木香,超大号香氛蜡烛-炭木香,家居香氛,SERVES_NEED,UserNeed,空间氛围,product_form,已审核本体规则：家居香氛 / 超大号香氛蜡烛 -> 空间氛围,https://www.diptyque-cn.com/p/feu-de-bois-wood-fire-interior-exterior-candle.html,derived_from_approved_rule,需求,derived_intent,controlled_ontology_rule
CANDLEFB600::大号香氛蜡烛炭木香,大号香氛蜡烛-炭木香,家居香氛,HAS_FUNCTION,Function,留香,pdp_short_description,木头噼啪作响，缓缓散发出浓郁的烟熏香气。,https://www.diptyque-cn.com/p/feu-de-bois-wood-fire-candle-600g.html,approved,功能,fact,controlled_source_pattern
CANDLEFB600::大号香氛蜡烛炭木香,大号香氛蜡烛-炭木香,家居香氛,HAS_SCENE,UseScene,中大型房间,caracteristics_text,-适合中型及大型房间 -香气渐进而持久（约20分钟后达到理想效果）。,https://www.diptyque-cn.com/p/feu-de-bois-wood-fire-candle-600g.html,approved,场景,fact,controlled_source_pattern
CANDLEFB600::大号香氛蜡烛炭木香,大号香氛蜡烛-炭木香,家居香氛,HAS_CARE_INSTRUCTION,CareInstruction,首次燃烧,usage_tips_text,-第一次燃烧蜡烛时，请确保持续燃烧2-3小时，使蜡烛表面完全液化，以防止烛芯周围的蜡面凹陷。,https://www.diptyque-cn.com/p/feu-de-bois-wood-fire-candle-600g.html,approved,保养,fact,controlled_source_pattern
CANDLEFB600::大号香氛蜡烛炭木香,大号香氛蜡烛-炭木香,家居香氛,HAS_CARE_INSTRUCTION,CareInstruction,修剪烛芯,usage_tips_text,-用烛芯修剪器定期修剪烛芯至3-5mm的理想长度。 -请确保在每次使用后蜡烛后都将烛芯调整至直立状态并处于中央位置，以确保蜡烛均匀燃烧。,https://www.diptyque-cn.com/p/feu-de-bois-wood-fire-candle-600g.html,approved,保养,fact,controlled_source_pattern
CANDLEFB600::大号香氛蜡烛炭木香,大号香氛蜡烛-炭木香,家居香氛,HAS_CARE_INSTRUCTION,CareInstruction,控制燃烧时长,usage_tips_text,-同时点燃3根烛芯，让蜡烛燃烧得更均匀。 -第一次燃烧蜡烛时，请确保持续燃烧2-3小时，使蜡烛表面完全液化，以防止烛芯周围的蜡面凹陷。,https://www.diptyque-cn.com/p/feu-de-bois-wood-fire-candle-600g.html,approved,保养,fact,controlled_source_pattern
CANDLEFB600::大号香氛蜡烛炭木香,大号香氛蜡烛-炭木香,家居香氛,HAS_CARE_INSTRUCTION,CareInstruction,无人照看警示,caracteristics_text,-请勿将燃烧中的蜡烛遗留在无人照看的场所。,https://www.diptyque-cn.com/p/feu-de-bois-wood-fire-candle-600g.html,approved,保养,fact,controlled_source_pattern
CANDLEFB600::大号香氛蜡烛炭木香,大号香氛蜡烛-炭木香,家居香氛,HAS_FUNCTION,Function,扩香,product_form,已审核本体规则：家居香氛 / 大号香氛蜡烛 -> 扩香,https://www.diptyque-cn.com/p/feu-de-bois-wood-fire-candle-600g.html,derived_from_approved_rule,功能,derived_intent,controlled_ontology_rule
CANDLEFB600::大号香氛蜡烛炭木香,大号香氛蜡烛-炭木香,家居香氛,SERVES_NEED,UserNeed,空间氛围,product_form,已审核本体规则：家居香氛 / 大号香氛蜡烛 -> 空间氛围,https://www.diptyque-cn.com/p/feu-de-bois-wood-fire-candle-600g.html,derived_from_approved_rule,需求,derived_intent,controlled_ontology_rule
CANDLEFB::迷你香氛蜡烛炭木香,迷你香氛蜡烛-炭木香,家居香氛,HAS_FUNCTION,Function,留香,pdp_short_description,冬日降临，壁炉中燃烧着炭火，缓缓散发出浓郁的烟熏香气。,https://www.diptyque-cn.com/p/feu-de-bois-wood-fire-small-candle.html,approved,功能,fact,controlled_source_pattern
CANDLEFB::迷你香氛蜡烛炭木香,迷你香氛蜡烛-炭木香,家居香氛,HAS_CARE_INSTRUCTION,CareInstruction,首次燃烧,usage_tips_text,-第一次燃烧蜡烛时，请确保持续燃烧2-3小时，使蜡烛表面完全液化，以防止烛芯周围的蜡面凹陷。,https://www.diptyque-cn.com/p/feu-de-bois-wood-fire-small-candle.html,approved,保养,fact,controlled_source_pattern
CANDLEFB::迷你香氛蜡烛炭木香,迷你香氛蜡烛-炭木香,家居香氛,HAS_CARE_INSTRUCTION,CareInstruction,修剪烛芯,usage_tips_text,-用烛芯修剪器定期修剪烛芯至3-5mm的理想长度。 -请确保在每次使用后蜡烛后都将烛芯调整至直立状态并处于中央位置，以确保蜡烛均匀燃烧。,https://www.diptyque-cn.com/p/feu-de-bois-wood-fire-small-candle.html,approved,保养,fact,controlled_source_pattern
CANDLEFB::迷你香氛蜡烛炭木香,迷你香氛蜡烛-炭木香,家居香氛,HAS_CARE_INSTRUCTION,CareInstruction,控制燃烧时长,usage_tips_text,-第一次燃烧蜡烛时，请确保持续燃烧2-3小时，使蜡烛表面完全液化，以防止烛芯周围的蜡面凹陷。,https://www.diptyque-cn.com/p/feu-de-bois-wood-fire-small-candle.html,approved,保养,fact,controlled_source_pattern
CANDLEFB::迷你香氛蜡烛炭木香,迷你香氛蜡烛-炭木香,家居香氛,HAS_CARE_INSTRUCTION,CareInstruction,无人照看警示,caracteristics_text,-请勿将燃烧中的蜡烛遗留在无人照看的场所。,https://www.diptyque-cn.com/p/feu-de-bois-wood-fire-small-candle.html,approved,保养,fact,controlled_source_pattern
CANDLEFB::迷你香氛蜡烛炭木香,迷你香氛蜡烛-炭木香,家居香氛,HAS_FUNCTION,Function,扩香,product_form,已审核本体规则：家居香氛 / 迷你香氛蜡烛 -> 扩香,https://www.diptyque-cn.com/p/feu-de-bois-wood-fire-small-candle.html,derived_from_approved_rule,功能,derived_intent,controlled_ontology_rule
CANDLEFB::迷你香氛蜡烛炭木香,迷你香氛蜡烛-炭木香,家居香氛,SERVES_NEED,UserNeed,空间氛围,product_form,已审核本体规则：家居香氛 / 迷你香氛蜡烛 -> 空间氛围,https://www.diptyque-cn.com/p/feu-de-bois-wood-fire-small-candle.html,derived_from_approved_rule,需求,derived_intent,controlled_ontology_rule
CANDLEFB::香氛蜡烛炭木香,香氛蜡烛-炭木香,家居香氛,HAS_FUNCTION,Function,留香,pdp_short_description,冬日降临，壁炉中燃烧着炭火，缓缓散发出浓郁的烟熏香气。,https://www.diptyque-cn.com/p/bougie-feu-de-bois-190g-remavp.html,approved,功能,fact,controlled_source_pattern
CANDLEFB::香氛蜡烛炭木香,香氛蜡烛-炭木香,家居香氛,HAS_CARE_INSTRUCTION,CareInstruction,首次燃烧,usage_tips_text,-第一次燃烧蜡烛时，请确保持续燃烧2-3小时，使蜡烛表面完全液化，以防止烛芯周围的蜡面凹陷。,https://www.diptyque-cn.com/p/bougie-feu-de-bois-190g-remavp.html,approved,保养,fact,controlled_source_pattern
CANDLEFB::香氛蜡烛炭木香,香氛蜡烛-炭木香,家居香氛,HAS_CARE_INSTRUCTION,CareInstruction,修剪烛芯,usage_tips_text,-用烛芯修剪器定期修剪烛芯至3-5mm的理想长度。 -请确保在每次使用后蜡烛后都将烛芯调整至直立状态并处于中央位置，以确保蜡烛均匀燃烧。,https://www.diptyque-cn.com/p/bougie-feu-de-bois-190g-remavp.html,approved,保养,fact,controlled_source_pattern
CANDLEFB::香氛蜡烛炭木香,香氛蜡烛-炭木香,家居香氛,HAS_CARE_INSTRUCTION,CareInstruction,控制燃烧时长,usage_tips_text,-第一次燃烧蜡烛时，请确保持续燃烧2-3小时，使蜡烛表面完全液化，以防止烛芯周围的蜡面凹陷。,https://www.diptyque-cn.com/p/bougie-feu-de-bois-190g-remavp.html,approved,保养,fact,controlled_source_pattern
CANDLEFB::香氛蜡烛炭木香,香氛蜡烛-炭木香,家居香氛,HAS_CARE_INSTRUCTION,CareInstruction,无人照看警示,caracteristics_text,-请勿将燃烧中的蜡烛遗留在无人照看的场所。,https://www.diptyque-cn.com/p/bougie-feu-de-bois-190g-remavp.html,approved,保养,fact,controlled_source_pattern
CANDLEFB::香氛蜡烛炭木香,香氛蜡烛-炭木香,家居香氛,HAS_FUNCTION,Function,扩香,product_form,已审核本体规则：家居香氛 / 经典香氛蜡烛 -> 扩香,https://www.diptyque-cn.com/p/bougie-feu-de-bois-190g-remavp.html,derived_from_approved_rule,功能,derived_intent,controlled_ontology_rule
CANDLEFB::香氛蜡烛炭木香,香氛蜡烛-炭木香,家居香氛,SERVES_NEED,UserNeed,空间氛围,product_form,已审核本体规则：家居香氛 / 经典香氛蜡烛 -> 空间氛围,https://www.diptyque-cn.com/p/bougie-feu-de-bois-190g-remavp.html,derived_from_approved_rule,需求,derived_intent,controlled_ontology_rule
CANDLEFBG2::中号香氛蜡烛炭木香,中号香氛蜡烛-炭木香,家居香氛,HAS_FUNCTION,Function,留香,pdp_short_description,木头噼啪作响，缓缓散发出浓郁的烟熏香气。,https://www.diptyque-cn.com/p/feu-bois-wood-fire-candle-remavp.html,approved,功能,fact,controlled_source_pattern
CANDLEFBG2::中号香氛蜡烛炭木香,中号香氛蜡烛-炭木香,家居香氛,HAS_SCENE,UseScene,中大型房间,caracteristics_text,-适合中型及大型房间 -香气渐进而持久（约20分钟后达到理想效果）。,https://www.diptyque-cn.com/p/feu-bois-wood-fire-candle-remavp.html,approved,场景,fact,controlled_source_pattern
CANDLEFBG2::中号香氛蜡烛炭木香,中号香氛蜡烛-炭木香,家居香氛,HAS_CARE_INSTRUCTION,CareInstruction,首次燃烧,usage_tips_text,-第一次燃烧蜡烛时，请确保持续燃烧2-3小时，使蜡烛表面完全液化，以防止烛芯周围的蜡面凹陷。,https://www.diptyque-cn.com/p/feu-bois-wood-fire-candle-remavp.html,approved,保养,fact,controlled_source_pattern
CANDLEFBG2::中号香氛蜡烛炭木香,中号香氛蜡烛-炭木香,家居香氛,HAS_CARE_INSTRUCTION,CareInstruction,修剪烛芯,usage_tips_text,-用烛芯修剪器定期修剪烛芯至3-5mm的理想长度。 -请确保在每次使用后蜡烛后都将烛芯调整至直立状态并处于中央位置，以确保蜡烛均匀燃烧。,https://www.diptyque-cn.com/p/feu-bois-wood-fire-candle-remavp.html,approved,保养,fact,controlled_source_pattern
CANDLEFBG2::中号香氛蜡烛炭木香,中号香氛蜡烛-炭木香,家居香氛,HAS_CARE_INSTRUCTION,CareInstruction,控制燃烧时长,usage_tips_text,-第一次燃烧蜡烛时，请确保持续燃烧2-3小时，使蜡烛表面完全液化，以防止烛芯周围的蜡面凹陷。,https://www.diptyque-cn.com/p/feu-bois-wood-fire-candle-remavp.html,approved,保养,fact,controlled_source_pattern
CANDLEFBG2::中号香氛蜡烛炭木香,中号香氛蜡烛-炭木香,家居香氛,HAS_CARE_INSTRUCTION,CareInstruction,无人照看警示,caracteristics_text,-请勿将燃烧中的蜡烛遗留在无人照看的场所。,https://www.diptyque-cn.com/p/feu-bois-wood-fire-candle-remavp.html,approved,保养,fact,controlled_source_pattern
CANDLEFBG2::中号香氛蜡烛炭木香,中号香氛蜡烛-炭木香,家居香氛,HAS_FUNCTION,Function,扩香,product_form,已审核本体规则：家居香氛 / 中号香氛蜡烛 -> 扩香,https://www.diptyque-cn.com/p/feu-bois-wood-fire-candle-remavp.html,derived_from_approved_rule,功能,derived_intent,controlled_ontology_rule
CANDLEFBG2::中号香氛蜡烛炭木香,中号香氛蜡烛-炭木香,家居香氛,SERVES_NEED,UserNeed,空间氛围,product_form,已审核本体规则：家居香氛 / 中号香氛蜡烛 -> 空间氛围,https://www.diptyque-cn.com/p/feu-bois-wood-fire-candle-remavp.html,derived_from_approved_rule,需求,derived_intent,controlled_ontology_rule
CANDLEFI15001::超大号香氛蜡烛无花果,超大号香氛蜡烛-无花果,家居香氛,HAS_CARE_INSTRUCTION,CareInstruction,首次燃烧,usage_tips_text,-第一次燃烧蜡烛时，请确保持续燃烧2-3小时，使蜡烛表面完全液化，以防止烛芯周围的蜡面凹陷。,https://www.diptyque-cn.com/p/figuier-fig-tree-interior-exterior-candle.html,approved,保养,fact,controlled_source_pattern
CANDLEFI15001::超大号香氛蜡烛无花果,超大号香氛蜡烛-无花果,家居香氛,HAS_CARE_INSTRUCTION,CareInstruction,修剪烛芯,usage_tips_text,-用烛芯修剪器定期修剪烛芯至3-5mm的理想长度。 -请确保在每次使用后蜡烛后都将烛芯调整至直立状态并处于中央位置，以确保蜡烛均匀燃烧。,https://www.diptyque-cn.com/p/figuier-fig-tree-interior-exterior-candle.html,approved,保养,fact,controlled_source_pattern
CANDLEFI15001::超大号香氛蜡烛无花果,超大号香氛蜡烛-无花果,家居香氛,HAS_CARE_INSTRUCTION,CareInstruction,控制燃烧时长,usage_tips_text,-第一次燃烧蜡烛时，请确保持续燃烧2-3小时，使蜡烛表面完全液化，以防止烛芯周围的蜡面凹陷。,https://www.diptyque-cn.com/p/figuier-fig-tree-interior-exterior-candle.html,approved,保养,fact,controlled_source_pattern
CANDLEFI15001::超大号香氛蜡烛无花果,超大号香氛蜡烛-无花果,家居香氛,HAS_FUNCTION,Function,扩香,product_form,已审核本体规则：家居香氛 / 超大号香氛蜡烛 -> 扩香,https://www.diptyque-cn.com/p/figuier-fig-tree-interior-exterior-candle.html,derived_from_approved_rule,功能,derived_intent,controlled_ontology_rule
CANDLEFI15001::超大号香氛蜡烛无花果,超大号香氛蜡烛-无花果,家居香氛,SERVES_NEED,UserNeed,空间氛围,product_form,已审核本体规则：家居香氛 / 超大号香氛蜡烛 -> 空间氛围,https://www.diptyque-cn.com/p/figuier-fig-tree-interior-exterior-candle.html,derived_from_approved_rule,需求,derived_intent,controlled_ontology_rule
CANDLEFI600::大号香氛蜡烛无花果,大号香氛蜡烛-无花果,家居香氛,HAS_CARE_INSTRUCTION,CareInstruction,首次燃烧,usage_tips_text,-第一次燃烧蜡烛时，请确保持续燃烧2-3小时，使蜡烛表面完全液化，以防止烛芯周围的蜡面凹陷。,https://www.diptyque-cn.com/p/home-fi600-600g.html,approved,保养,fact,controlled_source_pattern
CANDLEFI600::大号香氛蜡烛无花果,大号香氛蜡烛-无花果,家居香氛,HAS_CARE_INSTRUCTION,CareInstruction,修剪烛芯,usage_tips_text,-用烛芯修剪器定期修剪烛芯至3-5mm的理想长度。 -请确保在每次使用后蜡烛后都将烛芯调整至直立状态并处于中央位置，以确保蜡烛均匀燃烧。,https://www.diptyque-cn.com/p/home-fi600-600g.html,approved,保养,fact,controlled_source_pattern
CANDLEFI600::大号香氛蜡烛无花果,大号香氛蜡烛-无花果,家居香氛,HAS_CARE_INSTRUCTION,CareInstruction,控制燃烧时长,usage_tips_text,-同时点燃3根烛芯，让蜡烛燃烧得更均匀。 -第一次燃烧蜡烛时，请确保持续燃烧2-3小时，使蜡烛表面完全液化，以防止烛芯周围的蜡面凹陷。,https://www.diptyque-cn.com/p/home-fi600-600g.html,approved,保养,fact,controlled_source_pattern
CANDLEFI600::大号香氛蜡烛无花果,大号香氛蜡烛-无花果,家居香氛,HAS_FUNCTION,Function,扩香,product_form,已审核本体规则：家居香氛 / 大号香氛蜡烛 -> 扩香,https://www.diptyque-cn.com/p/home-fi600-600g.html,derived_from_approved_rule,功能,derived_intent,controlled_ontology_rule
CANDLEFI600::大号香氛蜡烛无花果,大号香氛蜡烛-无花果,家居香氛,SERVES_NEED,UserNeed,空间氛围,product_form,已审核本体规则：家居香氛 / 大号香氛蜡烛 -> 空间氛围,https://www.diptyque-cn.com/p/home-fi600-600g.html,derived_from_approved_rule,需求,derived_intent,controlled_ontology_rule
CANDLEFI::迷你香氛蜡烛无花果,迷你香氛蜡烛-无花果,家居香氛,HAS_FUNCTION,Function,留香,pdp_short_description,地中海边宽广的无花果树林散发出阵阵木质香气。正午的太阳与暖风带来浓郁的树木气息，还伴随着清新的无花果实的香气。,https://www.diptyque-cn.com/p/figuier-fig-tree-small-candle.html,approved,功能,fact,controlled_source_pattern
CANDLEFI::迷你香氛蜡烛无花果,迷你香氛蜡烛-无花果,家居香氛,HAS_CARE_INSTRUCTION,CareInstruction,首次燃烧,usage_tips_text,-第一次燃烧蜡烛时，请确保持续燃烧2-3小时，使蜡烛表面完全液化，以防止烛芯周围的蜡面凹陷。,https://www.diptyque-cn.com/p/figuier-fig-tree-small-candle.html,approved,保养,fact,controlled_source_pattern
CANDLEFI::迷你香氛蜡烛无花果,迷你香氛蜡烛-无花果,家居香氛,HAS_CARE_INSTRUCTION,CareInstruction,修剪烛芯,usage_tips_text,-用烛芯修剪器定期修剪烛芯至3-5mm的理想长度。 -请确保在每次使用后蜡烛后都将烛芯调整至直立状态并处于中央位置，以确保蜡烛均匀燃烧。,https://www.diptyque-cn.com/p/figuier-fig-tree-small-candle.html,approved,保养,fact,controlled_source_pattern
CANDLEFI::迷你香氛蜡烛无花果,迷你香氛蜡烛-无花果,家居香氛,HAS_CARE_INSTRUCTION,CareInstruction,控制燃烧时长,usage_tips_text,-第一次燃烧蜡烛时，请确保持续燃烧2-3小时，使蜡烛表面完全液化，以防止烛芯周围的蜡面凹陷。,https://www.diptyque-cn.com/p/figuier-fig-tree-small-candle.html,approved,保养,fact,controlled_source_pattern
CANDLEFI::迷你香氛蜡烛无花果,迷你香氛蜡烛-无花果,家居香氛,HAS_CARE_INSTRUCTION,CareInstruction,无人照看警示,caracteristics_text,-请勿将燃烧中的蜡烛遗留在无人照看的场所。,https://www.diptyque-cn.com/p/figuier-fig-tree-small-candle.html,approved,保养,fact,controlled_source_pattern
CANDLEFI::迷你香氛蜡烛无花果,迷你香氛蜡烛-无花果,家居香氛,HAS_FUNCTION,Function,扩香,product_form,已审核本体规则：家居香氛 / 迷你香氛蜡烛 -> 扩香,https://www.diptyque-cn.com/p/figuier-fig-tree-small-candle.html,derived_from_approved_rule,功能,derived_intent,controlled_ontology_rule
CANDLEFI::迷你香氛蜡烛无花果,迷你香氛蜡烛-无花果,家居香氛,SERVES_NEED,UserNeed,空间氛围,product_form,已审核本体规则：家居香氛 / 迷你香氛蜡烛 -> 空间氛围,https://www.diptyque-cn.com/p/figuier-fig-tree-small-candle.html,derived_from_approved_rule,需求,derived_intent,controlled_ontology_rule
CANDLEFI::香氛蜡烛无花果,香氛蜡烛-无花果,家居香氛,HAS_FUNCTION,Function,扩香,pdp_long_description,树枝及树皮的木质香气，与无花果即将成熟时略带果香的绿色芬芳优雅相融。灵感源自夏日正午阳光下的果园，风中弥漫着醉人芬芳。,https://www.diptyque-cn.com/p/bougie-figuier-190-remavp.html,approved,功能,fact,controlled_source_pattern
CANDLEFI::香氛蜡烛无花果,香氛蜡烛-无花果,家居香氛,HAS_CARE_INSTRUCTION,CareInstruction,首次燃烧,usage_tips_text,-第一次燃烧蜡烛时，请确保持续燃烧2-3小时，使蜡烛表面完全液化，以防止烛芯周围的蜡面凹陷。,https://www.diptyque-cn.com/p/bougie-figuier-190-remavp.html,approved,保养,fact,controlled_source_pattern
CANDLEFI::香氛蜡烛无花果,香氛蜡烛-无花果,家居香氛,HAS_CARE_INSTRUCTION,CareInstruction,修剪烛芯,usage_tips_text,-用烛芯修剪器定期修剪烛芯至3-5mm的理想长度。 -请确保在每次使用后蜡烛后都将烛芯调整至直立状态并处于中央位置，以确保蜡烛均匀燃烧。,https://www.diptyque-cn.com/p/bougie-figuier-190-remavp.html,approved,保养,fact,controlled_source_pattern
CANDLEFI::香氛蜡烛无花果,香氛蜡烛-无花果,家居香氛,HAS_CARE_INSTRUCTION,CareInstruction,控制燃烧时长,usage_tips_text,-第一次燃烧蜡烛时，请确保持续燃烧2-3小时，使蜡烛表面完全液化，以防止烛芯周围的蜡面凹陷。,https://www.diptyque-cn.com/p/bougie-figuier-190-remavp.html,approved,保养,fact,controlled_source_pattern
CANDLEFI::香氛蜡烛无花果,香氛蜡烛-无花果,家居香氛,HAS_CARE_INSTRUCTION,CareInstruction,无人照看警示,caracteristics_text,-请勿将燃烧中的蜡烛遗留在无人照看的场所。,https://www.diptyque-cn.com/p/bougie-figuier-190-remavp.html,approved,保养,fact,controlled_source_pattern
CANDLEFI::香氛蜡烛无花果,香氛蜡烛-无花果,家居香氛,SERVES_NEED,UserNeed,空间氛围,product_form,已审核本体规则：家居香氛 / 经典香氛蜡烛 -> 空间氛围,https://www.diptyque-cn.com/p/bougie-figuier-190-remavp.html,derived_from_approved_rule,需求,derived_intent,controlled_ontology_rule
CANDLEFIV2::中号香氛蜡烛无花果,中号香氛蜡烛-无花果,家居香氛,HAS_FUNCTION,Function,留香,pdp_short_description,地中海边宽广的无花果树林散发出阵阵木质香气。正午的太阳与暖风带来浓郁的树木气息，还伴随着清新的无花果实的香气。,https://www.diptyque-cn.com/p/bougie-figuier-verte-remavp.html,approved,功能,fact,controlled_source_pattern
CANDLEFIV2::中号香氛蜡烛无花果,中号香氛蜡烛-无花果,家居香氛,HAS_SCENE,UseScene,中大型房间,caracteristics_text,-适合中型及大型房间 -香气渐进而持久（约20分钟后达到理想效果）。,https://www.diptyque-cn.com/p/bougie-figuier-verte-remavp.html,approved,场景,fact,controlled_source_pattern
CANDLEFIV2::中号香氛蜡烛无花果,中号香氛蜡烛-无花果,家居香氛,HAS_CARE_INSTRUCTION,CareInstruction,首次燃烧,usage_tips_text,-第一次燃烧蜡烛时，请确保持续燃烧2-3小时，使蜡烛表面完全液化，以防止烛芯周围的蜡面凹陷。,https://www.diptyque-cn.com/p/bougie-figuier-verte-remavp.html,approved,保养,fact,controlled_source_pattern
CANDLEFIV2::中号香氛蜡烛无花果,中号香氛蜡烛-无花果,家居香氛,HAS_CARE_INSTRUCTION,CareInstruction,修剪烛芯,usage_tips_text,-用烛芯修剪器定期修剪烛芯至3-5mm的理想长度。 -请确保在每次使用后蜡烛后都将烛芯调整至直立状态并处于中央位置，以确保蜡烛均匀燃烧。,https://www.diptyque-cn.com/p/bougie-figuier-verte-remavp.html,approved,保养,fact,controlled_source_pattern
CANDLEFIV2::中号香氛蜡烛无花果,中号香氛蜡烛-无花果,家居香氛,HAS_CARE_INSTRUCTION,CareInstruction,控制燃烧时长,usage_tips_text,-第一次燃烧蜡烛时，请确保持续燃烧2-3小时，使蜡烛表面完全液化，以防止烛芯周围的蜡面凹陷。,https://www.diptyque-cn.com/p/bougie-figuier-verte-remavp.html,approved,保养,fact,controlled_source_pattern
CANDLEFIV2::中号香氛蜡烛无花果,中号香氛蜡烛-无花果,家居香氛,HAS_CARE_INSTRUCTION,CareInstruction,无人照看警示,caracteristics_text,-请勿将燃烧中的蜡烛遗留在无人照看的场所。,https://www.diptyque-cn.com/p/bougie-figuier-verte-remavp.html,approved,保养,fact,controlled_source_pattern
CANDLEFIV2::中号香氛蜡烛无花果,中号香氛蜡烛-无花果,家居香氛,HAS_FUNCTION,Function,扩香,product_form,已审核本体规则：家居香氛 / 中号香氛蜡烛 -> 扩香,https://www.diptyque-cn.com/p/bougie-figuier-verte-remavp.html,derived_from_approved_rule,功能,derived_intent,controlled_ontology_rule
CANDLEFIV2::中号香氛蜡烛无花果,中号香氛蜡烛-无花果,家居香氛,SERVES_NEED,UserNeed,空间氛围,product_form,已审核本体规则：家居香氛 / 中号香氛蜡烛 -> 空间氛围,https://www.diptyque-cn.com/p/bougie-figuier-verte-remavp.html,derived_from_approved_rule,需求,derived_intent,controlled_ontology_rule
CANDLEFL::迷你香氛蜡烛薰衣草,迷你香氛蜡烛-薰衣草,家居香氛,HAS_CARE_INSTRUCTION,CareInstruction,首次燃烧,usage_tips_text,-第一次燃烧蜡烛时，请确保持续燃烧2-3小时，使蜡烛表面完全液化，以防止烛芯周围的蜡面凹陷。,https://www.diptyque-cn.com/p/feuille-de-lavande-lavender-leaf-small-candle-1.html,approved,保养,fact,controlled_source_pattern
CANDLEFL::迷你香氛蜡烛薰衣草,迷你香氛蜡烛-薰衣草,家居香氛,HAS_CARE_INSTRUCTION,CareInstruction,修剪烛芯,usage_tips_text,-用烛芯修剪器定期修剪烛芯至3-5mm的理想长度。 -请确保在每次使用后蜡烛后都将烛芯调整至直立状态并处于中央位置，以确保蜡烛均匀燃烧。,https://www.diptyque-cn.com/p/feuille-de-lavande-lavender-leaf-small-candle-1.html,approved,保养,fact,controlled_source_pattern
CANDLEFL::迷你香氛蜡烛薰衣草,迷你香氛蜡烛-薰衣草,家居香氛,HAS_CARE_INSTRUCTION,CareInstruction,控制燃烧时长,usage_tips_text,-第一次燃烧蜡烛时，请确保持续燃烧2-3小时，使蜡烛表面完全液化，以防止烛芯周围的蜡面凹陷。,https://www.diptyque-cn.com/p/feuille-de-lavande-lavender-leaf-small-candle-1.html,approved,保养,fact,controlled_source_pattern
CANDLEFL::迷你香氛蜡烛薰衣草,迷你香氛蜡烛-薰衣草,家居香氛,HAS_CARE_INSTRUCTION,CareInstruction,无人照看警示,caracteristics_text,-请勿将燃烧中的蜡烛遗留在无人照看的场所。,https://www.diptyque-cn.com/p/feuille-de-lavande-lavender-leaf-small-candle-1.html,approved,保养,fact,controlled_source_pattern
CANDLEFL::迷你香氛蜡烛薰衣草,迷你香氛蜡烛-薰衣草,家居香氛,HAS_FUNCTION,Function,扩香,product_form,已审核本体规则：家居香氛 / 迷你香氛蜡烛 -> 扩香,https://www.diptyque-cn.com/p/feuille-de-lavande-lavender-leaf-small-candle-1.html,derived_from_approved_rule,功能,derived_intent,controlled_ontology_rule
CANDLEFL::迷你香氛蜡烛薰衣草,迷你香氛蜡烛-薰衣草,家居香氛,SERVES_NEED,UserNeed,空间氛围,product_form,已审核本体规则：家居香氛 / 迷你香氛蜡烛 -> 空间氛围,https://www.diptyque-cn.com/p/feuille-de-lavande-lavender-leaf-small-candle-1.html,derived_from_approved_rule,需求,derived_intent,controlled_ontology_rule
CANDLEFL::香氛蜡烛薰衣草,香氛蜡烛-薰衣草,家居香氛,HAS_CARE_INSTRUCTION,CareInstruction,首次燃烧,usage_tips_text,-第一次燃烧蜡烛时，请确保持续燃烧2-3小时，使蜡烛表面完全液化，以防止烛芯周围的蜡面凹陷。,https://www.diptyque-cn.com/p/bougie-feuille-de-lavande-190g-1-remavp.html,approved,保养,fact,controlled_source_pattern
CANDLEFL::香氛蜡烛薰衣草,香氛蜡烛-薰衣草,家居香氛,HAS_CARE_INSTRUCTION,CareInstruction,修剪烛芯,usage_tips_text,-用烛芯修剪器定期修剪烛芯至3-5mm的理想长度。 -请确保在每次使用后蜡烛后都将烛芯调整至直立状态并处于中央位置，以确保蜡烛均匀燃烧。,https://www.diptyque-cn.com/p/bougie-feuille-de-lavande-190g-1-remavp.html,approved,保养,fact,controlled_source_pattern
CANDLEFL::香氛蜡烛薰衣草,香氛蜡烛-薰衣草,家居香氛,HAS_CARE_INSTRUCTION,CareInstruction,控制燃烧时长,usage_tips_text,-第一次燃烧蜡烛时，请确保持续燃烧2-3小时，使蜡烛表面完全液化，以防止烛芯周围的蜡面凹陷。,https://www.diptyque-cn.com/p/bougie-feuille-de-lavande-190g-1-remavp.html,approved,保养,fact,controlled_source_pattern
CANDLEFL::香氛蜡烛薰衣草,香氛蜡烛-薰衣草,家居香氛,HAS_CARE_INSTRUCTION,CareInstruction,无人照看警示,caracteristics_text,-请勿将燃烧中的蜡烛遗留在无人照看的场所。,https://www.diptyque-cn.com/p/bougie-feuille-de-lavande-190g-1-remavp.html,approved,保养,fact,controlled_source_pattern
CANDLEFL::香氛蜡烛薰衣草,香氛蜡烛-薰衣草,家居香氛,HAS_FUNCTION,Function,扩香,product_form,已审核本体规则：家居香氛 / 经典香氛蜡烛 -> 扩香,https://www.diptyque-cn.com/p/bougie-feuille-de-lavande-190g-1-remavp.html,derived_from_approved_rule,功能,derived_intent,controlled_ontology_rule
CANDLEFL::香氛蜡烛薰衣草,香氛蜡烛-薰衣草,家居香氛,SERVES_NEED,UserNeed,空间氛围,product_form,已审核本体规则：家居香氛 / 经典香氛蜡烛 -> 空间氛围,https://www.diptyque-cn.com/p/bougie-feuille-de-lavande-190g-1-remavp.html,derived_from_approved_rule,需求,derived_intent,controlled_ontology_rule
CANDLEFR::迷你香氛蜡烛小苍兰,迷你香氛蜡烛-小苍兰,家居香氛,HAS_FUNCTION,Function,留香,pdp_long_description,烛芯点燃，每朵都散发着各自的香气。,https://www.diptyque-cn.com/p/freesia-mini-candle-1.html,approved,功能,fact,controlled_source_pattern
CANDLEFR::迷你香氛蜡烛小苍兰,迷你香氛蜡烛-小苍兰,家居香氛,HAS_CARE_INSTRUCTION,CareInstruction,首次燃烧,usage_tips_text,-第一次燃烧蜡烛时，请确保持续燃烧2-3小时，使蜡烛表面完全液化，以防止烛芯周围的蜡面凹陷。,https://www.diptyque-cn.com/p/freesia-mini-candle-1.html,approved,保养,fact,controlled_source_pattern
CANDLEFR::迷你香氛蜡烛小苍兰,迷你香氛蜡烛-小苍兰,家居香氛,HAS_CARE_INSTRUCTION,CareInstruction,修剪烛芯,usage_tips_text,-用烛芯修剪器定期修剪烛芯至3-5mm的理想长度。 -请确保在每次使用后蜡烛后都将烛芯调整至直立状态并处于中央位置，以确保蜡烛均匀燃烧。,https://www.diptyque-cn.com/p/freesia-mini-candle-1.html,approved,保养,fact,controlled_source_pattern
CANDLEFR::迷你香氛蜡烛小苍兰,迷你香氛蜡烛-小苍兰,家居香氛,HAS_CARE_INSTRUCTION,CareInstruction,控制燃烧时长,usage_tips_text,-第一次燃烧蜡烛时，请确保持续燃烧2-3小时，使蜡烛表面完全液化，以防止烛芯周围的蜡面凹陷。,https://www.diptyque-cn.com/p/freesia-mini-candle-1.html,approved,保养,fact,controlled_source_pattern
CANDLEFR::迷你香氛蜡烛小苍兰,迷你香氛蜡烛-小苍兰,家居香氛,HAS_CARE_INSTRUCTION,CareInstruction,无人照看警示,caracteristics_text,-请勿将燃烧中的蜡烛遗留在无人照看的场所。,https://www.diptyque-cn.com/p/freesia-mini-candle-1.html,approved,保养,fact,controlled_source_pattern
CANDLEFR::迷你香氛蜡烛小苍兰,迷你香氛蜡烛-小苍兰,家居香氛,HAS_FUNCTION,Function,扩香,product_form,已审核本体规则：家居香氛 / 迷你香氛蜡烛 -> 扩香,https://www.diptyque-cn.com/p/freesia-mini-candle-1.html,derived_from_approved_rule,功能,derived_intent,controlled_ontology_rule
CANDLEFR::迷你香氛蜡烛小苍兰,迷你香氛蜡烛-小苍兰,家居香氛,SERVES_NEED,UserNeed,空间氛围,product_form,已审核本体规则：家居香氛 / 迷你香氛蜡烛 -> 空间氛围,https://www.diptyque-cn.com/p/freesia-mini-candle-1.html,derived_from_approved_rule,需求,derived_intent,controlled_ontology_rule
CANDLEFR::香氛蜡烛小苍兰,香氛蜡烛-小苍兰,家居香氛,HAS_CARE_INSTRUCTION,CareInstruction,首次燃烧,usage_tips_text,-第一次燃烧蜡烛时，请确保持续燃烧2-3小时，使蜡烛表面完全液化，以防止烛芯周围的蜡面凹陷。,https://www.diptyque-cn.com/p/freesia-candle-1-remavp.html,approved,保养,fact,controlled_source_pattern
CANDLEFR::香氛蜡烛小苍兰,香氛蜡烛-小苍兰,家居香氛,HAS_CARE_INSTRUCTION,CareInstruction,修剪烛芯,usage_tips_text,-用烛芯修剪器定期修剪烛芯至3-5mm的理想长度。 -请确保在每次使用后蜡烛后都将烛芯调整至直立状态并处于中央位置，以确保蜡烛均匀燃烧。,https://www.diptyque-cn.com/p/freesia-candle-1-remavp.html,approved,保养,fact,controlled_source_pattern
CANDLEFR::香氛蜡烛小苍兰,香氛蜡烛-小苍兰,家居香氛,HAS_CARE_INSTRUCTION,CareInstruction,控制燃烧时长,usage_tips_text,-第一次燃烧蜡烛时，请确保持续燃烧2-3小时，使蜡烛表面完全液化，以防止烛芯周围的蜡面凹陷。,https://www.diptyque-cn.com/p/freesia-candle-1-remavp.html,approved,保养,fact,controlled_source_pattern
CANDLEFR::香氛蜡烛小苍兰,香氛蜡烛-小苍兰,家居香氛,HAS_CARE_INSTRUCTION,CareInstruction,无人照看警示,caracteristics_text,-请勿将燃烧中的蜡烛遗留在无人照看的场所。,https://www.diptyque-cn.com/p/freesia-candle-1-remavp.html,approved,保养,fact,controlled_source_pattern
CANDLEFR::香氛蜡烛小苍兰,香氛蜡烛-小苍兰,家居香氛,HAS_FUNCTION,Function,扩香,product_form,已审核本体规则：家居香氛 / 经典香氛蜡烛 -> 扩香,https://www.diptyque-cn.com/p/freesia-candle-1-remavp.html,derived_from_approved_rule,功能,derived_intent,controlled_ontology_rule
CANDLEFR::香氛蜡烛小苍兰,香氛蜡烛-小苍兰,家居香氛,SERVES_NEED,UserNeed,空间氛围,product_form,已审核本体规则：家居香氛 / 经典香氛蜡烛 -> 空间氛围,https://www.diptyque-cn.com/p/freesia-candle-1-remavp.html,derived_from_approved_rule,需求,derived_intent,controlled_ontology_rule
CANDLEGA1::香氛蜡烛栀子花,香氛蜡烛-栀子花,家居香氛,HAS_CARE_INSTRUCTION,CareInstruction,首次燃烧,usage_tips_text,-第一次燃烧蜡烛时，请确保持续燃烧2-3小时，使蜡烛表面完全液化，以防止烛芯周围的蜡面凹陷。,https://www.diptyque-cn.com/p/gardenia-candle-remavp.html,approved,保养,fact,controlled_source_pattern
CANDLEGA1::香氛蜡烛栀子花,香氛蜡烛-栀子花,家居香氛,HAS_CARE_INSTRUCTION,CareInstruction,修剪烛芯,usage_tips_text,-用烛芯修剪器定期修剪烛芯至3-5mm的理想长度。 -请确保在每次使用后蜡烛后都将烛芯调整至直立状态并处于中央位置，以确保蜡烛均匀燃烧。,https://www.diptyque-cn.com/p/gardenia-candle-remavp.html,approved,保养,fact,controlled_source_pattern
CANDLEGA1::香氛蜡烛栀子花,香氛蜡烛-栀子花,家居香氛,HAS_CARE_INSTRUCTION,CareInstruction,控制燃烧时长,usage_tips_text,-第一次燃烧蜡烛时，请确保持续燃烧2-3小时，使蜡烛表面完全液化，以防止烛芯周围的蜡面凹陷。,https://www.diptyque-cn.com/p/gardenia-candle-remavp.html,approved,保养,fact,controlled_source_pattern
CANDLEGA1::香氛蜡烛栀子花,香氛蜡烛-栀子花,家居香氛,HAS_CARE_INSTRUCTION,CareInstruction,无人照看警示,caracteristics_text,-请勿将燃烧中的蜡烛遗留在无人照看的场所。,https://www.diptyque-cn.com/p/gardenia-candle-remavp.html,approved,保养,fact,controlled_source_pattern
CANDLEGA1::香氛蜡烛栀子花,香氛蜡烛-栀子花,家居香氛,HAS_FUNCTION,Function,扩香,product_form,已审核本体规则：家居香氛 / 经典香氛蜡烛 -> 扩香,https://www.diptyque-cn.com/p/gardenia-candle-remavp.html,derived_from_approved_rule,功能,derived_intent,controlled_ontology_rule
CANDLEGA1::香氛蜡烛栀子花,香氛蜡烛-栀子花,家居香氛,SERVES_NEED,UserNeed,空间氛围,product_form,已审核本体规则：家居香氛 / 经典香氛蜡烛 -> 空间氛围,https://www.diptyque-cn.com/p/gardenia-candle-remavp.html,derived_from_approved_rule,需求,derived_intent,controlled_ontology_rule
CANDLEGR1::香氛蜡烛玫瑰天竺葵,香氛蜡烛-玫瑰天竺葵,家居香氛,HAS_CARE_INSTRUCTION,CareInstruction,首次燃烧,usage_tips_text,-第一次燃烧蜡烛时，请确保持续燃烧2-3小时，使蜡烛表面完全液化，以防止烛芯周围的蜡面凹陷。,https://www.diptyque-cn.com/p/rose-geranium-candle-remavp.html,approved,保养,fact,controlled_source_pattern
CANDLEGR1::香氛蜡烛玫瑰天竺葵,香氛蜡烛-玫瑰天竺葵,家居香氛,HAS_CARE_INSTRUCTION,CareInstruction,修剪烛芯,usage_tips_text,-用烛芯修剪器定期修剪烛芯至3-5mm的理想长度。 -请确保在每次使用后蜡烛后都将烛芯调整至直立状态并处于中央位置，以确保蜡烛均匀燃烧。,https://www.diptyque-cn.com/p/rose-geranium-candle-remavp.html,approved,保养,fact,controlled_source_pattern
CANDLEGR1::香氛蜡烛玫瑰天竺葵,香氛蜡烛-玫瑰天竺葵,家居香氛,HAS_CARE_INSTRUCTION,CareInstruction,控制燃烧时长,usage_tips_text,-第一次燃烧蜡烛时，请确保持续燃烧2-3小时，使蜡烛表面完全液化，以防止烛芯周围的蜡面凹陷。,https://www.diptyque-cn.com/p/rose-geranium-candle-remavp.html,approved,保养,fact,controlled_source_pattern
CANDLEGR1::香氛蜡烛玫瑰天竺葵,香氛蜡烛-玫瑰天竺葵,家居香氛,HAS_CARE_INSTRUCTION,CareInstruction,无人照看警示,caracteristics_text,-请勿将燃烧中的蜡烛遗留在无人照看的场所。,https://www.diptyque-cn.com/p/rose-geranium-candle-remavp.html,approved,保养,fact,controlled_source_pattern
CANDLEGR1::香氛蜡烛玫瑰天竺葵,香氛蜡烛-玫瑰天竺葵,家居香氛,HAS_FUNCTION,Function,扩香,product_form,已审核本体规则：家居香氛 / 经典香氛蜡烛 -> 扩香,https://www.diptyque-cn.com/p/rose-geranium-candle-remavp.html,derived_from_approved_rule,功能,derived_intent,controlled_ontology_rule
CANDLEGR1::香氛蜡烛玫瑰天竺葵,香氛蜡烛-玫瑰天竺葵,家居香氛,SERVES_NEED,UserNeed,空间氛围,product_form,已审核本体规则：家居香氛 / 经典香氛蜡烛 -> 空间氛围,https://www.diptyque-cn.com/p/rose-geranium-candle-remavp.html,derived_from_approved_rule,需求,derived_intent,controlled_ontology_rule
CANDLEGV1::香氛蜡烛杜松,香氛蜡烛-杜松,家居香氛,HAS_CARE_INSTRUCTION,CareInstruction,首次燃烧,usage_tips_text,-第一次燃烧蜡烛时，请确保持续燃烧2-3小时，使蜡烛表面完全液化，以防止烛芯周围的蜡面凹陷。,https://www.diptyque-cn.com/p/juniper-candle-remavp.html,approved,保养,fact,controlled_source_pattern
CANDLEGV1::香氛蜡烛杜松,香氛蜡烛-杜松,家居香氛,HAS_CARE_INSTRUCTION,CareInstruction,修剪烛芯,usage_tips_text,-用烛芯修剪器定期修剪烛芯至3-5mm的理想长度。 -请确保在每次使用后蜡烛后都将烛芯调整至直立状态并处于中央位置，以确保蜡烛均匀燃烧。,https://www.diptyque-cn.com/p/juniper-candle-remavp.html,approved,保养,fact,controlled_source_pattern
CANDLEGV1::香氛蜡烛杜松,香氛蜡烛-杜松,家居香氛,HAS_CARE_INSTRUCTION,CareInstruction,控制燃烧时长,usage_tips_text,-第一次燃烧蜡烛时，请确保持续燃烧2-3小时，使蜡烛表面完全液化，以防止烛芯周围的蜡面凹陷。,https://www.diptyque-cn.com/p/juniper-candle-remavp.html,approved,保养,fact,controlled_source_pattern
CANDLEGV1::香氛蜡烛杜松,香氛蜡烛-杜松,家居香氛,HAS_CARE_INSTRUCTION,CareInstruction,无人照看警示,caracteristics_text,-请勿将燃烧中的蜡烛遗留在无人照看的场所。,https://www.diptyque-cn.com/p/juniper-candle-remavp.html,approved,保养,fact,controlled_source_pattern
CANDLEGV1::香氛蜡烛杜松,香氛蜡烛-杜松,家居香氛,HAS_FUNCTION,Function,扩香,product_form,已审核本体规则：家居香氛 / 经典香氛蜡烛 -> 扩香,https://www.diptyque-cn.com/p/juniper-candle-remavp.html,derived_from_approved_rule,功能,derived_intent,controlled_ontology_rule
CANDLEGV1::香氛蜡烛杜松,香氛蜡烛-杜松,家居香氛,SERVES_NEED,UserNeed,空间氛围,product_form,已审核本体规则：家居香氛 / 经典香氛蜡烛 -> 空间氛围,https://www.diptyque-cn.com/p/juniper-candle-remavp.html,derived_from_approved_rule,需求,derived_intent,controlled_ontology_rule
CANDLEI1::香氛蜡烛鸢尾,香氛蜡烛-鸢尾,家居香氛,HAS_CARE_INSTRUCTION,CareInstruction,首次燃烧,usage_tips_text,-第一次燃烧蜡烛时，请确保持续燃烧2-3小时，使蜡烛表面完全液化，以防止烛芯周围的蜡面凹陷。,https://www.diptyque-cn.com/p/iris-candle-remavp.html,approved,保养,fact,controlled_source_pattern
CANDLEI1::香氛蜡烛鸢尾,香氛蜡烛-鸢尾,家居香氛,HAS_CARE_INSTRUCTION,CareInstruction,修剪烛芯,usage_tips_text,-用烛芯修剪器定期修剪烛芯至3-5mm的理想长度。 -请确保在每次使用后蜡烛后都将烛芯调整至直立状态并处于中央位置，以确保蜡烛均匀燃烧。,https://www.diptyque-cn.com/p/iris-candle-remavp.html,approved,保养,fact,controlled_source_pattern
CANDLEI1::香氛蜡烛鸢尾,香氛蜡烛-鸢尾,家居香氛,HAS_CARE_INSTRUCTION,CareInstruction,控制燃烧时长,usage_tips_text,-第一次燃烧蜡烛时，请确保持续燃烧2-3小时，使蜡烛表面完全液化，以防止烛芯周围的蜡面凹陷。,https://www.diptyque-cn.com/p/iris-candle-remavp.html,approved,保养,fact,controlled_source_pattern
CANDLEI1::香氛蜡烛鸢尾,香氛蜡烛-鸢尾,家居香氛,HAS_CARE_INSTRUCTION,CareInstruction,无人照看警示,caracteristics_text,-请勿将燃烧中的蜡烛遗留在无人照看的场所。,https://www.diptyque-cn.com/p/iris-candle-remavp.html,approved,保养,fact,controlled_source_pattern
CANDLEI1::香氛蜡烛鸢尾,香氛蜡烛-鸢尾,家居香氛,HAS_FUNCTION,Function,扩香,product_form,已审核本体规则：家居香氛 / 经典香氛蜡烛 -> 扩香,https://www.diptyque-cn.com/p/iris-candle-remavp.html,derived_from_approved_rule,功能,derived_intent,controlled_ontology_rule
CANDLEI1::香氛蜡烛鸢尾,香氛蜡烛-鸢尾,家居香氛,SERVES_NEED,UserNeed,空间氛围,product_form,已审核本体规则：家居香氛 / 经典香氛蜡烛 -> 空间氛围,https://www.diptyque-cn.com/p/iris-candle-remavp.html,derived_from_approved_rule,需求,derived_intent,controlled_ontology_rule
CANDLEJA::迷你香氛蜡烛茉莉,迷你香氛蜡烛-茉莉,家居香氛,HAS_CARE_INSTRUCTION,CareInstruction,首次燃烧,usage_tips_text,-第一次燃烧蜡烛时，请确保持续燃烧2-3小时，使蜡烛表面完全液化，以防止烛芯周围的蜡面凹陷。,https://www.diptyque-cn.com/p/jasmin-mini-candle.html,approved,保养,fact,controlled_source_pattern
CANDLEJA::迷你香氛蜡烛茉莉,迷你香氛蜡烛-茉莉,家居香氛,HAS_CARE_INSTRUCTION,CareInstruction,修剪烛芯,usage_tips_text,-用烛芯修剪器定期修剪烛芯至3-5mm的理想长度。 -请确保在每次使用后蜡烛后都将烛芯调整至直立状态并处于中央位置，以确保蜡烛均匀燃烧。,https://www.diptyque-cn.com/p/jasmin-mini-candle.html,approved,保养,fact,controlled_source_pattern
CANDLEJA::迷你香氛蜡烛茉莉,迷你香氛蜡烛-茉莉,家居香氛,HAS_CARE_INSTRUCTION,CareInstruction,控制燃烧时长,usage_tips_text,-第一次燃烧蜡烛时，请确保持续燃烧2-3小时，使蜡烛表面完全液化，以防止烛芯周围的蜡面凹陷。,https://www.diptyque-cn.com/p/jasmin-mini-candle.html,approved,保养,fact,controlled_source_pattern
CANDLEJA::迷你香氛蜡烛茉莉,迷你香氛蜡烛-茉莉,家居香氛,HAS_CARE_INSTRUCTION,CareInstruction,无人照看警示,caracteristics_text,-请勿将燃烧中的蜡烛遗留在无人照看的场所。,https://www.diptyque-cn.com/p/jasmin-mini-candle.html,approved,保养,fact,controlled_source_pattern
CANDLEJA::迷你香氛蜡烛茉莉,迷你香氛蜡烛-茉莉,家居香氛,HAS_FUNCTION,Function,扩香,product_form,已审核本体规则：家居香氛 / 迷你香氛蜡烛 -> 扩香,https://www.diptyque-cn.com/p/jasmin-mini-candle.html,derived_from_approved_rule,功能,derived_intent,controlled_ontology_rule
CANDLEJA::迷你香氛蜡烛茉莉,迷你香氛蜡烛-茉莉,家居香氛,SERVES_NEED,UserNeed,空间氛围,product_form,已审核本体规则：家居香氛 / 迷你香氛蜡烛 -> 空间氛围,https://www.diptyque-cn.com/p/jasmin-mini-candle.html,derived_from_approved_rule,需求,derived_intent,controlled_ontology_rule
CANDLEJA::香氛蜡烛茉莉,香氛蜡烛-茉莉,家居香氛,HAS_CARE_INSTRUCTION,CareInstruction,首次燃烧,usage_tips_text,-第一次燃烧蜡烛时，请确保持续燃烧2-3小时，使蜡烛表面完全液化，以防止烛芯周围的蜡面凹陷。,https://www.diptyque-cn.com/p/bougie-jasmin-190g-remavp.html,approved,保养,fact,controlled_source_pattern
CANDLEJA::香氛蜡烛茉莉,香氛蜡烛-茉莉,家居香氛,HAS_CARE_INSTRUCTION,CareInstruction,修剪烛芯,usage_tips_text,-用烛芯修剪器定期修剪烛芯至3-5mm的理想长度。 -请确保在每次使用后蜡烛后都将烛芯调整至直立状态并处于中央位置，以确保蜡烛均匀燃烧。,https://www.diptyque-cn.com/p/bougie-jasmin-190g-remavp.html,approved,保养,fact,controlled_source_pattern
CANDLEJA::香氛蜡烛茉莉,香氛蜡烛-茉莉,家居香氛,HAS_CARE_INSTRUCTION,CareInstruction,控制燃烧时长,usage_tips_text,-第一次燃烧蜡烛时，请确保持续燃烧2-3小时，使蜡烛表面完全液化，以防止烛芯周围的蜡面凹陷。,https://www.diptyque-cn.com/p/bougie-jasmin-190g-remavp.html,approved,保养,fact,controlled_source_pattern
CANDLEJA::香氛蜡烛茉莉,香氛蜡烛-茉莉,家居香氛,HAS_CARE_INSTRUCTION,CareInstruction,无人照看警示,caracteristics_text,-请勿将燃烧中的蜡烛遗留在无人照看的场所。,https://www.diptyque-cn.com/p/bougie-jasmin-190g-remavp.html,approved,保养,fact,controlled_source_pattern
CANDLEJA::香氛蜡烛茉莉,香氛蜡烛-茉莉,家居香氛,HAS_FUNCTION,Function,扩香,product_form,已审核本体规则：家居香氛 / 经典香氛蜡烛 -> 扩香,https://www.diptyque-cn.com/p/bougie-jasmin-190g-remavp.html,derived_from_approved_rule,功能,derived_intent,controlled_ontology_rule
CANDLEJA::香氛蜡烛茉莉,香氛蜡烛-茉莉,家居香氛,SERVES_NEED,UserNeed,空间氛围,product_form,已审核本体规则：家居香氛 / 经典香氛蜡烛 -> 空间氛围,https://www.diptyque-cn.com/p/bougie-jasmin-190g-remavp.html,derived_from_approved_rule,需求,derived_intent,controlled_ontology_rule
CANDLEJG2::香氛蜡烛约翰迦利诺,香氛蜡烛-约翰迦利诺,家居香氛,HAS_SCENE,UseScene,旅行,pdp_short_description,这种香氛总能让人联想到冒险与旅行。,https://www.diptyque-cn.com/p/john-galliano-candle-remavp.html,approved,场景,fact,controlled_source_pattern
CANDLEJG2::香氛蜡烛约翰迦利诺,香氛蜡烛-约翰迦利诺,家居香氛,HAS_CARE_INSTRUCTION,CareInstruction,首次燃烧,usage_tips_text,-第一次燃烧蜡烛时，请确保持续燃烧2-3小时，使蜡烛表面完全液化，以防止烛芯周围的蜡面凹陷。,https://www.diptyque-cn.com/p/john-galliano-candle-remavp.html,approved,保养,fact,controlled_source_pattern
CANDLEJG2::香氛蜡烛约翰迦利诺,香氛蜡烛-约翰迦利诺,家居香氛,HAS_CARE_INSTRUCTION,CareInstruction,修剪烛芯,usage_tips_text,-用烛芯修剪器定期修剪烛芯至3-5mm的理想长度。 -请确保在每次使用后蜡烛后都将烛芯调整至直立状态并处于中央位置，以确保蜡烛均匀燃烧。,https://www.diptyque-cn.com/p/john-galliano-candle-remavp.html,approved,保养,fact,controlled_source_pattern
CANDLEJG2::香氛蜡烛约翰迦利诺,香氛蜡烛-约翰迦利诺,家居香氛,HAS_CARE_INSTRUCTION,CareInstruction,控制燃烧时长,usage_tips_text,-第一次燃烧蜡烛时，请确保持续燃烧2-3小时，使蜡烛表面完全液化，以防止烛芯周围的蜡面凹陷。,https://www.diptyque-cn.com/p/john-galliano-candle-remavp.html,approved,保养,fact,controlled_source_pattern
CANDLEJG2::香氛蜡烛约翰迦利诺,香氛蜡烛-约翰迦利诺,家居香氛,HAS_CARE_INSTRUCTION,CareInstruction,无人照看警示,caracteristics_text,-请勿将燃烧中的蜡烛遗留在无人照看的场所。,https://www.diptyque-cn.com/p/john-galliano-candle-remavp.html,approved,保养,fact,controlled_source_pattern
CANDLEJG2::香氛蜡烛约翰迦利诺,香氛蜡烛-约翰迦利诺,家居香氛,HAS_FUNCTION,Function,扩香,product_form,已审核本体规则：家居香氛 / 经典香氛蜡烛 -> 扩香,https://www.diptyque-cn.com/p/john-galliano-candle-remavp.html,derived_from_approved_rule,功能,derived_intent,controlled_ontology_rule
CANDLEJG2::香氛蜡烛约翰迦利诺,香氛蜡烛-约翰迦利诺,家居香氛,SERVES_NEED,UserNeed,空间氛围,product_form,已审核本体规则：家居香氛 / 经典香氛蜡烛 -> 空间氛围,https://www.diptyque-cn.com/p/john-galliano-candle-remavp.html,derived_from_approved_rule,需求,derived_intent,controlled_ontology_rule
CANDLELY1::香氛蜡烛清水百合,香氛蜡烛-清水百合,家居香氛,HAS_CARE_INSTRUCTION,CareInstruction,首次燃烧,usage_tips_text,-第一次燃烧蜡烛时，请确保持续燃烧2-3小时，使蜡烛表面完全液化，以防止烛芯周围的蜡面凹陷。,https://www.diptyque-cn.com/p/lily-candle-remavp.html,approved,保养,fact,controlled_source_pattern
CANDLELY1::香氛蜡烛清水百合,香氛蜡烛-清水百合,家居香氛,HAS_CARE_INSTRUCTION,CareInstruction,修剪烛芯,usage_tips_text,-用烛芯修剪器定期修剪烛芯至3-5mm的理想长度。 -请确保在每次使用后蜡烛后都将烛芯调整至直立状态并处于中央位置，以确保蜡烛均匀燃烧。,https://www.diptyque-cn.com/p/lily-candle-remavp.html,approved,保养,fact,controlled_source_pattern
CANDLELY1::香氛蜡烛清水百合,香氛蜡烛-清水百合,家居香氛,HAS_CARE_INSTRUCTION,CareInstruction,控制燃烧时长,usage_tips_text,-第一次燃烧蜡烛时，请确保持续燃烧2-3小时，使蜡烛表面完全液化，以防止烛芯周围的蜡面凹陷。,https://www.diptyque-cn.com/p/lily-candle-remavp.html,approved,保养,fact,controlled_source_pattern
CANDLELY1::香氛蜡烛清水百合,香氛蜡烛-清水百合,家居香氛,HAS_CARE_INSTRUCTION,CareInstruction,无人照看警示,caracteristics_text,-请勿将燃烧中的蜡烛遗留在无人照看的场所。,https://www.diptyque-cn.com/p/lily-candle-remavp.html,approved,保养,fact,controlled_source_pattern
CANDLELY1::香氛蜡烛清水百合,香氛蜡烛-清水百合,家居香氛,HAS_FUNCTION,Function,扩香,product_form,已审核本体规则：家居香氛 / 经典香氛蜡烛 -> 扩香,https://www.diptyque-cn.com/p/lily-candle-remavp.html,derived_from_approved_rule,功能,derived_intent,controlled_ontology_rule
CANDLELY1::香氛蜡烛清水百合,香氛蜡烛-清水百合,家居香氛,SERVES_NEED,UserNeed,空间氛围,product_form,已审核本体规则：家居香氛 / 经典香氛蜡烛 -> 空间氛围,https://www.diptyque-cn.com/p/lily-candle-remavp.html,derived_from_approved_rule,需求,derived_intent,controlled_ontology_rule
CANDLEMG1::香氛蜡烛铃兰,香氛蜡烛-铃兰,家居香氛,HAS_CARE_INSTRUCTION,CareInstruction,首次燃烧,usage_tips_text,-第一次燃烧蜡烛时，请确保持续燃烧2-3小时，使蜡烛表面完全液化，以防止烛芯周围的蜡面凹陷。,https://www.diptyque-cn.com/p/bougie-muguet-1-remavp.html,approved,保养,fact,controlled_source_pattern
CANDLEMG1::香氛蜡烛铃兰,香氛蜡烛-铃兰,家居香氛,HAS_CARE_INSTRUCTION,CareInstruction,修剪烛芯,usage_tips_text,-用烛芯修剪器定期修剪烛芯至3-5mm的理想长度。 -请确保在每次使用后蜡烛后都将烛芯调整至直立状态并处于中央位置，以确保蜡烛均匀燃烧。,https://www.diptyque-cn.com/p/bougie-muguet-1-remavp.html,approved,保养,fact,controlled_source_pattern
CANDLEMG1::香氛蜡烛铃兰,香氛蜡烛-铃兰,家居香氛,HAS_CARE_INSTRUCTION,CareInstruction,控制燃烧时长,usage_tips_text,-第一次燃烧蜡烛时，请确保持续燃烧2-3小时，使蜡烛表面完全液化，以防止烛芯周围的蜡面凹陷。,https://www.diptyque-cn.com/p/bougie-muguet-1-remavp.html,approved,保养,fact,controlled_source_pattern
CANDLEMG1::香氛蜡烛铃兰,香氛蜡烛-铃兰,家居香氛,HAS_CARE_INSTRUCTION,CareInstruction,无人照看警示,caracteristics_text,-请勿将燃烧中的蜡烛遗留在无人照看的场所。,https://www.diptyque-cn.com/p/bougie-muguet-1-remavp.html,approved,保养,fact,controlled_source_pattern
CANDLEMG1::香氛蜡烛铃兰,香氛蜡烛-铃兰,家居香氛,HAS_FUNCTION,Function,扩香,product_form,已审核本体规则：家居香氛 / 经典香氛蜡烛 -> 扩香,https://www.diptyque-cn.com/p/bougie-muguet-1-remavp.html,derived_from_approved_rule,功能,derived_intent,controlled_ontology_rule
CANDLEMG1::香氛蜡烛铃兰,香氛蜡烛-铃兰,家居香氛,SERVES_NEED,UserNeed,空间氛围,product_form,已审核本体规则：家居香氛 / 经典香氛蜡烛 -> 空间氛围,https://www.diptyque-cn.com/p/bougie-muguet-1-remavp.html,derived_from_approved_rule,需求,derived_intent,controlled_ontology_rule
CANDLEMI::迷你香氛蜡烛含羞草,迷你香氛蜡烛-含羞草,家居香氛,HAS_CARE_INSTRUCTION,CareInstruction,首次燃烧,usage_tips_text,-第一次燃烧蜡烛时，请确保持续燃烧2-3小时，使蜡烛表面完全液化，以防止烛芯周围的蜡面凹陷。,https://www.diptyque-cn.com/p/petite-bougie-mimosa-1.html,approved,保养,fact,controlled_source_pattern
CANDLEMI::迷你香氛蜡烛含羞草,迷你香氛蜡烛-含羞草,家居香氛,HAS_CARE_INSTRUCTION,CareInstruction,修剪烛芯,usage_tips_text,-用烛芯修剪器定期修剪烛芯至3-5mm的理想长度。 -请确保在每次使用后蜡烛后都将烛芯调整至直立状态并处于中央位置，以确保蜡烛均匀燃烧。,https://www.diptyque-cn.com/p/petite-bougie-mimosa-1.html,approved,保养,fact,controlled_source_pattern
CANDLEMI::迷你香氛蜡烛含羞草,迷你香氛蜡烛-含羞草,家居香氛,HAS_CARE_INSTRUCTION,CareInstruction,控制燃烧时长,usage_tips_text,-第一次燃烧蜡烛时，请确保持续燃烧2-3小时，使蜡烛表面完全液化，以防止烛芯周围的蜡面凹陷。,https://www.diptyque-cn.com/p/petite-bougie-mimosa-1.html,approved,保养,fact,controlled_source_pattern
CANDLEMI::迷你香氛蜡烛含羞草,迷你香氛蜡烛-含羞草,家居香氛,HAS_CARE_INSTRUCTION,CareInstruction,无人照看警示,caracteristics_text,-请勿将燃烧中的蜡烛遗留在无人照看的场所。,https://www.diptyque-cn.com/p/petite-bougie-mimosa-1.html,approved,保养,fact,controlled_source_pattern
CANDLEMI::迷你香氛蜡烛含羞草,迷你香氛蜡烛-含羞草,家居香氛,HAS_FUNCTION,Function,扩香,product_form,已审核本体规则：家居香氛 / 迷你香氛蜡烛 -> 扩香,https://www.diptyque-cn.com/p/petite-bougie-mimosa-1.html,derived_from_approved_rule,功能,derived_intent,controlled_ontology_rule
CANDLEMI::迷你香氛蜡烛含羞草,迷你香氛蜡烛-含羞草,家居香氛,SERVES_NEED,UserNeed,空间氛围,product_form,已审核本体规则：家居香氛 / 迷你香氛蜡烛 -> 空间氛围,https://www.diptyque-cn.com/p/petite-bougie-mimosa-1.html,derived_from_approved_rule,需求,derived_intent,controlled_ontology_rule
CANDLEMI::香氛蜡烛含羞草,香氛蜡烛-含羞草,家居香氛,HAS_CARE_INSTRUCTION,CareInstruction,首次燃烧,usage_tips_text,-第一次燃烧蜡烛时，请确保持续燃烧2-3小时，使蜡烛表面完全液化，以防止烛芯周围的蜡面凹陷。,https://www.diptyque-cn.com/p/mimosa-candle-1-remavp.html,approved,保养,fact,controlled_source_pattern
CANDLEMI::香氛蜡烛含羞草,香氛蜡烛-含羞草,家居香氛,HAS_CARE_INSTRUCTION,CareInstruction,修剪烛芯,usage_tips_text,-用烛芯修剪器定期修剪烛芯至3-5mm的理想长度。 -请确保在每次使用后蜡烛后都将烛芯调整至直立状态并处于中央位置，以确保蜡烛均匀燃烧。,https://www.diptyque-cn.com/p/mimosa-candle-1-remavp.html,approved,保养,fact,controlled_source_pattern
CANDLEMI::香氛蜡烛含羞草,香氛蜡烛-含羞草,家居香氛,HAS_CARE_INSTRUCTION,CareInstruction,控制燃烧时长,usage_tips_text,-第一次燃烧蜡烛时，请确保持续燃烧2-3小时，使蜡烛表面完全液化，以防止烛芯周围的蜡面凹陷。,https://www.diptyque-cn.com/p/mimosa-candle-1-remavp.html,approved,保养,fact,controlled_source_pattern
CANDLEMI::香氛蜡烛含羞草,香氛蜡烛-含羞草,家居香氛,HAS_CARE_INSTRUCTION,CareInstruction,无人照看警示,caracteristics_text,-请勿将燃烧中的蜡烛遗留在无人照看的场所。,https://www.diptyque-cn.com/p/mimosa-candle-1-remavp.html,approved,保养,fact,controlled_source_pattern
CANDLEMI::香氛蜡烛含羞草,香氛蜡烛-含羞草,家居香氛,HAS_FUNCTION,Function,扩香,product_form,已审核本体规则：家居香氛 / 经典香氛蜡烛 -> 扩香,https://www.diptyque-cn.com/p/mimosa-candle-1-remavp.html,derived_from_approved_rule,功能,derived_intent,controlled_ontology_rule
CANDLEMI::香氛蜡烛含羞草,香氛蜡烛-含羞草,家居香氛,SERVES_NEED,UserNeed,空间氛围,product_form,已审核本体规则：家居香氛 / 经典香氛蜡烛 -> 空间氛围,https://www.diptyque-cn.com/p/mimosa-candle-1-remavp.html,derived_from_approved_rule,需求,derived_intent,controlled_ontology_rule
CANDLEMS1::香氛蜡烛青苔,香氛蜡烛-青苔,家居香氛,HAS_CARE_INSTRUCTION,CareInstruction,首次燃烧,usage_tips_text,-第一次燃烧蜡烛时，请确保持续燃烧2-3小时，使蜡烛表面完全液化，以防止烛芯周围的蜡面凹陷。,https://www.diptyque-cn.com/p/mousses-moss-candle-remavp.html,approved,保养,fact,controlled_source_pattern
CANDLEMS1::香氛蜡烛青苔,香氛蜡烛-青苔,家居香氛,HAS_CARE_INSTRUCTION,CareInstruction,修剪烛芯,usage_tips_text,-用烛芯修剪器定期修剪烛芯至3-5mm的理想长度。 -请确保在每次使用后蜡烛后都将烛芯调整至直立状态并处于中央位置，以确保蜡烛均匀燃烧。,https://www.diptyque-cn.com/p/mousses-moss-candle-remavp.html,approved,保养,fact,controlled_source_pattern
CANDLEMS1::香氛蜡烛青苔,香氛蜡烛-青苔,家居香氛,HAS_CARE_INSTRUCTION,CareInstruction,控制燃烧时长,usage_tips_text,-第一次燃烧蜡烛时，请确保持续燃烧2-3小时，使蜡烛表面完全液化，以防止烛芯周围的蜡面凹陷。,https://www.diptyque-cn.com/p/mousses-moss-candle-remavp.html,approved,保养,fact,controlled_source_pattern
CANDLEMS1::香氛蜡烛青苔,香氛蜡烛-青苔,家居香氛,HAS_CARE_INSTRUCTION,CareInstruction,无人照看警示,caracteristics_text,-请勿将燃烧中的蜡烛遗留在无人照看的场所。,https://www.diptyque-cn.com/p/mousses-moss-candle-remavp.html,approved,保养,fact,controlled_source_pattern
CANDLEMS1::香氛蜡烛青苔,香氛蜡烛-青苔,家居香氛,HAS_FUNCTION,Function,扩香,product_form,已审核本体规则：家居香氛 / 经典香氛蜡烛 -> 扩香,https://www.diptyque-cn.com/p/mousses-moss-candle-remavp.html,derived_from_approved_rule,功能,derived_intent,controlled_ontology_rule
CANDLEMS1::香氛蜡烛青苔,香氛蜡烛-青苔,家居香氛,SERVES_NEED,UserNeed,空间氛围,product_form,已审核本体规则：家居香氛 / 经典香氛蜡烛 -> 空间氛围,https://www.diptyque-cn.com/p/mousses-moss-candle-remavp.html,derived_from_approved_rule,需求,derived_intent,controlled_ontology_rule
CANDLEMU1::香氛蜡烛麝香,香氛蜡烛-麝香,家居香氛,HAS_CARE_INSTRUCTION,CareInstruction,首次燃烧,usage_tips_text,-第一次燃烧蜡烛时，请确保持续燃烧2-3小时，使蜡烛表面完全液化，以防止烛芯周围的蜡面凹陷。,https://www.diptyque-cn.com/p/musc-musk-candle-remavp.html,approved,保养,fact,controlled_source_pattern
CANDLEMU1::香氛蜡烛麝香,香氛蜡烛-麝香,家居香氛,HAS_CARE_INSTRUCTION,CareInstruction,修剪烛芯,usage_tips_text,-用烛芯修剪器定期修剪烛芯至3-5mm的理想长度。 -请确保在每次使用后蜡烛后都将烛芯调整至直立状态并处于中央位置，以确保蜡烛均匀燃烧。,https://www.diptyque-cn.com/p/musc-musk-candle-remavp.html,approved,保养,fact,controlled_source_pattern
CANDLEMU1::香氛蜡烛麝香,香氛蜡烛-麝香,家居香氛,HAS_CARE_INSTRUCTION,CareInstruction,控制燃烧时长,usage_tips_text,-第一次燃烧蜡烛时，请确保持续燃烧2-3小时，使蜡烛表面完全液化，以防止烛芯周围的蜡面凹陷。,https://www.diptyque-cn.com/p/musc-musk-candle-remavp.html,approved,保养,fact,controlled_source_pattern
CANDLEMU1::香氛蜡烛麝香,香氛蜡烛-麝香,家居香氛,HAS_CARE_INSTRUCTION,CareInstruction,无人照看警示,caracteristics_text,-请勿将燃烧中的蜡烛遗留在无人照看的场所。,https://www.diptyque-cn.com/p/musc-musk-candle-remavp.html,approved,保养,fact,controlled_source_pattern
CANDLEMU1::香氛蜡烛麝香,香氛蜡烛-麝香,家居香氛,HAS_FUNCTION,Function,扩香,product_form,已审核本体规则：家居香氛 / 经典香氛蜡烛 -> 扩香,https://www.diptyque-cn.com/p/musc-musk-candle-remavp.html,derived_from_approved_rule,功能,derived_intent,controlled_ontology_rule
CANDLEMU1::香氛蜡烛麝香,香氛蜡烛-麝香,家居香氛,SERVES_NEED,UserNeed,空间氛围,product_form,已审核本体规则：家居香氛 / 经典香氛蜡烛 -> 空间氛围,https://www.diptyque-cn.com/p/musc-musk-candle-remavp.html,derived_from_approved_rule,需求,derived_intent,controlled_ontology_rule
CANDLEMV1::香氛蜡烛薄荷,香氛蜡烛-薄荷,家居香氛,HAS_CARE_INSTRUCTION,CareInstruction,首次燃烧,usage_tips_text,-第一次燃烧蜡烛时，请确保持续燃烧2-3小时，使蜡烛表面完全液化，以防止烛芯周围的蜡面凹陷。,https://www.diptyque-cn.com/p/menthe-verte-spearmint-candle-remavp.html,approved,保养,fact,controlled_source_pattern
CANDLEMV1::香氛蜡烛薄荷,香氛蜡烛-薄荷,家居香氛,HAS_CARE_INSTRUCTION,CareInstruction,修剪烛芯,usage_tips_text,-用烛芯修剪器定期修剪烛芯至3-5mm的理想长度。 -请确保在每次使用后蜡烛后都将烛芯调整至直立状态并处于中央位置，以确保蜡烛均匀燃烧。,https://www.diptyque-cn.com/p/menthe-verte-spearmint-candle-remavp.html,approved,保养,fact,controlled_source_pattern
CANDLEMV1::香氛蜡烛薄荷,香氛蜡烛-薄荷,家居香氛,HAS_CARE_INSTRUCTION,CareInstruction,控制燃烧时长,usage_tips_text,-第一次燃烧蜡烛时，请确保持续燃烧2-3小时，使蜡烛表面完全液化，以防止烛芯周围的蜡面凹陷。,https://www.diptyque-cn.com/p/menthe-verte-spearmint-candle-remavp.html,approved,保养,fact,controlled_source_pattern
CANDLEMV1::香氛蜡烛薄荷,香氛蜡烛-薄荷,家居香氛,HAS_CARE_INSTRUCTION,CareInstruction,无人照看警示,caracteristics_text,-请勿将燃烧中的蜡烛遗留在无人照看的场所。,https://www.diptyque-cn.com/p/menthe-verte-spearmint-candle-remavp.html,approved,保养,fact,controlled_source_pattern
CANDLEMV1::香氛蜡烛薄荷,香氛蜡烛-薄荷,家居香氛,HAS_FUNCTION,Function,扩香,product_form,已审核本体规则：家居香氛 / 经典香氛蜡烛 -> 扩香,https://www.diptyque-cn.com/p/menthe-verte-spearmint-candle-remavp.html,derived_from_approved_rule,功能,derived_intent,controlled_ontology_rule
CANDLEMV1::香氛蜡烛薄荷,香氛蜡烛-薄荷,家居香氛,SERVES_NEED,UserNeed,空间氛围,product_form,已审核本体规则：家居香氛 / 经典香氛蜡烛 -> 空间氛围,https://www.diptyque-cn.com/p/menthe-verte-spearmint-candle-remavp.html,derived_from_approved_rule,需求,derived_intent,controlled_ontology_rule
CANDLEMY1::香氛蜡烛没药,香氛蜡烛-没药,家居香氛,HAS_CARE_INSTRUCTION,CareInstruction,首次燃烧,usage_tips_text,-第一次燃烧蜡烛时，请确保持续燃烧2-3小时，使蜡烛表面完全液化，以防止烛芯周围的蜡面凹陷。,https://www.diptyque-cn.com/p/myrrhe-candle-remavp.html,approved,保养,fact,controlled_source_pattern
CANDLEMY1::香氛蜡烛没药,香氛蜡烛-没药,家居香氛,HAS_CARE_INSTRUCTION,CareInstruction,修剪烛芯,usage_tips_text,-用烛芯修剪器定期修剪烛芯至3-5mm的理想长度。 -请确保在每次使用后蜡烛后都将烛芯调整至直立状态并处于中央位置，以确保蜡烛均匀燃烧。,https://www.diptyque-cn.com/p/myrrhe-candle-remavp.html,approved,保养,fact,controlled_source_pattern
CANDLEMY1::香氛蜡烛没药,香氛蜡烛-没药,家居香氛,HAS_CARE_INSTRUCTION,CareInstruction,控制燃烧时长,usage_tips_text,-第一次燃烧蜡烛时，请确保持续燃烧2-3小时，使蜡烛表面完全液化，以防止烛芯周围的蜡面凹陷。,https://www.diptyque-cn.com/p/myrrhe-candle-remavp.html,approved,保养,fact,controlled_source_pattern
CANDLEMY1::香氛蜡烛没药,香氛蜡烛-没药,家居香氛,HAS_CARE_INSTRUCTION,CareInstruction,无人照看警示,caracteristics_text,-请勿将燃烧中的蜡烛遗留在无人照看的场所。,https://www.diptyque-cn.com/p/myrrhe-candle-remavp.html,approved,保养,fact,controlled_source_pattern
CANDLEMY1::香氛蜡烛没药,香氛蜡烛-没药,家居香氛,HAS_FUNCTION,Function,扩香,product_form,已审核本体规则：家居香氛 / 经典香氛蜡烛 -> 扩香,https://www.diptyque-cn.com/p/myrrhe-candle-remavp.html,derived_from_approved_rule,功能,derived_intent,controlled_ontology_rule
CANDLEMY1::香氛蜡烛没药,香氛蜡烛-没药,家居香氛,SERVES_NEED,UserNeed,空间氛围,product_form,已审核本体规则：家居香氛 / 经典香氛蜡烛 -> 空间氛围,https://www.diptyque-cn.com/p/myrrhe-candle-remavp.html,derived_from_approved_rule,需求,derived_intent,controlled_ontology_rule
CANDLENG1::香氛蜡烛清雅水烟,香氛蜡烛-清雅水烟,家居香氛,HAS_CARE_INSTRUCTION,CareInstruction,首次燃烧,usage_tips_text,-第一次燃烧蜡烛时，请确保持续燃烧2-3小时，使蜡烛表面完全液化，以防止烛芯周围的蜡面凹陷。,https://www.diptyque-cn.com/p/narguile-candle-remavp.html,approved,保养,fact,controlled_source_pattern
CANDLENG1::香氛蜡烛清雅水烟,香氛蜡烛-清雅水烟,家居香氛,HAS_CARE_INSTRUCTION,CareInstruction,修剪烛芯,usage_tips_text,-用烛芯修剪器定期修剪烛芯至3-5mm的理想长度。 -请确保在每次使用后蜡烛后都将烛芯调整至直立状态并处于中央位置，以确保蜡烛均匀燃烧。,https://www.diptyque-cn.com/p/narguile-candle-remavp.html,approved,保养,fact,controlled_source_pattern
CANDLENG1::香氛蜡烛清雅水烟,香氛蜡烛-清雅水烟,家居香氛,HAS_CARE_INSTRUCTION,CareInstruction,控制燃烧时长,usage_tips_text,-第一次燃烧蜡烛时，请确保持续燃烧2-3小时，使蜡烛表面完全液化，以防止烛芯周围的蜡面凹陷。,https://www.diptyque-cn.com/p/narguile-candle-remavp.html,approved,保养,fact,controlled_source_pattern
CANDLENG1::香氛蜡烛清雅水烟,香氛蜡烛-清雅水烟,家居香氛,HAS_CARE_INSTRUCTION,CareInstruction,无人照看警示,caracteristics_text,-请勿将燃烧中的蜡烛遗留在无人照看的场所。,https://www.diptyque-cn.com/p/narguile-candle-remavp.html,approved,保养,fact,controlled_source_pattern
CANDLENG1::香氛蜡烛清雅水烟,香氛蜡烛-清雅水烟,家居香氛,HAS_FUNCTION,Function,扩香,product_form,已审核本体规则：家居香氛 / 经典香氛蜡烛 -> 扩香,https://www.diptyque-cn.com/p/narguile-candle-remavp.html,derived_from_approved_rule,功能,derived_intent,controlled_ontology_rule
CANDLENG1::香氛蜡烛清雅水烟,香氛蜡烛-清雅水烟,家居香氛,SERVES_NEED,UserNeed,空间氛围,product_form,已审核本体规则：家居香氛 / 经典香氛蜡烛 -> 空间氛围,https://www.diptyque-cn.com/p/narguile-candle-remavp.html,derived_from_approved_rule,需求,derived_intent,controlled_ontology_rule
CANDLENO1::香氛蜡烛榛树,香氛蜡烛-榛树,家居香氛,HAS_CARE_INSTRUCTION,CareInstruction,首次燃烧,usage_tips_text,-第一次燃烧蜡烛时，请确保持续燃烧2-3小时，使蜡烛表面完全液化，以防止烛芯周围的蜡面凹陷。,https://www.diptyque-cn.com/p/bougie-noisetier-190g-remavp.html,approved,保养,fact,controlled_source_pattern
CANDLENO1::香氛蜡烛榛树,香氛蜡烛-榛树,家居香氛,HAS_CARE_INSTRUCTION,CareInstruction,修剪烛芯,usage_tips_text,-用烛芯修剪器定期修剪烛芯至3-5mm的理想长度。 -请确保在每次使用后蜡烛后都将烛芯调整至直立状态并处于中央位置，以确保蜡烛均匀燃烧。,https://www.diptyque-cn.com/p/bougie-noisetier-190g-remavp.html,approved,保养,fact,controlled_source_pattern
CANDLENO1::香氛蜡烛榛树,香氛蜡烛-榛树,家居香氛,HAS_CARE_INSTRUCTION,CareInstruction,控制燃烧时长,usage_tips_text,-第一次燃烧蜡烛时，请确保持续燃烧2-3小时，使蜡烛表面完全液化，以防止烛芯周围的蜡面凹陷。,https://www.diptyque-cn.com/p/bougie-noisetier-190g-remavp.html,approved,保养,fact,controlled_source_pattern
CANDLENO1::香氛蜡烛榛树,香氛蜡烛-榛树,家居香氛,HAS_CARE_INSTRUCTION,CareInstruction,无人照看警示,caracteristics_text,-请勿将燃烧中的蜡烛遗留在无人照看的场所。,https://www.diptyque-cn.com/p/bougie-noisetier-190g-remavp.html,approved,保养,fact,controlled_source_pattern
CANDLENO1::香氛蜡烛榛树,香氛蜡烛-榛树,家居香氛,HAS_FUNCTION,Function,扩香,product_form,已审核本体规则：家居香氛 / 经典香氛蜡烛 -> 扩香,https://www.diptyque-cn.com/p/bougie-noisetier-190g-remavp.html,derived_from_approved_rule,功能,derived_intent,controlled_ontology_rule
CANDLENO1::香氛蜡烛榛树,香氛蜡烛-榛树,家居香氛,SERVES_NEED,UserNeed,空间氛围,product_form,已审核本体规则：家居香氛 / 经典香氛蜡烛 -> 空间氛围,https://www.diptyque-cn.com/p/bougie-noisetier-190g-remavp.html,derived_from_approved_rule,需求,derived_intent,controlled_ontology_rule
CANDLEO1::香氛蜡烛橙树,香氛蜡烛-橙树,家居香氛,HAS_CARE_INSTRUCTION,CareInstruction,首次燃烧,usage_tips_text,-第一次燃烧蜡烛时，请确保持续燃烧2-3小时，使蜡烛表面完全液化，以防止烛芯周围的蜡面凹陷。,https://www.diptyque-cn.com/p/oranger-orange-tree-candle-remavp.html,approved,保养,fact,controlled_source_pattern
CANDLEO1::香氛蜡烛橙树,香氛蜡烛-橙树,家居香氛,HAS_CARE_INSTRUCTION,CareInstruction,修剪烛芯,usage_tips_text,-用烛芯修剪器定期修剪烛芯至3-5mm的理想长度。 -请确保在每次使用后蜡烛后都将烛芯调整至直立状态并处于中央位置，以确保蜡烛均匀燃烧。,https://www.diptyque-cn.com/p/oranger-orange-tree-candle-remavp.html,approved,保养,fact,controlled_source_pattern
CANDLEO1::香氛蜡烛橙树,香氛蜡烛-橙树,家居香氛,HAS_CARE_INSTRUCTION,CareInstruction,控制燃烧时长,usage_tips_text,-第一次燃烧蜡烛时，请确保持续燃烧2-3小时，使蜡烛表面完全液化，以防止烛芯周围的蜡面凹陷。,https://www.diptyque-cn.com/p/oranger-orange-tree-candle-remavp.html,approved,保养,fact,controlled_source_pattern
CANDLEO1::香氛蜡烛橙树,香氛蜡烛-橙树,家居香氛,HAS_CARE_INSTRUCTION,CareInstruction,无人照看警示,caracteristics_text,-请勿将燃烧中的蜡烛遗留在无人照看的场所。,https://www.diptyque-cn.com/p/oranger-orange-tree-candle-remavp.html,approved,保养,fact,controlled_source_pattern
CANDLEO1::香氛蜡烛橙树,香氛蜡烛-橙树,家居香氛,HAS_FUNCTION,Function,扩香,product_form,已审核本体规则：家居香氛 / 经典香氛蜡烛 -> 扩香,https://www.diptyque-cn.com/p/oranger-orange-tree-candle-remavp.html,derived_from_approved_rule,功能,derived_intent,controlled_ontology_rule
CANDLEO1::香氛蜡烛橙树,香氛蜡烛-橙树,家居香氛,SERVES_NEED,UserNeed,空间氛围,product_form,已审核本体规则：家居香氛 / 经典香氛蜡烛 -> 空间氛围,https://www.diptyque-cn.com/p/oranger-orange-tree-candle-remavp.html,derived_from_approved_rule,需求,derived_intent,controlled_ontology_rule
CANDLEORTIE190::香氛蜡烛荨麻草,香氛蜡烛-荨麻草,家居香氛,HAS_CARE_INSTRUCTION,CareInstruction,首次燃烧,usage_tips_text,-第一次燃烧蜡烛时，请确保持续燃烧2-3小时，使蜡烛表面完全液化，以防止烛芯周围的蜡面凹陷。,https://www.diptyque-cn.com/p/ortie190-candle.html,approved,保养,fact,controlled_source_pattern
CANDLEORTIE190::香氛蜡烛荨麻草,香氛蜡烛-荨麻草,家居香氛,HAS_CARE_INSTRUCTION,CareInstruction,修剪烛芯,usage_tips_text,-用烛芯修剪器定期修剪烛芯至3-5mm的理想长度。 -请确保在每次使用后蜡烛后都将烛芯调整至直立状态并处于中央位置，以确保蜡烛均匀燃烧。,https://www.diptyque-cn.com/p/ortie190-candle.html,approved,保养,fact,controlled_source_pattern
CANDLEORTIE190::香氛蜡烛荨麻草,香氛蜡烛-荨麻草,家居香氛,HAS_CARE_INSTRUCTION,CareInstruction,控制燃烧时长,usage_tips_text,-第一次燃烧蜡烛时，请确保持续燃烧2-3小时，使蜡烛表面完全液化，以防止烛芯周围的蜡面凹陷。,https://www.diptyque-cn.com/p/ortie190-candle.html,approved,保养,fact,controlled_source_pattern
CANDLEORTIE190::香氛蜡烛荨麻草,香氛蜡烛-荨麻草,家居香氛,HAS_CARE_INSTRUCTION,CareInstruction,无人照看警示,caracteristics_text,-请勿将燃烧中的蜡烛遗留在无人照看的场所。,https://www.diptyque-cn.com/p/ortie190-candle.html,approved,保养,fact,controlled_source_pattern
CANDLEORTIE190::香氛蜡烛荨麻草,香氛蜡烛-荨麻草,家居香氛,HAS_FUNCTION,Function,扩香,product_form,已审核本体规则：家居香氛 / 经典香氛蜡烛 -> 扩香,https://www.diptyque-cn.com/p/ortie190-candle.html,derived_from_approved_rule,功能,derived_intent,controlled_ontology_rule
CANDLEORTIE190::香氛蜡烛荨麻草,香氛蜡烛-荨麻草,家居香氛,SERVES_NEED,UserNeed,空间氛围,product_form,已审核本体规则：家居香氛 / 经典香氛蜡烛 -> 空间氛围,https://www.diptyque-cn.com/p/ortie190-candle.html,derived_from_approved_rule,需求,derived_intent,controlled_ontology_rule
CANDLEOU1::香氛蜡烛乌木,香氛蜡烛-乌木,家居香氛,HAS_SCENE,UseScene,旅行,pdp_short_description,在漫步东方的旅途中，便可见到这贵如黄金、享誉千年的树木。,https://www.diptyque-cn.com/p/oud-candle-remavp.html,approved,场景,fact,controlled_source_pattern
CANDLEOU1::香氛蜡烛乌木,香氛蜡烛-乌木,家居香氛,HAS_CARE_INSTRUCTION,CareInstruction,首次燃烧,usage_tips_text,-第一次燃烧蜡烛时，请确保持续燃烧2-3小时，使蜡烛表面完全液化，以防止烛芯周围的蜡面凹陷。,https://www.diptyque-cn.com/p/oud-candle-remavp.html,approved,保养,fact,controlled_source_pattern
CANDLEOU1::香氛蜡烛乌木,香氛蜡烛-乌木,家居香氛,HAS_CARE_INSTRUCTION,CareInstruction,修剪烛芯,usage_tips_text,-用烛芯修剪器定期修剪烛芯至3-5mm的理想长度。 -请确保在每次使用后蜡烛后都将烛芯调整至直立状态并处于中央位置，以确保蜡烛均匀燃烧。,https://www.diptyque-cn.com/p/oud-candle-remavp.html,approved,保养,fact,controlled_source_pattern
CANDLEOU1::香氛蜡烛乌木,香氛蜡烛-乌木,家居香氛,HAS_CARE_INSTRUCTION,CareInstruction,控制燃烧时长,usage_tips_text,-第一次燃烧蜡烛时，请确保持续燃烧2-3小时，使蜡烛表面完全液化，以防止烛芯周围的蜡面凹陷。,https://www.diptyque-cn.com/p/oud-candle-remavp.html,approved,保养,fact,controlled_source_pattern
CANDLEOU1::香氛蜡烛乌木,香氛蜡烛-乌木,家居香氛,HAS_CARE_INSTRUCTION,CareInstruction,无人照看警示,caracteristics_text,-请勿将燃烧中的蜡烛遗留在无人照看的场所。,https://www.diptyque-cn.com/p/oud-candle-remavp.html,approved,保养,fact,controlled_source_pattern
CANDLEOU1::香氛蜡烛乌木,香氛蜡烛-乌木,家居香氛,HAS_FUNCTION,Function,扩香,product_form,已审核本体规则：家居香氛 / 经典香氛蜡烛 -> 扩香,https://www.diptyque-cn.com/p/oud-candle-remavp.html,derived_from_approved_rule,功能,derived_intent,controlled_ontology_rule
CANDLEOU1::香氛蜡烛乌木,香氛蜡烛-乌木,家居香氛,SERVES_NEED,UserNeed,空间氛围,product_form,已审核本体规则：家居香氛 / 经典香氛蜡烛 -> 空间氛围,https://www.diptyque-cn.com/p/oud-candle-remavp.html,derived_from_approved_rule,需求,derived_intent,controlled_ontology_rule
CANDLEOX1::香氛蜡烛红没药,香氛蜡烛-红没药,家居香氛,HAS_CARE_INSTRUCTION,CareInstruction,首次燃烧,usage_tips_text,-第一次燃烧蜡烛时，请确保持续燃烧2-3小时，使蜡烛表面完全液化，以防止烛芯周围的蜡面凹陷。,https://www.diptyque-cn.com/p/opopanax-candle-190g-remavp.html,approved,保养,fact,controlled_source_pattern
CANDLEOX1::香氛蜡烛红没药,香氛蜡烛-红没药,家居香氛,HAS_CARE_INSTRUCTION,CareInstruction,修剪烛芯,usage_tips_text,-用烛芯修剪器定期修剪烛芯至3-5mm的理想长度。 -请确保在每次使用后蜡烛后都将烛芯调整至直立状态并处于中央位置，以确保蜡烛均匀燃烧。,https://www.diptyque-cn.com/p/opopanax-candle-190g-remavp.html,approved,保养,fact,controlled_source_pattern
CANDLEOX1::香氛蜡烛红没药,香氛蜡烛-红没药,家居香氛,HAS_CARE_INSTRUCTION,CareInstruction,控制燃烧时长,usage_tips_text,-第一次燃烧蜡烛时，请确保持续燃烧2-3小时，使蜡烛表面完全液化，以防止烛芯周围的蜡面凹陷。,https://www.diptyque-cn.com/p/opopanax-candle-190g-remavp.html,approved,保养,fact,controlled_source_pattern
CANDLEOX1::香氛蜡烛红没药,香氛蜡烛-红没药,家居香氛,HAS_CARE_INSTRUCTION,CareInstruction,无人照看警示,caracteristics_text,-请勿将燃烧中的蜡烛遗留在无人照看的场所。,https://www.diptyque-cn.com/p/opopanax-candle-190g-remavp.html,approved,保养,fact,controlled_source_pattern
CANDLEOX1::香氛蜡烛红没药,香氛蜡烛-红没药,家居香氛,HAS_FUNCTION,Function,扩香,product_form,已审核本体规则：家居香氛 / 经典香氛蜡烛 -> 扩香,https://www.diptyque-cn.com/p/opopanax-candle-190g-remavp.html,derived_from_approved_rule,功能,derived_intent,controlled_ontology_rule
CANDLEOX1::香氛蜡烛红没药,香氛蜡烛-红没药,家居香氛,SERVES_NEED,UserNeed,空间氛围,product_form,已审核本体规则：家居香氛 / 经典香氛蜡烛 -> 空间氛围,https://www.diptyque-cn.com/p/opopanax-candle-190g-remavp.html,derived_from_approved_rule,需求,derived_intent,controlled_ontology_rule
CANDLEOY1::香氛蜡烛柑橘香,香氛蜡烛-柑橘香,家居香氛,HAS_CARE_INSTRUCTION,CareInstruction,首次燃烧,usage_tips_text,-第一次燃烧蜡烛时，请确保持续燃烧2-3小时，使蜡烛表面完全液化，以防止烛芯周围的蜡面凹陷。,https://www.diptyque-cn.com/p/oyedo-candle-remavp.html,approved,保养,fact,controlled_source_pattern
CANDLEOY1::香氛蜡烛柑橘香,香氛蜡烛-柑橘香,家居香氛,HAS_CARE_INSTRUCTION,CareInstruction,修剪烛芯,usage_tips_text,-用烛芯修剪器定期修剪烛芯至3-5mm的理想长度。 -请确保在每次使用后蜡烛后都将烛芯调整至直立状态并处于中央位置，以确保蜡烛均匀燃烧。,https://www.diptyque-cn.com/p/oyedo-candle-remavp.html,approved,保养,fact,controlled_source_pattern
CANDLEOY1::香氛蜡烛柑橘香,香氛蜡烛-柑橘香,家居香氛,HAS_CARE_INSTRUCTION,CareInstruction,控制燃烧时长,usage_tips_text,-第一次燃烧蜡烛时，请确保持续燃烧2-3小时，使蜡烛表面完全液化，以防止烛芯周围的蜡面凹陷。,https://www.diptyque-cn.com/p/oyedo-candle-remavp.html,approved,保养,fact,controlled_source_pattern
CANDLEOY1::香氛蜡烛柑橘香,香氛蜡烛-柑橘香,家居香氛,HAS_CARE_INSTRUCTION,CareInstruction,无人照看警示,caracteristics_text,-请勿将燃烧中的蜡烛遗留在无人照看的场所。,https://www.diptyque-cn.com/p/oyedo-candle-remavp.html,approved,保养,fact,controlled_source_pattern
CANDLEOY1::香氛蜡烛柑橘香,香氛蜡烛-柑橘香,家居香氛,HAS_FUNCTION,Function,扩香,product_form,已审核本体规则：家居香氛 / 经典香氛蜡烛 -> 扩香,https://www.diptyque-cn.com/p/oyedo-candle-remavp.html,derived_from_approved_rule,功能,derived_intent,controlled_ontology_rule
CANDLEOY1::香氛蜡烛柑橘香,香氛蜡烛-柑橘香,家居香氛,SERVES_NEED,UserNeed,空间氛围,product_form,已审核本体规则：家居香氛 / 经典香氛蜡烛 -> 空间氛围,https://www.diptyque-cn.com/p/oyedo-candle-remavp.html,derived_from_approved_rule,需求,derived_intent,controlled_ontology_rule
CANDLEPA1::香氛蜡烛广藿香,香氛蜡烛-广藿香,家居香氛,HAS_CARE_INSTRUCTION,CareInstruction,首次燃烧,usage_tips_text,-第一次燃烧蜡烛时，请确保持续燃烧2-3小时，使蜡烛表面完全液化，以防止烛芯周围的蜡面凹陷。,https://www.diptyque-cn.com/p/bougie-patchouli-190g-remavp.html,approved,保养,fact,controlled_source_pattern
CANDLEPA1::香氛蜡烛广藿香,香氛蜡烛-广藿香,家居香氛,HAS_CARE_INSTRUCTION,CareInstruction,修剪烛芯,usage_tips_text,-用烛芯修剪器定期修剪烛芯至3-5mm的理想长度。 -请确保在每次使用后蜡烛后都将烛芯调整至直立状态并处于中央位置，以确保蜡烛均匀燃烧。,https://www.diptyque-cn.com/p/bougie-patchouli-190g-remavp.html,approved,保养,fact,controlled_source_pattern
CANDLEPA1::香氛蜡烛广藿香,香氛蜡烛-广藿香,家居香氛,HAS_CARE_INSTRUCTION,CareInstruction,控制燃烧时长,usage_tips_text,-第一次燃烧蜡烛时，请确保持续燃烧2-3小时，使蜡烛表面完全液化，以防止烛芯周围的蜡面凹陷。,https://www.diptyque-cn.com/p/bougie-patchouli-190g-remavp.html,approved,保养,fact,controlled_source_pattern
CANDLEPA1::香氛蜡烛广藿香,香氛蜡烛-广藿香,家居香氛,HAS_CARE_INSTRUCTION,CareInstruction,无人照看警示,caracteristics_text,-请勿将燃烧中的蜡烛遗留在无人照看的场所。,https://www.diptyque-cn.com/p/bougie-patchouli-190g-remavp.html,approved,保养,fact,controlled_source_pattern
CANDLEPA1::香氛蜡烛广藿香,香氛蜡烛-广藿香,家居香氛,HAS_FUNCTION,Function,扩香,product_form,已审核本体规则：家居香氛 / 经典香氛蜡烛 -> 扩香,https://www.diptyque-cn.com/p/bougie-patchouli-190g-remavp.html,derived_from_approved_rule,功能,derived_intent,controlled_ontology_rule
CANDLEPA1::香氛蜡烛广藿香,香氛蜡烛-广藿香,家居香氛,SERVES_NEED,UserNeed,空间氛围,product_form,已审核本体规则：家居香氛 / 经典香氛蜡烛 -> 空间氛围,https://www.diptyque-cn.com/p/bougie-patchouli-190g-remavp.html,derived_from_approved_rule,需求,derived_intent,controlled_ontology_rule
CANDLEPCA001::青苔禅寺,青苔禅寺,家居香氛,HAS_SCENE,UseScene,中大型房间,caracteristics_text,-适合中型及大型房间 -香气渐进而持久（约20分钟后达到理想效果）。,https://www.diptyque-cn.com/p/temple-des-mousses-moss-temple-refillable-candle.html,approved,场景,fact,controlled_source_pattern
CANDLEPCA001::青苔禅寺,青苔禅寺,家居香氛,HAS_CARE_INSTRUCTION,CareInstruction,首次燃烧,usage_tips_text,让每次燃烧都可以达到最佳状态： -第一次燃烧蜡烛时，保持燃烧至少5小时，让蜡烛表面完全燃烧至变成液态。,https://www.diptyque-cn.com/p/temple-des-mousses-moss-temple-refillable-candle.html,approved,保养,fact,controlled_source_pattern
CANDLEPCA001::青苔禅寺,青苔禅寺,家居香氛,HAS_CARE_INSTRUCTION,CareInstruction,修剪烛芯,usage_tips_text,-请确保在每次使用后蜡烛后都将烛芯置中，从而平均点燃蜡面。 -每次燃烧请将烛芯修剪至3-5mm处。 -建议在燃点蜡烛后，保持室内环境通风。 要替换补充装： -当底部残留约 5 mm的蜡或金属灯芯支架露出时，即表明蜡烛已燃烧完毕。,https://www.diptyque-cn.com/p/temple-des-mousses-moss-temple-refillable-candle.html,approved,保养,fact,controlled_source_pattern
CANDLEPCA001::青苔禅寺,青苔禅寺,家居香氛,HAS_CARE_INSTRUCTION,CareInstruction,控制燃烧时长,usage_tips_text,让每次燃烧都可以达到最佳状态： -第一次燃烧蜡烛时，保持燃烧至少5小时，让蜡烛表面完全燃烧至变成液态。 -使用防烟灭烛罩熄灭蜡烛。防止热蜡飞溅。 -请确保在每次使用后蜡烛后都将烛芯置中，从而平均点燃蜡面。 -每次燃烧请将烛芯修剪至3-5mm处。 -建议在燃点蜡烛后，保持室内环境通风。 要替换补充装： -当底部残留约 5 mm的蜡或金属灯芯支架露出时，即表明蜡烛已燃烧完毕。 -待蜡冷却后，将蜡烛浸泡于60°C的水中，水深为蜡烛座高度的一半。等待2分钟，让蜡软化。,https://www.diptyque-cn.com/p/temple-des-mousses-moss-temple-refillable-candle.html,approved,保养,fact,controlled_source_pattern
CANDLEPCA001::青苔禅寺,青苔禅寺,家居香氛,HAS_CARE_INSTRUCTION,CareInstruction,无人照看警示,caracteristics_text,-请勿将燃烧中的蜡烛遗留在无人照看的场所。,https://www.diptyque-cn.com/p/temple-des-mousses-moss-temple-refillable-candle.html,approved,保养,fact,controlled_source_pattern
CANDLEPCA001::青苔禅寺,青苔禅寺,家居香氛,HAS_FUNCTION,Function,扩香,product_form,已审核本体规则：家居香氛 / 大千之境香氛蜡烛 -> 扩香,https://www.diptyque-cn.com/p/temple-des-mousses-moss-temple-refillable-candle.html,derived_from_approved_rule,功能,derived_intent,controlled_ontology_rule
CANDLEPCA001::青苔禅寺,青苔禅寺,家居香氛,SERVES_NEED,UserNeed,空间氛围,product_form,已审核本体规则：家居香氛 / 大千之境香氛蜡烛 -> 空间氛围,https://www.diptyque-cn.com/p/temple-des-mousses-moss-temple-refillable-candle.html,derived_from_approved_rule,需求,derived_intent,controlled_ontology_rule
CANDLEPCA001::青苔禅寺香氛蜡烛补充装,青苔禅寺香氛蜡烛补充装,家居香氛,HAS_CARE_INSTRUCTION,CareInstruction,首次燃烧,usage_tips_text,让每次燃烧都可以达到理想状态： -第一次燃烧蜡烛时，保持燃烧至少5小时，让蜡烛表面完全燃烧至变成液态。,https://www.diptyque-cn.com/p/temple-des-mousses-moss-temple-candle-refill.html,approved,保养,fact,controlled_source_pattern
CANDLEPCA001::青苔禅寺香氛蜡烛补充装,青苔禅寺香氛蜡烛补充装,家居香氛,HAS_CARE_INSTRUCTION,CareInstruction,修剪烛芯,usage_tips_text,-请确保在每次使用后蜡烛后都将烛芯置中，从而平均点燃蜡面。 -每次燃烧请将烛芯修剪至3-5mm处。 -建议在燃点蜡烛后，保持室内环境通风。 要替换补充装： -当底部残留约 5 mm的蜡或金属灯芯支架露出时，即表明蜡烛已燃烧完毕。,https://www.diptyque-cn.com/p/temple-des-mousses-moss-temple-candle-refill.html,approved,保养,fact,controlled_source_pattern
CANDLEPCA001::青苔禅寺香氛蜡烛补充装,青苔禅寺香氛蜡烛补充装,家居香氛,HAS_CARE_INSTRUCTION,CareInstruction,控制燃烧时长,usage_tips_text,让每次燃烧都可以达到理想状态： -第一次燃烧蜡烛时，保持燃烧至少5小时，让蜡烛表面完全燃烧至变成液态。 -使用防烟灭烛罩熄灭蜡烛。防止热蜡飞溅。 -请确保在每次使用后蜡烛后都将烛芯置中，从而平均点燃蜡面。 -每次燃烧请将烛芯修剪至3-5mm处。 -建议在燃点蜡烛后，保持室内环境通风。 要替换补充装： -当底部残留约 5 mm的蜡或金属灯芯支架露出时，即表明蜡烛已燃烧完毕。 -待蜡冷却后，将蜡烛浸泡于60°C的水中，水深为蜡烛座高度的一半。等待2分钟，让蜡软化。,https://www.diptyque-cn.com/p/temple-des-mousses-moss-temple-candle-refill.html,approved,保养,fact,controlled_source_pattern
CANDLEPCA001::青苔禅寺香氛蜡烛补充装,青苔禅寺香氛蜡烛补充装,家居香氛,HAS_FUNCTION,Function,扩香,product_form,已审核本体规则：家居香氛 / 大千之境香氛蜡烛 -> 扩香,https://www.diptyque-cn.com/p/temple-des-mousses-moss-temple-candle-refill.html,derived_from_approved_rule,功能,derived_intent,controlled_ontology_rule
CANDLEPCA001::青苔禅寺香氛蜡烛补充装,青苔禅寺香氛蜡烛补充装,家居香氛,SERVES_NEED,UserNeed,空间氛围,product_form,已审核本体规则：家居香氛 / 大千之境香氛蜡烛 -> 空间氛围,https://www.diptyque-cn.com/p/temple-des-mousses-moss-temple-candle-refill.html,derived_from_approved_rule,需求,derived_intent,controlled_ontology_rule
CANDLEPCA002::流金大地,流金大地,家居香氛,HAS_SCENE,UseScene,中大型房间,caracteristics_text,-适合中型及大型房间 -香气渐进而持久（约20分钟后达到理想效果）。,https://www.diptyque-cn.com/p/terres-blondes-golden-lands-refillable-candle.html,approved,场景,fact,controlled_source_pattern
CANDLEPCA002::流金大地,流金大地,家居香氛,HAS_CARE_INSTRUCTION,CareInstruction,首次燃烧,usage_tips_text,让每次燃烧都可以达到最佳状态： -第一次燃烧蜡烛时，保持燃烧至少5小时，让蜡烛表面完全燃烧至变成液态。,https://www.diptyque-cn.com/p/terres-blondes-golden-lands-refillable-candle.html,approved,保养,fact,controlled_source_pattern
CANDLEPCA002::流金大地,流金大地,家居香氛,HAS_CARE_INSTRUCTION,CareInstruction,修剪烛芯,usage_tips_text,-请确保在每次使用后蜡烛后都将烛芯置中，从而平均点燃蜡面。 -每次燃烧请将烛芯修剪至3-5mm处。 -建议在燃点蜡烛后，保持室内环境通风。 要替换补充装： -当底部残留约 5 mm的蜡或金属灯芯支架露出时，即表明蜡烛已燃烧完毕。,https://www.diptyque-cn.com/p/terres-blondes-golden-lands-refillable-candle.html,approved,保养,fact,controlled_source_pattern
CANDLEPCA002::流金大地,流金大地,家居香氛,HAS_CARE_INSTRUCTION,CareInstruction,控制燃烧时长,usage_tips_text,让每次燃烧都可以达到最佳状态： -第一次燃烧蜡烛时，保持燃烧至少5小时，让蜡烛表面完全燃烧至变成液态。 -使用防烟灭烛罩熄灭蜡烛。防止热蜡飞溅。 -请确保在每次使用后蜡烛后都将烛芯置中，从而平均点燃蜡面。 -每次燃烧请将烛芯修剪至3-5mm处。 -建议在燃点蜡烛后，保持室内环境通风。 要替换补充装： -当底部残留约 5 mm的蜡或金属灯芯支架露出时，即表明蜡烛已燃烧完毕。 -待蜡冷却后，将蜡烛浸泡于60°C的水中，水深为蜡烛座高度的一半。等待2分钟，让蜡软化。,https://www.diptyque-cn.com/p/terres-blondes-golden-lands-refillable-candle.html,approved,保养,fact,controlled_source_pattern
CANDLEPCA002::流金大地,流金大地,家居香氛,HAS_CARE_INSTRUCTION,CareInstruction,无人照看警示,caracteristics_text,-请勿将燃烧中的蜡烛遗留在无人照看的场所。,https://www.diptyque-cn.com/p/terres-blondes-golden-lands-refillable-candle.html,approved,保养,fact,controlled_source_pattern
CANDLEPCA002::流金大地,流金大地,家居香氛,HAS_FUNCTION,Function,扩香,product_form,已审核本体规则：家居香氛 / 大千之境香氛蜡烛 -> 扩香,https://www.diptyque-cn.com/p/terres-blondes-golden-lands-refillable-candle.html,derived_from_approved_rule,功能,derived_intent,controlled_ontology_rule
CANDLEPCA002::流金大地,流金大地,家居香氛,SERVES_NEED,UserNeed,空间氛围,product_form,已审核本体规则：家居香氛 / 大千之境香氛蜡烛 -> 空间氛围,https://www.diptyque-cn.com/p/terres-blondes-golden-lands-refillable-candle.html,derived_from_approved_rule,需求,derived_intent,controlled_ontology_rule
CANDLEPCA002::流金大地香氛蜡烛补充装,流金大地香氛蜡烛补充装,家居香氛,HAS_CARE_INSTRUCTION,CareInstruction,首次燃烧,usage_tips_text,让每次燃烧都可以达到理想状态： -第一次燃烧蜡烛时，保持燃烧至少5小时，让蜡烛表面完全燃烧至变成液态。,https://www.diptyque-cn.com/p/terres-blondes-golden-lands-candle-refill.html,approved,保养,fact,controlled_source_pattern
CANDLEPCA002::流金大地香氛蜡烛补充装,流金大地香氛蜡烛补充装,家居香氛,HAS_CARE_INSTRUCTION,CareInstruction,修剪烛芯,usage_tips_text,-请确保在每次使用后蜡烛后都将烛芯置中，从而平均点燃蜡面。 -每次燃烧请将烛芯修剪至3-5mm处。 -建议在燃点蜡烛后，保持室内环境通风。 要替换补充装： -当底部残留约 5 mm的蜡或金属灯芯支架露出时，即表明蜡烛已燃烧完毕。,https://www.diptyque-cn.com/p/terres-blondes-golden-lands-candle-refill.html,approved,保养,fact,controlled_source_pattern
CANDLEPCA002::流金大地香氛蜡烛补充装,流金大地香氛蜡烛补充装,家居香氛,HAS_CARE_INSTRUCTION,CareInstruction,控制燃烧时长,usage_tips_text,让每次燃烧都可以达到理想状态： -第一次燃烧蜡烛时，保持燃烧至少5小时，让蜡烛表面完全燃烧至变成液态。 -使用防烟灭烛罩熄灭蜡烛。防止热蜡飞溅。 -请确保在每次使用后蜡烛后都将烛芯置中，从而平均点燃蜡面。 -每次燃烧请将烛芯修剪至3-5mm处。 -建议在燃点蜡烛后，保持室内环境通风。 要替换补充装： -当底部残留约 5 mm的蜡或金属灯芯支架露出时，即表明蜡烛已燃烧完毕。 -待蜡冷却后，将蜡烛浸泡于60°C的水中，水深为蜡烛座高度的一半。等待2分钟，让蜡软化。,https://www.diptyque-cn.com/p/terres-blondes-golden-lands-candle-refill.html,approved,保养,fact,controlled_source_pattern
CANDLEPCA002::流金大地香氛蜡烛补充装,流金大地香氛蜡烛补充装,家居香氛,HAS_FUNCTION,Function,扩香,product_form,已审核本体规则：家居香氛 / 大千之境香氛蜡烛 -> 扩香,https://www.diptyque-cn.com/p/terres-blondes-golden-lands-candle-refill.html,derived_from_approved_rule,功能,derived_intent,controlled_ontology_rule
CANDLEPCA002::流金大地香氛蜡烛补充装,流金大地香氛蜡烛补充装,家居香氛,SERVES_NEED,UserNeed,空间氛围,product_form,已审核本体规则：家居香氛 / 大千之境香氛蜡烛 -> 空间氛围,https://www.diptyque-cn.com/p/terres-blondes-golden-lands-candle-refill.html,derived_from_approved_rule,需求,derived_intent,controlled_ontology_rule
CANDLEPCA003::梦幻雨林,梦幻雨林,家居香氛,HAS_SCENE,UseScene,中大型房间,caracteristics_text,-适合中型及大型房间 -香气渐进而持久（约20分钟后达到理想效果）。,https://www.diptyque-cn.com/p/la-foret-reve-forest-dreams-refillable-candle.html,approved,场景,fact,controlled_source_pattern
CANDLEPCA003::梦幻雨林,梦幻雨林,家居香氛,HAS_CARE_INSTRUCTION,CareInstruction,首次燃烧,usage_tips_text,让每次燃烧都可以达到最佳状态： -第一次燃烧蜡烛时，保持燃烧至少5小时，让蜡烛表面完全燃烧至变成液态。,https://www.diptyque-cn.com/p/la-foret-reve-forest-dreams-refillable-candle.html,approved,保养,fact,controlled_source_pattern
CANDLEPCA003::梦幻雨林,梦幻雨林,家居香氛,HAS_CARE_INSTRUCTION,CareInstruction,修剪烛芯,usage_tips_text,-请确保在每次使用后蜡烛后都将烛芯置中，从而平均点燃蜡面。 -每次燃烧请将烛芯修剪至3-5mm处。 -建议在燃点蜡烛后，保持室内环境通风。 要替换补充装： -当底部残留约 5 mm的蜡或金属灯芯支架露出时，即表明蜡烛已燃烧完毕。,https://www.diptyque-cn.com/p/la-foret-reve-forest-dreams-refillable-candle.html,approved,保养,fact,controlled_source_pattern
CANDLEPCA003::梦幻雨林,梦幻雨林,家居香氛,HAS_CARE_INSTRUCTION,CareInstruction,控制燃烧时长,usage_tips_text,让每次燃烧都可以达到最佳状态： -第一次燃烧蜡烛时，保持燃烧至少5小时，让蜡烛表面完全燃烧至变成液态。 -使用防烟灭烛罩熄灭蜡烛。防止热蜡飞溅。 -请确保在每次使用后蜡烛后都将烛芯置中，从而平均点燃蜡面。 -每次燃烧请将烛芯修剪至3-5mm处。 -建议在燃点蜡烛后，保持室内环境通风。 要替换补充装： -当底部残留约 5 mm的蜡或金属灯芯支架露出时，即表明蜡烛已燃烧完毕。 -待蜡冷却后，将蜡烛浸泡于60°C的水中，水深为蜡烛座高度的一半。等待2分钟，让蜡软化。,https://www.diptyque-cn.com/p/la-foret-reve-forest-dreams-refillable-candle.html,approved,保养,fact,controlled_source_pattern
CANDLEPCA003::梦幻雨林,梦幻雨林,家居香氛,HAS_CARE_INSTRUCTION,CareInstruction,无人照看警示,caracteristics_text,-请勿将燃烧中的蜡烛遗留在无人照看的场所。,https://www.diptyque-cn.com/p/la-foret-reve-forest-dreams-refillable-candle.html,approved,保养,fact,controlled_source_pattern
CANDLEPCA003::梦幻雨林,梦幻雨林,家居香氛,HAS_FUNCTION,Function,扩香,product_form,已审核本体规则：家居香氛 / 大千之境香氛蜡烛 -> 扩香,https://www.diptyque-cn.com/p/la-foret-reve-forest-dreams-refillable-candle.html,derived_from_approved_rule,功能,derived_intent,controlled_ontology_rule
CANDLEPCA003::梦幻雨林,梦幻雨林,家居香氛,SERVES_NEED,UserNeed,空间氛围,product_form,已审核本体规则：家居香氛 / 大千之境香氛蜡烛 -> 空间氛围,https://www.diptyque-cn.com/p/la-foret-reve-forest-dreams-refillable-candle.html,derived_from_approved_rule,需求,derived_intent,controlled_ontology_rule
CANDLEPCA003::梦幻雨林香氛蜡烛补充装,梦幻雨林香氛蜡烛补充装,家居香氛,HAS_CARE_INSTRUCTION,CareInstruction,首次燃烧,usage_tips_text,让每次燃烧都可以达到理想状态： -第一次燃烧蜡烛时，保持燃烧至少5小时，让蜡烛表面完全燃烧至变成液态。,https://www.diptyque-cn.com/p/la-foret-reve-forest-dreams-candle-refill.html,approved,保养,fact,controlled_source_pattern
CANDLEPCA003::梦幻雨林香氛蜡烛补充装,梦幻雨林香氛蜡烛补充装,家居香氛,HAS_CARE_INSTRUCTION,CareInstruction,修剪烛芯,usage_tips_text,-请确保在每次使用后蜡烛后都将烛芯置中，从而平均点燃蜡面。 -每次燃烧请将烛芯修剪至3-5mm处。 -建议在燃点蜡烛后，保持室内环境通风。 要替换补充装： -当底部残留约 5 mm的蜡或金属灯芯支架露出时，即表明蜡烛已燃烧完毕。,https://www.diptyque-cn.com/p/la-foret-reve-forest-dreams-candle-refill.html,approved,保养,fact,controlled_source_pattern
CANDLEPCA003::梦幻雨林香氛蜡烛补充装,梦幻雨林香氛蜡烛补充装,家居香氛,HAS_CARE_INSTRUCTION,CareInstruction,控制燃烧时长,usage_tips_text,让每次燃烧都可以达到理想状态： -第一次燃烧蜡烛时，保持燃烧至少5小时，让蜡烛表面完全燃烧至变成液态。 -使用防烟灭烛罩熄灭蜡烛。防止热蜡飞溅。 -请确保在每次使用后蜡烛后都将烛芯置中，从而平均点燃蜡面。 -每次燃烧请将烛芯修剪至3-5mm处。 -建议在燃点蜡烛后，保持室内环境通风。 要替换补充装： -当底部残留约 5 mm的蜡或金属灯芯支架露出时，即表明蜡烛已燃烧完毕。 -待蜡冷却后，将蜡烛浸泡于60°C的水中，水深为蜡烛座高度的一半。等待2分钟，让蜡软化。,https://www.diptyque-cn.com/p/la-foret-reve-forest-dreams-candle-refill.html,approved,保养,fact,controlled_source_pattern
CANDLEPCA003::梦幻雨林香氛蜡烛补充装,梦幻雨林香氛蜡烛补充装,家居香氛,HAS_FUNCTION,Function,扩香,product_form,已审核本体规则：家居香氛 / 大千之境香氛蜡烛 -> 扩香,https://www.diptyque-cn.com/p/la-foret-reve-forest-dreams-candle-refill.html,derived_from_approved_rule,功能,derived_intent,controlled_ontology_rule
CANDLEPCA003::梦幻雨林香氛蜡烛补充装,梦幻雨林香氛蜡烛补充装,家居香氛,SERVES_NEED,UserNeed,空间氛围,product_form,已审核本体规则：家居香氛 / 大千之境香氛蜡烛 -> 空间氛围,https://www.diptyque-cn.com/p/la-foret-reve-forest-dreams-candle-refill.html,derived_from_approved_rule,需求,derived_intent,controlled_ontology_rule
CANDLEPCA004::曼妙庄园,曼妙庄园,家居香氛,HAS_FUNCTION,Function,扩香,pdp_short_description,两旁盛开的橙树，让周围的香气都弥漫着成熟清新的柑橘果香，在意大利阳光的照耀之下，更加沁人心脾。,https://www.diptyque-cn.com/p/nymphees-merveilles-nymphaeum-of-wonders-refillable-candle.html,approved,功能,fact,controlled_source_pattern
CANDLEPCA004::曼妙庄园,曼妙庄园,家居香氛,HAS_SCENE,UseScene,中大型房间,caracteristics_text,-适合中型及大型房间 -香气渐进而持久（约20分钟后达到理想效果）。,https://www.diptyque-cn.com/p/nymphees-merveilles-nymphaeum-of-wonders-refillable-candle.html,approved,场景,fact,controlled_source_pattern
CANDLEPCA004::曼妙庄园,曼妙庄园,家居香氛,HAS_CARE_INSTRUCTION,CareInstruction,首次燃烧,usage_tips_text,让每次燃烧都可以达到最佳状态： -第一次燃烧蜡烛时，保持燃烧至少5小时，让蜡烛表面完全燃烧至变成液态。,https://www.diptyque-cn.com/p/nymphees-merveilles-nymphaeum-of-wonders-refillable-candle.html,approved,保养,fact,controlled_source_pattern
CANDLEPCA004::曼妙庄园,曼妙庄园,家居香氛,HAS_CARE_INSTRUCTION,CareInstruction,修剪烛芯,usage_tips_text,-请确保在每次使用后蜡烛后都将烛芯置中，从而平均点燃蜡面。 -每次燃烧请将烛芯修剪至3-5mm处。 -建议在燃点蜡烛后，保持室内环境通风。 要替换补充装： -当底部残留约 5 mm的蜡或金属灯芯支架露出时，即表明蜡烛已燃烧完毕。,https://www.diptyque-cn.com/p/nymphees-merveilles-nymphaeum-of-wonders-refillable-candle.html,approved,保养,fact,controlled_source_pattern
CANDLEPCA004::曼妙庄园,曼妙庄园,家居香氛,HAS_CARE_INSTRUCTION,CareInstruction,控制燃烧时长,usage_tips_text,让每次燃烧都可以达到最佳状态： -第一次燃烧蜡烛时，保持燃烧至少5小时，让蜡烛表面完全燃烧至变成液态。 -使用防烟灭烛罩熄灭蜡烛。防止热蜡飞溅。 -请确保在每次使用后蜡烛后都将烛芯置中，从而平均点燃蜡面。 -每次燃烧请将烛芯修剪至3-5mm处。 -建议在燃点蜡烛后，保持室内环境通风。 要替换补充装： -当底部残留约 5 mm的蜡或金属灯芯支架露出时，即表明蜡烛已燃烧完毕。 -待蜡冷却后，将蜡烛浸泡于60°C的水中，水深为蜡烛座高度的一半。等待2分钟，让蜡软化。,https://www.diptyque-cn.com/p/nymphees-merveilles-nymphaeum-of-wonders-refillable-candle.html,approved,保养,fact,controlled_source_pattern
CANDLEPCA004::曼妙庄园,曼妙庄园,家居香氛,HAS_CARE_INSTRUCTION,CareInstruction,无人照看警示,caracteristics_text,-请勿将燃烧中的蜡烛遗留在无人照看的场所。,https://www.diptyque-cn.com/p/nymphees-merveilles-nymphaeum-of-wonders-refillable-candle.html,approved,保养,fact,controlled_source_pattern
CANDLEPCA004::曼妙庄园,曼妙庄园,家居香氛,SERVES_NEED,UserNeed,空间氛围,product_form,已审核本体规则：家居香氛 / 大千之境香氛蜡烛 -> 空间氛围,https://www.diptyque-cn.com/p/nymphees-merveilles-nymphaeum-of-wonders-refillable-candle.html,derived_from_approved_rule,需求,derived_intent,controlled_ontology_rule
CANDLEPCA004::曼妙庄园香氛蜡烛补充装,曼妙庄园香氛蜡烛补充装,家居香氛,HAS_FUNCTION,Function,扩香,pdp_short_description,两旁盛开的橙树，让周围的香气都弥漫着成熟清新的柑橘果香，在意大利阳光的照耀之下，更加沁人心脾,https://www.diptyque-cn.com/p/nymphees-merveilles-nymphaeum-of-wonders-candle-refill.html,approved,功能,fact,controlled_source_pattern
CANDLEPCA004::曼妙庄园香氛蜡烛补充装,曼妙庄园香氛蜡烛补充装,家居香氛,HAS_CARE_INSTRUCTION,CareInstruction,首次燃烧,usage_tips_text,让每次燃烧都可以达到理想状态： -第一次燃烧蜡烛时，保持燃烧至少5小时，让蜡烛表面完全燃烧至变成液态。,https://www.diptyque-cn.com/p/nymphees-merveilles-nymphaeum-of-wonders-candle-refill.html,approved,保养,fact,controlled_source_pattern
CANDLEPCA004::曼妙庄园香氛蜡烛补充装,曼妙庄园香氛蜡烛补充装,家居香氛,HAS_CARE_INSTRUCTION,CareInstruction,修剪烛芯,usage_tips_text,-请确保在每次使用后蜡烛后都将烛芯置中，从而平均点燃蜡面。 -每次燃烧请将烛芯修剪至3-5mm处。 -建议在燃点蜡烛后，保持室内环境通风。 要替换补充装： -当底部残留约 5 mm的蜡或金属灯芯支架露出时，即表明蜡烛已燃烧完毕。,https://www.diptyque-cn.com/p/nymphees-merveilles-nymphaeum-of-wonders-candle-refill.html,approved,保养,fact,controlled_source_pattern
CANDLEPCA004::曼妙庄园香氛蜡烛补充装,曼妙庄园香氛蜡烛补充装,家居香氛,HAS_CARE_INSTRUCTION,CareInstruction,控制燃烧时长,usage_tips_text,让每次燃烧都可以达到理想状态： -第一次燃烧蜡烛时，保持燃烧至少5小时，让蜡烛表面完全燃烧至变成液态。 -使用防烟灭烛罩熄灭蜡烛。防止热蜡飞溅。 -请确保在每次使用后蜡烛后都将烛芯置中，从而平均点燃蜡面。 -每次燃烧请将烛芯修剪至3-5mm处。 -建议在燃点蜡烛后，保持室内环境通风。 要替换补充装： -当底部残留约 5 mm的蜡或金属灯芯支架露出时，即表明蜡烛已燃烧完毕。 -待蜡冷却后，将蜡烛浸泡于60°C的水中，水深为蜡烛座高度的一半。等待2分钟，让蜡软化。,https://www.diptyque-cn.com/p/nymphees-merveilles-nymphaeum-of-wonders-candle-refill.html,approved,保养,fact,controlled_source_pattern
CANDLEPCA004::曼妙庄园香氛蜡烛补充装,曼妙庄园香氛蜡烛补充装,家居香氛,SERVES_NEED,UserNeed,空间氛围,product_form,已审核本体规则：家居香氛 / 大千之境香氛蜡烛 -> 空间氛围,https://www.diptyque-cn.com/p/nymphees-merveilles-nymphaeum-of-wonders-candle-refill.html,derived_from_approved_rule,需求,derived_intent,controlled_ontology_rule
CANDLEPCA005::时光幽谷,时光幽谷,家居香氛,HAS_SCENE,UseScene,中大型房间,caracteristics_text,-适合中型及大型房间 -香气渐进而持久（约20分钟后达到理想效果）。,https://www.diptyque-cn.com/p/la-vallee-du-temps-valley-of-time-refillable-candle.html,approved,场景,fact,controlled_source_pattern
CANDLEPCA005::时光幽谷,时光幽谷,家居香氛,HAS_CARE_INSTRUCTION,CareInstruction,首次燃烧,usage_tips_text,让每次燃烧都可以达到最佳状态： -第一次燃烧蜡烛时，保持燃烧至少5小时，让蜡烛表面完全燃烧至变成液态。,https://www.diptyque-cn.com/p/la-vallee-du-temps-valley-of-time-refillable-candle.html,approved,保养,fact,controlled_source_pattern
CANDLEPCA005::时光幽谷,时光幽谷,家居香氛,HAS_CARE_INSTRUCTION,CareInstruction,修剪烛芯,usage_tips_text,-请确保在每次使用后蜡烛后都将烛芯置中，从而平均点燃蜡面。 -每次燃烧请将烛芯修剪至3-5mm处。 -建议在燃点蜡烛后，保持室内环境通风。 要替换补充装： -当底部残留约 5 mm的蜡或金属灯芯支架露出时，即表明蜡烛已燃烧完毕。,https://www.diptyque-cn.com/p/la-vallee-du-temps-valley-of-time-refillable-candle.html,approved,保养,fact,controlled_source_pattern
CANDLEPCA005::时光幽谷,时光幽谷,家居香氛,HAS_CARE_INSTRUCTION,CareInstruction,控制燃烧时长,usage_tips_text,让每次燃烧都可以达到最佳状态： -第一次燃烧蜡烛时，保持燃烧至少5小时，让蜡烛表面完全燃烧至变成液态。 -使用防烟灭烛罩熄灭蜡烛。防止热蜡飞溅。 -请确保在每次使用后蜡烛后都将烛芯置中，从而平均点燃蜡面。 -每次燃烧请将烛芯修剪至3-5mm处。 -建议在燃点蜡烛后，保持室内环境通风。 要替换补充装： -当底部残留约 5 mm的蜡或金属灯芯支架露出时，即表明蜡烛已燃烧完毕。 -待蜡冷却后，将蜡烛浸泡于60°C的水中，水深为蜡烛座高度的一半。等待2分钟，让蜡软化。,https://www.diptyque-cn.com/p/la-vallee-du-temps-valley-of-time-refillable-candle.html,approved,保养,fact,controlled_source_pattern
CANDLEPCA005::时光幽谷,时光幽谷,家居香氛,HAS_CARE_INSTRUCTION,CareInstruction,无人照看警示,caracteristics_text,-请勿将燃烧中的蜡烛遗留在无人照看的场所。,https://www.diptyque-cn.com/p/la-vallee-du-temps-valley-of-time-refillable-candle.html,approved,保养,fact,controlled_source_pattern
CANDLEPCA005::时光幽谷,时光幽谷,家居香氛,HAS_FUNCTION,Function,扩香,product_form,已审核本体规则：家居香氛 / 大千之境香氛蜡烛 -> 扩香,https://www.diptyque-cn.com/p/la-vallee-du-temps-valley-of-time-refillable-candle.html,derived_from_approved_rule,功能,derived_intent,controlled_ontology_rule
CANDLEPCA005::时光幽谷,时光幽谷,家居香氛,SERVES_NEED,UserNeed,空间氛围,product_form,已审核本体规则：家居香氛 / 大千之境香氛蜡烛 -> 空间氛围,https://www.diptyque-cn.com/p/la-vallee-du-temps-valley-of-time-refillable-candle.html,derived_from_approved_rule,需求,derived_intent,controlled_ontology_rule
CANDLEPCA005::时光幽谷香氛蜡烛补充装,时光幽谷香氛蜡烛补充装,家居香氛,HAS_CARE_INSTRUCTION,CareInstruction,首次燃烧,usage_tips_text,让每次燃烧都可以达到理想状态： -第一次燃烧蜡烛时，保持燃烧至少5小时，让蜡烛表面完全燃烧至变成液态。,https://www.diptyque-cn.com/p/la-vallee-du-temps-valley-of-time-candle-refill.html,approved,保养,fact,controlled_source_pattern
CANDLEPCA005::时光幽谷香氛蜡烛补充装,时光幽谷香氛蜡烛补充装,家居香氛,HAS_CARE_INSTRUCTION,CareInstruction,修剪烛芯,usage_tips_text,-请确保在每次使用后蜡烛后都将烛芯置中，从而平均点燃蜡面。 -每次燃烧请将烛芯修剪至3-5mm处。 -建议在燃点蜡烛后，保持室内环境通风。 要替换补充装： -当底部残留约 5 mm的蜡或金属灯芯支架露出时，即表明蜡烛已燃烧完毕。,https://www.diptyque-cn.com/p/la-vallee-du-temps-valley-of-time-candle-refill.html,approved,保养,fact,controlled_source_pattern
CANDLEPCA005::时光幽谷香氛蜡烛补充装,时光幽谷香氛蜡烛补充装,家居香氛,HAS_CARE_INSTRUCTION,CareInstruction,控制燃烧时长,usage_tips_text,让每次燃烧都可以达到理想状态： -第一次燃烧蜡烛时，保持燃烧至少5小时，让蜡烛表面完全燃烧至变成液态。 -使用防烟灭烛罩熄灭蜡烛。防止热蜡飞溅。 -请确保在每次使用后蜡烛后都将烛芯置中，从而平均点燃蜡面。 -每次燃烧请将烛芯修剪至3-5mm处。 -建议在燃点蜡烛后，保持室内环境通风。 要替换补充装： -当底部残留约 5 mm的蜡或金属灯芯支架露出时，即表明蜡烛已燃烧完毕。 -待蜡冷却后，将蜡烛浸泡于60°C的水中，水深为蜡烛座高度的一半。等待2分钟，让蜡软化。,https://www.diptyque-cn.com/p/la-vallee-du-temps-valley-of-time-candle-refill.html,approved,保养,fact,controlled_source_pattern
CANDLEPCA005::时光幽谷香氛蜡烛补充装,时光幽谷香氛蜡烛补充装,家居香氛,HAS_FUNCTION,Function,扩香,product_form,已审核本体规则：家居香氛 / 大千之境香氛蜡烛 -> 扩香,https://www.diptyque-cn.com/p/la-vallee-du-temps-valley-of-time-candle-refill.html,derived_from_approved_rule,功能,derived_intent,controlled_ontology_rule
CANDLEPCA005::时光幽谷香氛蜡烛补充装,时光幽谷香氛蜡烛补充装,家居香氛,SERVES_NEED,UserNeed,空间氛围,product_form,已审核本体规则：家居香氛 / 大千之境香氛蜡烛 -> 空间氛围,https://www.diptyque-cn.com/p/la-vallee-du-temps-valley-of-time-candle-refill.html,derived_from_approved_rule,需求,derived_intent,controlled_ontology_rule
CANDLEPM1::香氛蜡烛香丸,香氛蜡烛-香丸,家居香氛,HAS_CARE_INSTRUCTION,CareInstruction,首次燃烧,usage_tips_text,-第一次燃烧蜡烛时，请确保持续燃烧2-3小时，使蜡烛表面完全液化，以防止烛芯周围的蜡面凹陷。,https://www.diptyque-cn.com/p/bougie-pomander-190g-remavp.html,approved,保养,fact,controlled_source_pattern
CANDLEPM1::香氛蜡烛香丸,香氛蜡烛-香丸,家居香氛,HAS_CARE_INSTRUCTION,CareInstruction,修剪烛芯,usage_tips_text,-用烛芯修剪器定期修剪烛芯至3-5mm的理想长度。 -请确保在每次使用后蜡烛后都将烛芯调整至直立状态并处于中央位置，以确保蜡烛均匀燃烧。,https://www.diptyque-cn.com/p/bougie-pomander-190g-remavp.html,approved,保养,fact,controlled_source_pattern
CANDLEPM1::香氛蜡烛香丸,香氛蜡烛-香丸,家居香氛,HAS_CARE_INSTRUCTION,CareInstruction,控制燃烧时长,usage_tips_text,-第一次燃烧蜡烛时，请确保持续燃烧2-3小时，使蜡烛表面完全液化，以防止烛芯周围的蜡面凹陷。,https://www.diptyque-cn.com/p/bougie-pomander-190g-remavp.html,approved,保养,fact,controlled_source_pattern
CANDLEPM1::香氛蜡烛香丸,香氛蜡烛-香丸,家居香氛,HAS_CARE_INSTRUCTION,CareInstruction,无人照看警示,caracteristics_text,-请勿将燃烧中的蜡烛遗留在无人照看的场所。,https://www.diptyque-cn.com/p/bougie-pomander-190g-remavp.html,approved,保养,fact,controlled_source_pattern
CANDLEPM1::香氛蜡烛香丸,香氛蜡烛-香丸,家居香氛,HAS_FUNCTION,Function,扩香,product_form,已审核本体规则：家居香氛 / 经典香氛蜡烛 -> 扩香,https://www.diptyque-cn.com/p/bougie-pomander-190g-remavp.html,derived_from_approved_rule,功能,derived_intent,controlled_ontology_rule
CANDLEPM1::香氛蜡烛香丸,香氛蜡烛-香丸,家居香氛,SERVES_NEED,UserNeed,空间氛围,product_form,已审核本体规则：家居香氛 / 经典香氛蜡烛 -> 空间氛围,https://www.diptyque-cn.com/p/bougie-pomander-190g-remavp.html,derived_from_approved_rule,需求,derived_intent,controlled_ontology_rule
CANDLERHUBA190::香氛蜡烛大黄,香氛蜡烛-大黄,家居香氛,HAS_CARE_INSTRUCTION,CareInstruction,首次燃烧,usage_tips_text,-第一次燃烧蜡烛时，请确保持续燃烧2-3小时，使蜡烛表面完全液化，以防止烛芯周围的蜡面凹陷。,https://www.diptyque-cn.com/p/rhuba190-candle.html,approved,保养,fact,controlled_source_pattern
CANDLERHUBA190::香氛蜡烛大黄,香氛蜡烛-大黄,家居香氛,HAS_CARE_INSTRUCTION,CareInstruction,修剪烛芯,usage_tips_text,-用烛芯修剪器定期修剪烛芯至3-5mm的理想长度。 -请确保在每次使用后蜡烛后都将烛芯调整至直立状态并处于中央位置，以确保蜡烛均匀燃烧。,https://www.diptyque-cn.com/p/rhuba190-candle.html,approved,保养,fact,controlled_source_pattern
CANDLERHUBA190::香氛蜡烛大黄,香氛蜡烛-大黄,家居香氛,HAS_CARE_INSTRUCTION,CareInstruction,控制燃烧时长,usage_tips_text,-第一次燃烧蜡烛时，请确保持续燃烧2-3小时，使蜡烛表面完全液化，以防止烛芯周围的蜡面凹陷。,https://www.diptyque-cn.com/p/rhuba190-candle.html,approved,保养,fact,controlled_source_pattern
CANDLERHUBA190::香氛蜡烛大黄,香氛蜡烛-大黄,家居香氛,HAS_CARE_INSTRUCTION,CareInstruction,无人照看警示,caracteristics_text,-请勿将燃烧中的蜡烛遗留在无人照看的场所。,https://www.diptyque-cn.com/p/rhuba190-candle.html,approved,保养,fact,controlled_source_pattern
CANDLERHUBA190::香氛蜡烛大黄,香氛蜡烛-大黄,家居香氛,HAS_FUNCTION,Function,扩香,product_form,已审核本体规则：家居香氛 / 经典香氛蜡烛 -> 扩香,https://www.diptyque-cn.com/p/rhuba190-candle.html,derived_from_approved_rule,功能,derived_intent,controlled_ontology_rule
CANDLERHUBA190::香氛蜡烛大黄,香氛蜡烛-大黄,家居香氛,SERVES_NEED,UserNeed,空间氛围,product_form,已审核本体规则：家居香氛 / 经典香氛蜡烛 -> 空间氛围,https://www.diptyque-cn.com/p/rhuba190-candle.html,derived_from_approved_rule,需求,derived_intent,controlled_ontology_rule
CANDLERO1500::超大号香氛蜡烛玫瑰,超大号香氛蜡烛-玫瑰,家居香氛,HAS_CARE_INSTRUCTION,CareInstruction,首次燃烧,usage_tips_text,如何使用香熏蜡烛 -第一次燃烧蜡烛时，请确保持续燃烧2-3小时，使蜡烛表面完全液化，以防止烛芯周围的蜡面凹陷。,https://www.diptyque-cn.com/p/roses-extralarge-candle.html,approved,保养,fact,controlled_source_pattern
CANDLERO1500::超大号香氛蜡烛玫瑰,超大号香氛蜡烛-玫瑰,家居香氛,HAS_CARE_INSTRUCTION,CareInstruction,修剪烛芯,usage_tips_text,-用烛芯修剪器定期修剪烛芯至3-5mm的理想长度。 -请确保在每次使用后蜡烛后都将烛芯调整至直立状态并处于中央位置，以确保蜡烛均匀燃烧。,https://www.diptyque-cn.com/p/roses-extralarge-candle.html,approved,保养,fact,controlled_source_pattern
CANDLERO1500::超大号香氛蜡烛玫瑰,超大号香氛蜡烛-玫瑰,家居香氛,HAS_CARE_INSTRUCTION,CareInstruction,控制燃烧时长,usage_tips_text,如何使用香熏蜡烛 -第一次燃烧蜡烛时，请确保持续燃烧2-3小时，使蜡烛表面完全液化，以防止烛芯周围的蜡面凹陷。,https://www.diptyque-cn.com/p/roses-extralarge-candle.html,approved,保养,fact,controlled_source_pattern
CANDLERO1500::超大号香氛蜡烛玫瑰,超大号香氛蜡烛-玫瑰,家居香氛,HAS_FUNCTION,Function,扩香,product_form,已审核本体规则：家居香氛 / 超大号香氛蜡烛 -> 扩香,https://www.diptyque-cn.com/p/roses-extralarge-candle.html,derived_from_approved_rule,功能,derived_intent,controlled_ontology_rule
CANDLERO1500::超大号香氛蜡烛玫瑰,超大号香氛蜡烛-玫瑰,家居香氛,SERVES_NEED,UserNeed,空间氛围,product_form,已审核本体规则：家居香氛 / 超大号香氛蜡烛 -> 空间氛围,https://www.diptyque-cn.com/p/roses-extralarge-candle.html,derived_from_approved_rule,需求,derived_intent,controlled_ontology_rule
CANDLERO300::中号香氛蜡烛玫瑰,中号香氛蜡烛-玫瑰,家居香氛,HAS_SCENE,UseScene,中大型房间,caracteristics_text,-适合中型及大型房间 -香气渐进而持久（约20分钟后达到理想效果）。,https://www.diptyque-cn.com/p/bougie-ro-300g.html,approved,场景,fact,controlled_source_pattern
CANDLERO300::中号香氛蜡烛玫瑰,中号香氛蜡烛-玫瑰,家居香氛,HAS_CARE_INSTRUCTION,CareInstruction,首次燃烧,usage_tips_text,-第一次燃烧蜡烛时，请确保持续燃烧2-3小时，使蜡烛表面完全液化，以防止烛芯周围的蜡面凹陷。,https://www.diptyque-cn.com/p/bougie-ro-300g.html,approved,保养,fact,controlled_source_pattern
CANDLERO300::中号香氛蜡烛玫瑰,中号香氛蜡烛-玫瑰,家居香氛,HAS_CARE_INSTRUCTION,CareInstruction,修剪烛芯,usage_tips_text,-用烛芯修剪器定期修剪烛芯至3-5mm的理想长度。 -请确保在每次使用后蜡烛后都将烛芯调整至直立状态并处于中央位置，以确保蜡烛均匀燃烧。,https://www.diptyque-cn.com/p/bougie-ro-300g.html,approved,保养,fact,controlled_source_pattern
CANDLERO300::中号香氛蜡烛玫瑰,中号香氛蜡烛-玫瑰,家居香氛,HAS_CARE_INSTRUCTION,CareInstruction,控制燃烧时长,usage_tips_text,-第一次燃烧蜡烛时，请确保持续燃烧2-3小时，使蜡烛表面完全液化，以防止烛芯周围的蜡面凹陷。,https://www.diptyque-cn.com/p/bougie-ro-300g.html,approved,保养,fact,controlled_source_pattern
CANDLERO300::中号香氛蜡烛玫瑰,中号香氛蜡烛-玫瑰,家居香氛,HAS_CARE_INSTRUCTION,CareInstruction,无人照看警示,caracteristics_text,-请勿将燃烧中的蜡烛遗留在无人照看的场所。,https://www.diptyque-cn.com/p/bougie-ro-300g.html,approved,保养,fact,controlled_source_pattern
CANDLERO300::中号香氛蜡烛玫瑰,中号香氛蜡烛-玫瑰,家居香氛,HAS_FUNCTION,Function,扩香,product_form,已审核本体规则：家居香氛 / 中号香氛蜡烛 -> 扩香,https://www.diptyque-cn.com/p/bougie-ro-300g.html,derived_from_approved_rule,功能,derived_intent,controlled_ontology_rule
CANDLERO300::中号香氛蜡烛玫瑰,中号香氛蜡烛-玫瑰,家居香氛,SERVES_NEED,UserNeed,空间氛围,product_form,已审核本体规则：家居香氛 / 中号香氛蜡烛 -> 空间氛围,https://www.diptyque-cn.com/p/bougie-ro-300g.html,derived_from_approved_rule,需求,derived_intent,controlled_ontology_rule
CANDLEROSE600::大号香氛蜡烛玫瑰,大号香氛蜡烛-玫瑰,家居香氛,HAS_SCENE,UseScene,中大型房间,caracteristics_text,-适合中型及大型房间 -香气渐进而持久（约20分钟后达到理想效果）。,https://www.diptyque-cn.com/p/roses-candle-600g.html,approved,场景,fact,controlled_source_pattern
CANDLEROSE600::大号香氛蜡烛玫瑰,大号香氛蜡烛-玫瑰,家居香氛,HAS_CARE_INSTRUCTION,CareInstruction,首次燃烧,usage_tips_text,-第一次燃烧蜡烛时，请确保持续燃烧2-3小时，使蜡烛表面完全液化，以防止烛芯周围的蜡面凹陷。,https://www.diptyque-cn.com/p/roses-candle-600g.html,approved,保养,fact,controlled_source_pattern
CANDLEROSE600::大号香氛蜡烛玫瑰,大号香氛蜡烛-玫瑰,家居香氛,HAS_CARE_INSTRUCTION,CareInstruction,修剪烛芯,usage_tips_text,-用烛芯修剪器定期修剪烛芯至3-5mm的理想长度。 -请确保在每次使用后蜡烛后都将烛芯调整至直立状态并处于中央位置，以确保蜡烛均匀燃烧。,https://www.diptyque-cn.com/p/roses-candle-600g.html,approved,保养,fact,controlled_source_pattern
CANDLEROSE600::大号香氛蜡烛玫瑰,大号香氛蜡烛-玫瑰,家居香氛,HAS_CARE_INSTRUCTION,CareInstruction,控制燃烧时长,usage_tips_text,-同时点燃3根烛芯，让蜡烛燃烧得更均匀。 -第一次燃烧蜡烛时，请确保持续燃烧2-3小时，使蜡烛表面完全液化，以防止烛芯周围的蜡面凹陷。,https://www.diptyque-cn.com/p/roses-candle-600g.html,approved,保养,fact,controlled_source_pattern
CANDLEROSE600::大号香氛蜡烛玫瑰,大号香氛蜡烛-玫瑰,家居香氛,HAS_CARE_INSTRUCTION,CareInstruction,无人照看警示,caracteristics_text,-请勿将燃烧中的蜡烛遗留在无人照看的场所。,https://www.diptyque-cn.com/p/roses-candle-600g.html,approved,保养,fact,controlled_source_pattern
CANDLEROSE600::大号香氛蜡烛玫瑰,大号香氛蜡烛-玫瑰,家居香氛,HAS_FUNCTION,Function,扩香,product_form,已审核本体规则：家居香氛 / 大号香氛蜡烛 -> 扩香,https://www.diptyque-cn.com/p/roses-candle-600g.html,derived_from_approved_rule,功能,derived_intent,controlled_ontology_rule
CANDLEROSE600::大号香氛蜡烛玫瑰,大号香氛蜡烛-玫瑰,家居香氛,SERVES_NEED,UserNeed,空间氛围,product_form,已审核本体规则：家居香氛 / 大号香氛蜡烛 -> 空间氛围,https://www.diptyque-cn.com/p/roses-candle-600g.html,derived_from_approved_rule,需求,derived_intent,controlled_ontology_rule
CANDLEROSE::迷你香氛蜡烛玫瑰,迷你香氛蜡烛-玫瑰,家居香氛,HAS_CARE_INSTRUCTION,CareInstruction,首次燃烧,usage_tips_text,-第一次燃烧蜡烛时，请确保持续燃烧2-3小时，使蜡烛表面完全液化，以防止烛芯周围的蜡面凹陷。,https://www.diptyque-cn.com/p/roses-small-candle.html,approved,保养,fact,controlled_source_pattern
CANDLEROSE::迷你香氛蜡烛玫瑰,迷你香氛蜡烛-玫瑰,家居香氛,HAS_CARE_INSTRUCTION,CareInstruction,修剪烛芯,usage_tips_text,-用烛芯修剪器定期修剪烛芯至3-5mm的理想长度。 -请确保在每次使用后蜡烛后都将烛芯调整至直立状态并处于中央位置，以确保蜡烛均匀燃烧。,https://www.diptyque-cn.com/p/roses-small-candle.html,approved,保养,fact,controlled_source_pattern
CANDLEROSE::迷你香氛蜡烛玫瑰,迷你香氛蜡烛-玫瑰,家居香氛,HAS_CARE_INSTRUCTION,CareInstruction,控制燃烧时长,usage_tips_text,-第一次燃烧蜡烛时，请确保持续燃烧2-3小时，使蜡烛表面完全液化，以防止烛芯周围的蜡面凹陷。,https://www.diptyque-cn.com/p/roses-small-candle.html,approved,保养,fact,controlled_source_pattern
CANDLEROSE::迷你香氛蜡烛玫瑰,迷你香氛蜡烛-玫瑰,家居香氛,HAS_CARE_INSTRUCTION,CareInstruction,无人照看警示,caracteristics_text,-请勿将燃烧中的蜡烛遗留在无人照看的场所。,https://www.diptyque-cn.com/p/roses-small-candle.html,approved,保养,fact,controlled_source_pattern
CANDLEROSE::迷你香氛蜡烛玫瑰,迷你香氛蜡烛-玫瑰,家居香氛,HAS_FUNCTION,Function,扩香,product_form,已审核本体规则：家居香氛 / 迷你香氛蜡烛 -> 扩香,https://www.diptyque-cn.com/p/roses-small-candle.html,derived_from_approved_rule,功能,derived_intent,controlled_ontology_rule
CANDLEROSE::迷你香氛蜡烛玫瑰,迷你香氛蜡烛-玫瑰,家居香氛,SERVES_NEED,UserNeed,空间氛围,product_form,已审核本体规则：家居香氛 / 迷你香氛蜡烛 -> 空间氛围,https://www.diptyque-cn.com/p/roses-small-candle.html,derived_from_approved_rule,需求,derived_intent,controlled_ontology_rule
CANDLEROSE::香氛蜡烛玫瑰,香氛蜡烛-玫瑰,家居香氛,HAS_CARE_INSTRUCTION,CareInstruction,首次燃烧,usage_tips_text,-第一次燃烧蜡烛时，请确保持续燃烧2-3小时，使蜡烛表面完全液化，以防止烛芯周围的蜡面凹陷。,https://www.diptyque-cn.com/p/roses-candle-remavp.html,approved,保养,fact,controlled_source_pattern
CANDLEROSE::香氛蜡烛玫瑰,香氛蜡烛-玫瑰,家居香氛,HAS_CARE_INSTRUCTION,CareInstruction,修剪烛芯,usage_tips_text,-用烛芯修剪器定期修剪烛芯至3-5mm的理想长度。 -请确保在每次使用后蜡烛后都将烛芯调整至直立状态并处于中央位置，以确保蜡烛均匀燃烧。,https://www.diptyque-cn.com/p/roses-candle-remavp.html,approved,保养,fact,controlled_source_pattern
CANDLEROSE::香氛蜡烛玫瑰,香氛蜡烛-玫瑰,家居香氛,HAS_CARE_INSTRUCTION,CareInstruction,控制燃烧时长,usage_tips_text,-第一次燃烧蜡烛时，请确保持续燃烧2-3小时，使蜡烛表面完全液化，以防止烛芯周围的蜡面凹陷。,https://www.diptyque-cn.com/p/roses-candle-remavp.html,approved,保养,fact,controlled_source_pattern
CANDLEROSE::香氛蜡烛玫瑰,香氛蜡烛-玫瑰,家居香氛,HAS_CARE_INSTRUCTION,CareInstruction,无人照看警示,caracteristics_text,-请勿将燃烧中的蜡烛遗留在无人照看的场所。,https://www.diptyque-cn.com/p/roses-candle-remavp.html,approved,保养,fact,controlled_source_pattern
CANDLEROSE::香氛蜡烛玫瑰,香氛蜡烛-玫瑰,家居香氛,HAS_FUNCTION,Function,扩香,product_form,已审核本体规则：家居香氛 / 经典香氛蜡烛 -> 扩香,https://www.diptyque-cn.com/p/roses-candle-remavp.html,derived_from_approved_rule,功能,derived_intent,controlled_ontology_rule
CANDLEROSE::香氛蜡烛玫瑰,香氛蜡烛-玫瑰,家居香氛,SERVES_NEED,UserNeed,空间氛围,product_form,已审核本体规则：家居香氛 / 经典香氛蜡烛 -> 空间氛围,https://www.diptyque-cn.com/p/roses-candle-remavp.html,derived_from_approved_rule,需求,derived_intent,controlled_ontology_rule
CANDLESA1::香氛蜡烛檀香,香氛蜡烛-檀香,家居香氛,HAS_CARE_INSTRUCTION,CareInstruction,首次燃烧,usage_tips_text,-第一次燃烧蜡烛时，请确保持续燃烧2-3小时，使蜡烛表面完全液化，以防止烛芯周围的蜡面凹陷。,https://www.diptyque-cn.com/p/sa2-candle-1-remavp.html,approved,保养,fact,controlled_source_pattern
CANDLESA1::香氛蜡烛檀香,香氛蜡烛-檀香,家居香氛,HAS_CARE_INSTRUCTION,CareInstruction,修剪烛芯,usage_tips_text,-用烛芯修剪器定期修剪烛芯至3-5mm的理想长度。 -请确保在每次使用后蜡烛后都将烛芯调整至直立状态并处于中央位置，以确保蜡烛均匀燃烧。,https://www.diptyque-cn.com/p/sa2-candle-1-remavp.html,approved,保养,fact,controlled_source_pattern
CANDLESA1::香氛蜡烛檀香,香氛蜡烛-檀香,家居香氛,HAS_CARE_INSTRUCTION,CareInstruction,控制燃烧时长,usage_tips_text,-第一次燃烧蜡烛时，请确保持续燃烧2-3小时，使蜡烛表面完全液化，以防止烛芯周围的蜡面凹陷。,https://www.diptyque-cn.com/p/sa2-candle-1-remavp.html,approved,保养,fact,controlled_source_pattern
CANDLESA1::香氛蜡烛檀香,香氛蜡烛-檀香,家居香氛,HAS_CARE_INSTRUCTION,CareInstruction,无人照看警示,caracteristics_text,-请勿将燃烧中的蜡烛遗留在无人照看的场所。,https://www.diptyque-cn.com/p/sa2-candle-1-remavp.html,approved,保养,fact,controlled_source_pattern
CANDLESA1::香氛蜡烛檀香,香氛蜡烛-檀香,家居香氛,HAS_FUNCTION,Function,扩香,product_form,已审核本体规则：家居香氛 / 经典香氛蜡烛 -> 扩香,https://www.diptyque-cn.com/p/sa2-candle-1-remavp.html,derived_from_approved_rule,功能,derived_intent,controlled_ontology_rule
CANDLESA1::香氛蜡烛檀香,香氛蜡烛-檀香,家居香氛,SERVES_NEED,UserNeed,空间氛围,product_form,已审核本体规则：家居香氛 / 经典香氛蜡烛 -> 空间氛围,https://www.diptyque-cn.com/p/sa2-candle-1-remavp.html,derived_from_approved_rule,需求,derived_intent,controlled_ontology_rule
CANDLESESAM190::香氛蜡烛黑芝麻,香氛蜡烛-黑芝麻,家居香氛,HAS_CARE_INSTRUCTION,CareInstruction,首次燃烧,usage_tips_text,-第一次燃烧蜡烛时，请确保持续燃烧2-3小时，使蜡烛表面完全液化，以防止烛芯周围的蜡面凹陷。,https://www.diptyque-cn.com/p/sesam190-candle.html,approved,保养,fact,controlled_source_pattern
CANDLESESAM190::香氛蜡烛黑芝麻,香氛蜡烛-黑芝麻,家居香氛,HAS_CARE_INSTRUCTION,CareInstruction,修剪烛芯,usage_tips_text,-用烛芯修剪器定期修剪烛芯至3-5mm的理想长度。 -请确保在每次使用后蜡烛后都将烛芯调整至直立状态并处于中央位置，以确保蜡烛均匀燃烧。,https://www.diptyque-cn.com/p/sesam190-candle.html,approved,保养,fact,controlled_source_pattern
CANDLESESAM190::香氛蜡烛黑芝麻,香氛蜡烛-黑芝麻,家居香氛,HAS_CARE_INSTRUCTION,CareInstruction,控制燃烧时长,usage_tips_text,-第一次燃烧蜡烛时，请确保持续燃烧2-3小时，使蜡烛表面完全液化，以防止烛芯周围的蜡面凹陷。,https://www.diptyque-cn.com/p/sesam190-candle.html,approved,保养,fact,controlled_source_pattern
CANDLESESAM190::香氛蜡烛黑芝麻,香氛蜡烛-黑芝麻,家居香氛,HAS_CARE_INSTRUCTION,CareInstruction,无人照看警示,caracteristics_text,-请勿将燃烧中的蜡烛遗留在无人照看的场所。,https://www.diptyque-cn.com/p/sesam190-candle.html,approved,保养,fact,controlled_source_pattern
CANDLESESAM190::香氛蜡烛黑芝麻,香氛蜡烛-黑芝麻,家居香氛,HAS_FUNCTION,Function,扩香,product_form,已审核本体规则：家居香氛 / 经典香氛蜡烛 -> 扩香,https://www.diptyque-cn.com/p/sesam190-candle.html,derived_from_approved_rule,功能,derived_intent,controlled_ontology_rule
CANDLESESAM190::香氛蜡烛黑芝麻,香氛蜡烛-黑芝麻,家居香氛,SERVES_NEED,UserNeed,空间氛围,product_form,已审核本体规则：家居香氛 / 经典香氛蜡烛 -> 空间氛围,https://www.diptyque-cn.com/p/sesam190-candle.html,derived_from_approved_rule,需求,derived_intent,controlled_ontology_rule
CANDLESET5X35EL::迷你香氛蜡烛礼盒5只装（限量版）,迷你香氛蜡烛礼盒-5只装（限量版）,家居香氛,HAS_CARE_INSTRUCTION,CareInstruction,修剪烛芯,usage_tips_text,"-每次熄灭蜡烛后,用烛芯修剪器修剪烛芯（理想长度为3至5毫米）, 以避免黑烟的产生。 -请确保在每次使用后蜡烛后都将烛芯置中，从而平均点燃蜡面。",https://www.diptyque-cn.com/p/set5x35el-candle-190g-1.html,approved,保养,fact,controlled_source_pattern
CANDLESET5X35EL::迷你香氛蜡烛礼盒5只装（限量版）,迷你香氛蜡烛礼盒-5只装（限量版）,家居香氛,HAS_CARE_INSTRUCTION,CareInstruction,控制燃烧时长,usage_tips_text,"-请确保蜡烛持续燃烧,使蜡烛表面完全液化（约4小时）,以避免烛芯周围出现蜡面凹陷。",https://www.diptyque-cn.com/p/set5x35el-candle-190g-1.html,approved,保养,fact,controlled_source_pattern
CANDLESET5X35EL::迷你香氛蜡烛礼盒5只装（限量版）,迷你香氛蜡烛礼盒-5只装（限量版）,家居香氛,HAS_FUNCTION,Function,扩香,product_form,已审核本体规则：家居香氛 / 迷你香氛蜡烛 -> 扩香,https://www.diptyque-cn.com/p/set5x35el-candle-190g-1.html,derived_from_approved_rule,功能,derived_intent,controlled_ontology_rule
CANDLESET5X35EL::迷你香氛蜡烛礼盒5只装（限量版）,迷你香氛蜡烛礼盒-5只装（限量版）,家居香氛,SERVES_NEED,UserNeed,空间氛围,product_form,已审核本体规则：家居香氛 / 迷你香氛蜡烛 -> 空间氛围,https://www.diptyque-cn.com/p/set5x35el-candle-190g-1.html,derived_from_approved_rule,需求,derived_intent,controlled_ontology_rule
CANDLESHISO190::香氛蜡烛紫苏,香氛蜡烛-紫苏,家居香氛,HAS_CARE_INSTRUCTION,CareInstruction,首次燃烧,usage_tips_text,-第一次燃烧蜡烛时，请确保持续燃烧2-3小时，使蜡烛表面完全液化，以防止烛芯周围的蜡面凹陷。,https://www.diptyque-cn.com/p/shiso190-candle.html,approved,保养,fact,controlled_source_pattern
CANDLESHISO190::香氛蜡烛紫苏,香氛蜡烛-紫苏,家居香氛,HAS_CARE_INSTRUCTION,CareInstruction,修剪烛芯,usage_tips_text,-用烛芯修剪器定期修剪烛芯至3-5mm的理想长度。 -请确保在每次使用后蜡烛后都将烛芯调整至直立状态并处于中央位置，以确保蜡烛均匀燃烧。,https://www.diptyque-cn.com/p/shiso190-candle.html,approved,保养,fact,controlled_source_pattern
CANDLESHISO190::香氛蜡烛紫苏,香氛蜡烛-紫苏,家居香氛,HAS_CARE_INSTRUCTION,CareInstruction,控制燃烧时长,usage_tips_text,-第一次燃烧蜡烛时，请确保持续燃烧2-3小时，使蜡烛表面完全液化，以防止烛芯周围的蜡面凹陷。,https://www.diptyque-cn.com/p/shiso190-candle.html,approved,保养,fact,controlled_source_pattern
CANDLESHISO190::香氛蜡烛紫苏,香氛蜡烛-紫苏,家居香氛,HAS_CARE_INSTRUCTION,CareInstruction,无人照看警示,caracteristics_text,-请勿将燃烧中的蜡烛遗留在无人照看的场所。,https://www.diptyque-cn.com/p/shiso190-candle.html,approved,保养,fact,controlled_source_pattern
CANDLESHISO190::香氛蜡烛紫苏,香氛蜡烛-紫苏,家居香氛,HAS_FUNCTION,Function,扩香,product_form,已审核本体规则：家居香氛 / 经典香氛蜡烛 -> 扩香,https://www.diptyque-cn.com/p/shiso190-candle.html,derived_from_approved_rule,功能,derived_intent,controlled_ontology_rule
CANDLESHISO190::香氛蜡烛紫苏,香氛蜡烛-紫苏,家居香氛,SERVES_NEED,UserNeed,空间氛围,product_form,已审核本体规则：家居香氛 / 经典香氛蜡烛 -> 空间氛围,https://www.diptyque-cn.com/p/shiso190-candle.html,derived_from_approved_rule,需求,derived_intent,controlled_ontology_rule
CANDLESUM26PI190::香氛蜡烛松林（限量版）,香氛蜡烛-松林（限量版）,家居香氛,HAS_CARE_INSTRUCTION,CareInstruction,首次燃烧,usage_tips_text,-第一次燃烧蜡烛时，请确保持续燃烧2-3小时，使蜡烛表面完全液化，以防止烛芯周围的蜡面凹陷。,https://www.diptyque-cn.com/p/candle-sum26pi190-190g.html,approved,保养,fact,controlled_source_pattern
CANDLESUM26PI190::香氛蜡烛松林（限量版）,香氛蜡烛-松林（限量版）,家居香氛,HAS_CARE_INSTRUCTION,CareInstruction,修剪烛芯,usage_tips_text,-用烛芯修剪器定期修剪烛芯至3-5mm的理想长度。 -请确保在每次使用后蜡烛后都将烛芯调整至直立状态并处于中央位置，以确保蜡烛均匀燃烧。,https://www.diptyque-cn.com/p/candle-sum26pi190-190g.html,approved,保养,fact,controlled_source_pattern
CANDLESUM26PI190::香氛蜡烛松林（限量版）,香氛蜡烛-松林（限量版）,家居香氛,HAS_CARE_INSTRUCTION,CareInstruction,控制燃烧时长,usage_tips_text,-第一次燃烧蜡烛时，请确保持续燃烧2-3小时，使蜡烛表面完全液化，以防止烛芯周围的蜡面凹陷。,https://www.diptyque-cn.com/p/candle-sum26pi190-190g.html,approved,保养,fact,controlled_source_pattern
CANDLESUM26PI190::香氛蜡烛松林（限量版）,香氛蜡烛-松林（限量版）,家居香氛,HAS_FUNCTION,Function,扩香,product_form,已审核本体规则：家居香氛 / 经典香氛蜡烛 -> 扩香,https://www.diptyque-cn.com/p/candle-sum26pi190-190g.html,derived_from_approved_rule,功能,derived_intent,controlled_ontology_rule
CANDLESUM26PI190::香氛蜡烛松林（限量版）,香氛蜡烛-松林（限量版）,家居香氛,SERVES_NEED,UserNeed,空间氛围,product_form,已审核本体规则：家居香氛 / 经典香氛蜡烛 -> 空间氛围,https://www.diptyque-cn.com/p/candle-sum26pi190-190g.html,derived_from_approved_rule,需求,derived_intent,controlled_ontology_rule
CANDLET1::香氛蜡烛茶树,香氛蜡烛-茶树,家居香氛,HAS_CARE_INSTRUCTION,CareInstruction,首次燃烧,usage_tips_text,-第一次燃烧蜡烛时，请确保持续燃烧2-3小时，使蜡烛表面完全液化，以防止烛芯周围的蜡面凹陷。,https://www.diptyque-cn.com/p/the-tea-candle-remavp.html,approved,保养,fact,controlled_source_pattern
CANDLET1::香氛蜡烛茶树,香氛蜡烛-茶树,家居香氛,HAS_CARE_INSTRUCTION,CareInstruction,修剪烛芯,usage_tips_text,-用烛芯修剪器定期修剪烛芯至3-5mm的理想长度。 -请确保在每次使用后蜡烛后都将烛芯调整至直立状态并处于中央位置，以确保蜡烛均匀燃烧。,https://www.diptyque-cn.com/p/the-tea-candle-remavp.html,approved,保养,fact,controlled_source_pattern
CANDLET1::香氛蜡烛茶树,香氛蜡烛-茶树,家居香氛,HAS_CARE_INSTRUCTION,CareInstruction,控制燃烧时长,usage_tips_text,-第一次燃烧蜡烛时，请确保持续燃烧2-3小时，使蜡烛表面完全液化，以防止烛芯周围的蜡面凹陷。,https://www.diptyque-cn.com/p/the-tea-candle-remavp.html,approved,保养,fact,controlled_source_pattern
CANDLET1::香氛蜡烛茶树,香氛蜡烛-茶树,家居香氛,HAS_CARE_INSTRUCTION,CareInstruction,无人照看警示,caracteristics_text,-请勿将燃烧中的蜡烛遗留在无人照看的场所。,https://www.diptyque-cn.com/p/the-tea-candle-remavp.html,approved,保养,fact,controlled_source_pattern
CANDLET1::香氛蜡烛茶树,香氛蜡烛-茶树,家居香氛,HAS_FUNCTION,Function,扩香,product_form,已审核本体规则：家居香氛 / 经典香氛蜡烛 -> 扩香,https://www.diptyque-cn.com/p/the-tea-candle-remavp.html,derived_from_approved_rule,功能,derived_intent,controlled_ontology_rule
CANDLET1::香氛蜡烛茶树,香氛蜡烛-茶树,家居香氛,SERVES_NEED,UserNeed,空间氛围,product_form,已审核本体规则：家居香氛 / 经典香氛蜡烛 -> 空间氛围,https://www.diptyque-cn.com/p/the-tea-candle-remavp.html,derived_from_approved_rule,需求,derived_intent,controlled_ontology_rule
CANDLETAPCDLB1B::琥珀烛台香氛蜡烛,琥珀烛台香氛蜡烛,家居香氛,HAS_CARE_INSTRUCTION,CareInstruction,控制燃烧时长,usage_tips_text,燃烧时长约8小时。,https://www.diptyque-cn.com/p/ambre-amber-scented-dinner-candle-75g.html,approved,保养,fact,controlled_source_pattern
CANDLETAPCDLB1B::琥珀烛台香氛蜡烛,琥珀烛台香氛蜡烛,家居香氛,HAS_FUNCTION,Function,扩香,product_form,已审核本体规则：家居香氛 / 烛台香氛蜡烛 -> 扩香,https://www.diptyque-cn.com/p/ambre-amber-scented-dinner-candle-75g.html,derived_from_approved_rule,功能,derived_intent,controlled_ontology_rule
CANDLETAPCDLB1B::琥珀烛台香氛蜡烛,琥珀烛台香氛蜡烛,家居香氛,SERVES_NEED,UserNeed,空间氛围,product_form,已审核本体规则：家居香氛 / 烛台香氛蜡烛 -> 空间氛围,https://www.diptyque-cn.com/p/ambre-amber-scented-dinner-candle-75g.html,derived_from_approved_rule,需求,derived_intent,controlled_ontology_rule
CANDLETB1500::超大号香氛蜡烛晚香玉,超大号香氛蜡烛-晚香玉,家居香氛,HAS_CARE_INSTRUCTION,CareInstruction,首次燃烧,usage_tips_text,-第一次燃烧蜡烛时，请确保持续燃烧2-3小时，使蜡烛表面完全液化，以防止烛芯周围的蜡面凹陷。,https://www.diptyque-cn.com/p/tubereuse-tuberose-interior-exterior-candle.html,approved,保养,fact,controlled_source_pattern
CANDLETB1500::超大号香氛蜡烛晚香玉,超大号香氛蜡烛-晚香玉,家居香氛,HAS_CARE_INSTRUCTION,CareInstruction,修剪烛芯,usage_tips_text,-用烛芯修剪器定期修剪烛芯至3-5mm的理想长度。 -请确保在每次使用后蜡烛后都将烛芯调整至直立状态并处于中央位置，以确保蜡烛均匀燃烧。,https://www.diptyque-cn.com/p/tubereuse-tuberose-interior-exterior-candle.html,approved,保养,fact,controlled_source_pattern
CANDLETB1500::超大号香氛蜡烛晚香玉,超大号香氛蜡烛-晚香玉,家居香氛,HAS_CARE_INSTRUCTION,CareInstruction,控制燃烧时长,usage_tips_text,-第一次燃烧蜡烛时，请确保持续燃烧2-3小时，使蜡烛表面完全液化，以防止烛芯周围的蜡面凹陷。,https://www.diptyque-cn.com/p/tubereuse-tuberose-interior-exterior-candle.html,approved,保养,fact,controlled_source_pattern
CANDLETB1500::超大号香氛蜡烛晚香玉,超大号香氛蜡烛-晚香玉,家居香氛,HAS_FUNCTION,Function,扩香,product_form,已审核本体规则：家居香氛 / 超大号香氛蜡烛 -> 扩香,https://www.diptyque-cn.com/p/tubereuse-tuberose-interior-exterior-candle.html,derived_from_approved_rule,功能,derived_intent,controlled_ontology_rule
CANDLETB1500::超大号香氛蜡烛晚香玉,超大号香氛蜡烛-晚香玉,家居香氛,SERVES_NEED,UserNeed,空间氛围,product_form,已审核本体规则：家居香氛 / 超大号香氛蜡烛 -> 空间氛围,https://www.diptyque-cn.com/p/tubereuse-tuberose-interior-exterior-candle.html,derived_from_approved_rule,需求,derived_intent,controlled_ontology_rule
CANDLETB::迷你香氛蜡烛晚香玉,迷你香氛蜡烛-晚香玉,家居香氛,HAS_CARE_INSTRUCTION,CareInstruction,首次燃烧,usage_tips_text,-第一次燃烧蜡烛时，请确保持续燃烧2-3小时，使蜡烛表面完全液化，以防止烛芯周围的蜡面凹陷。,https://www.diptyque-cn.com/p/tubereuse-tuberose-small-candle.html,approved,保养,fact,controlled_source_pattern
CANDLETB::迷你香氛蜡烛晚香玉,迷你香氛蜡烛-晚香玉,家居香氛,HAS_CARE_INSTRUCTION,CareInstruction,修剪烛芯,usage_tips_text,-用烛芯修剪器定期修剪烛芯至3-5mm的理想长度。 -请确保在每次使用后蜡烛后都将烛芯调整至直立状态并处于中央位置，以确保蜡烛均匀燃烧。,https://www.diptyque-cn.com/p/tubereuse-tuberose-small-candle.html,approved,保养,fact,controlled_source_pattern
CANDLETB::迷你香氛蜡烛晚香玉,迷你香氛蜡烛-晚香玉,家居香氛,HAS_CARE_INSTRUCTION,CareInstruction,控制燃烧时长,usage_tips_text,-第一次燃烧蜡烛时，请确保持续燃烧2-3小时，使蜡烛表面完全液化，以防止烛芯周围的蜡面凹陷。,https://www.diptyque-cn.com/p/tubereuse-tuberose-small-candle.html,approved,保养,fact,controlled_source_pattern
CANDLETB::迷你香氛蜡烛晚香玉,迷你香氛蜡烛-晚香玉,家居香氛,HAS_CARE_INSTRUCTION,CareInstruction,无人照看警示,caracteristics_text,-请勿将燃烧中的蜡烛遗留在无人照看的场所。,https://www.diptyque-cn.com/p/tubereuse-tuberose-small-candle.html,approved,保养,fact,controlled_source_pattern
CANDLETB::迷你香氛蜡烛晚香玉,迷你香氛蜡烛-晚香玉,家居香氛,HAS_FUNCTION,Function,扩香,product_form,已审核本体规则：家居香氛 / 迷你香氛蜡烛 -> 扩香,https://www.diptyque-cn.com/p/tubereuse-tuberose-small-candle.html,derived_from_approved_rule,功能,derived_intent,controlled_ontology_rule
CANDLETB::迷你香氛蜡烛晚香玉,迷你香氛蜡烛-晚香玉,家居香氛,SERVES_NEED,UserNeed,空间氛围,product_form,已审核本体规则：家居香氛 / 迷你香氛蜡烛 -> 空间氛围,https://www.diptyque-cn.com/p/tubereuse-tuberose-small-candle.html,derived_from_approved_rule,需求,derived_intent,controlled_ontology_rule
CANDLETB::香氛蜡烛晚香玉,香氛蜡烛-晚香玉,家居香氛,HAS_CARE_INSTRUCTION,CareInstruction,首次燃烧,usage_tips_text,-第一次燃烧蜡烛时，请确保持续燃烧2-3小时，使蜡烛表面完全液化，以防止烛芯周围的蜡面凹陷。,https://www.diptyque-cn.com/p/tubereuse-tuberose-candle-remavp.html,approved,保养,fact,controlled_source_pattern
CANDLETB::香氛蜡烛晚香玉,香氛蜡烛-晚香玉,家居香氛,HAS_CARE_INSTRUCTION,CareInstruction,修剪烛芯,usage_tips_text,-用烛芯修剪器定期修剪烛芯至3-5mm的理想长度。 -请确保在每次使用后蜡烛后都将烛芯调整至直立状态并处于中央位置，以确保蜡烛均匀燃烧。,https://www.diptyque-cn.com/p/tubereuse-tuberose-candle-remavp.html,approved,保养,fact,controlled_source_pattern
CANDLETB::香氛蜡烛晚香玉,香氛蜡烛-晚香玉,家居香氛,HAS_CARE_INSTRUCTION,CareInstruction,控制燃烧时长,usage_tips_text,-第一次燃烧蜡烛时，请确保持续燃烧2-3小时，使蜡烛表面完全液化，以防止烛芯周围的蜡面凹陷。,https://www.diptyque-cn.com/p/tubereuse-tuberose-candle-remavp.html,approved,保养,fact,controlled_source_pattern
CANDLETB::香氛蜡烛晚香玉,香氛蜡烛-晚香玉,家居香氛,HAS_CARE_INSTRUCTION,CareInstruction,无人照看警示,caracteristics_text,-请勿将燃烧中的蜡烛遗留在无人照看的场所。,https://www.diptyque-cn.com/p/tubereuse-tuberose-candle-remavp.html,approved,保养,fact,controlled_source_pattern
CANDLETB::香氛蜡烛晚香玉,香氛蜡烛-晚香玉,家居香氛,HAS_FUNCTION,Function,扩香,product_form,已审核本体规则：家居香氛 / 经典香氛蜡烛 -> 扩香,https://www.diptyque-cn.com/p/tubereuse-tuberose-candle-remavp.html,derived_from_approved_rule,功能,derived_intent,controlled_ontology_rule
CANDLETB::香氛蜡烛晚香玉,香氛蜡烛-晚香玉,家居香氛,SERVES_NEED,UserNeed,空间氛围,product_form,已审核本体规则：家居香氛 / 经典香氛蜡烛 -> 空间氛围,https://www.diptyque-cn.com/p/tubereuse-tuberose-candle-remavp.html,derived_from_approved_rule,需求,derived_intent,controlled_ontology_rule
CANDLETBR2::中号香氛蜡烛晚香玉,中号香氛蜡烛-晚香玉,家居香氛,HAS_SCENE,UseScene,中大型房间,caracteristics_text,-适合中型及大型房间 -香气渐进而持久（约20分钟后达到理想效果）。,https://www.diptyque-cn.com/p/tubereuse-candle-300g-remavp.html,approved,场景,fact,controlled_source_pattern
CANDLETBR2::中号香氛蜡烛晚香玉,中号香氛蜡烛-晚香玉,家居香氛,HAS_CARE_INSTRUCTION,CareInstruction,首次燃烧,usage_tips_text,-第一次燃烧蜡烛时，请确保持续燃烧2-3小时，使蜡烛表面完全液化，以防止烛芯周围的蜡面凹陷。,https://www.diptyque-cn.com/p/tubereuse-candle-300g-remavp.html,approved,保养,fact,controlled_source_pattern
CANDLETBR2::中号香氛蜡烛晚香玉,中号香氛蜡烛-晚香玉,家居香氛,HAS_CARE_INSTRUCTION,CareInstruction,修剪烛芯,usage_tips_text,-用烛芯修剪器定期修剪烛芯至3-5mm的理想长度。 -请确保在每次使用后蜡烛后都将烛芯调整至直立状态并处于中央位置，以确保蜡烛均匀燃烧。,https://www.diptyque-cn.com/p/tubereuse-candle-300g-remavp.html,approved,保养,fact,controlled_source_pattern
CANDLETBR2::中号香氛蜡烛晚香玉,中号香氛蜡烛-晚香玉,家居香氛,HAS_CARE_INSTRUCTION,CareInstruction,控制燃烧时长,usage_tips_text,-第一次燃烧蜡烛时，请确保持续燃烧2-3小时，使蜡烛表面完全液化，以防止烛芯周围的蜡面凹陷。,https://www.diptyque-cn.com/p/tubereuse-candle-300g-remavp.html,approved,保养,fact,controlled_source_pattern
CANDLETBR2::中号香氛蜡烛晚香玉,中号香氛蜡烛-晚香玉,家居香氛,HAS_CARE_INSTRUCTION,CareInstruction,无人照看警示,caracteristics_text,-请勿将燃烧中的蜡烛遗留在无人照看的场所。,https://www.diptyque-cn.com/p/tubereuse-candle-300g-remavp.html,approved,保养,fact,controlled_source_pattern
CANDLETBR2::中号香氛蜡烛晚香玉,中号香氛蜡烛-晚香玉,家居香氛,HAS_FUNCTION,Function,扩香,product_form,已审核本体规则：家居香氛 / 中号香氛蜡烛 -> 扩香,https://www.diptyque-cn.com/p/tubereuse-candle-300g-remavp.html,derived_from_approved_rule,功能,derived_intent,controlled_ontology_rule
CANDLETBR2::中号香氛蜡烛晚香玉,中号香氛蜡烛-晚香玉,家居香氛,SERVES_NEED,UserNeed,空间氛围,product_form,已审核本体规则：家居香氛 / 中号香氛蜡烛 -> 空间氛围,https://www.diptyque-cn.com/p/tubereuse-candle-300g-remavp.html,derived_from_approved_rule,需求,derived_intent,controlled_ontology_rule
CANDLETI1::香氛蜡烛椴木,香氛蜡烛-椴木,家居香氛,HAS_FUNCTION,Function,留香,pdp_long_description,椴树所散发的香气能够快速将我们带回到童年时光。,https://www.diptyque-cn.com/p/bougie-tilleul-1-remavp.html,approved,功能,fact,controlled_source_pattern
CANDLETI1::香氛蜡烛椴木,香氛蜡烛-椴木,家居香氛,HAS_CARE_INSTRUCTION,CareInstruction,首次燃烧,usage_tips_text,-第一次燃烧蜡烛时，请确保持续燃烧2-3小时，使蜡烛表面完全液化，以防止烛芯周围的蜡面凹陷。,https://www.diptyque-cn.com/p/bougie-tilleul-1-remavp.html,approved,保养,fact,controlled_source_pattern
CANDLETI1::香氛蜡烛椴木,香氛蜡烛-椴木,家居香氛,HAS_CARE_INSTRUCTION,CareInstruction,修剪烛芯,usage_tips_text,-用烛芯修剪器定期修剪烛芯至3-5mm的理想长度。 -请确保在每次使用后蜡烛后都将烛芯调整至直立状态并处于中央位置，以确保蜡烛均匀燃烧。,https://www.diptyque-cn.com/p/bougie-tilleul-1-remavp.html,approved,保养,fact,controlled_source_pattern
CANDLETI1::香氛蜡烛椴木,香氛蜡烛-椴木,家居香氛,HAS_CARE_INSTRUCTION,CareInstruction,控制燃烧时长,usage_tips_text,-第一次燃烧蜡烛时，请确保持续燃烧2-3小时，使蜡烛表面完全液化，以防止烛芯周围的蜡面凹陷。,https://www.diptyque-cn.com/p/bougie-tilleul-1-remavp.html,approved,保养,fact,controlled_source_pattern
CANDLETI1::香氛蜡烛椴木,香氛蜡烛-椴木,家居香氛,HAS_CARE_INSTRUCTION,CareInstruction,无人照看警示,caracteristics_text,-请勿将燃烧中的蜡烛遗留在无人照看的场所。,https://www.diptyque-cn.com/p/bougie-tilleul-1-remavp.html,approved,保养,fact,controlled_source_pattern
CANDLETI1::香氛蜡烛椴木,香氛蜡烛-椴木,家居香氛,HAS_FUNCTION,Function,扩香,product_form,已审核本体规则：家居香氛 / 经典香氛蜡烛 -> 扩香,https://www.diptyque-cn.com/p/bougie-tilleul-1-remavp.html,derived_from_approved_rule,功能,derived_intent,controlled_ontology_rule
CANDLETI1::香氛蜡烛椴木,香氛蜡烛-椴木,家居香氛,SERVES_NEED,UserNeed,空间氛围,product_form,已审核本体规则：家居香氛 / 经典香氛蜡烛 -> 空间氛围,https://www.diptyque-cn.com/p/bougie-tilleul-1-remavp.html,derived_from_approved_rule,需求,derived_intent,controlled_ontology_rule
CANDLEVA1::香氛蜡烛香草,香氛蜡烛-香草,家居香氛,HAS_FUNCTION,Function,留香,pdp_short_description,一颗颗小小的香草荚散发出强劲而圆润的香气。,https://www.diptyque-cn.com/p/bougie-vanille-190-remavp.html,approved,功能,fact,controlled_source_pattern
CANDLEVA1::香氛蜡烛香草,香氛蜡烛-香草,家居香氛,HAS_CARE_INSTRUCTION,CareInstruction,首次燃烧,usage_tips_text,-第一次燃烧蜡烛时，请确保持续燃烧2-3小时，使蜡烛表面完全液化，以防止烛芯周围的蜡面凹陷。,https://www.diptyque-cn.com/p/bougie-vanille-190-remavp.html,approved,保养,fact,controlled_source_pattern
CANDLEVA1::香氛蜡烛香草,香氛蜡烛-香草,家居香氛,HAS_CARE_INSTRUCTION,CareInstruction,修剪烛芯,usage_tips_text,-用烛芯修剪器定期修剪烛芯至3-5mm的理想长度。 -请确保在每次使用后蜡烛后都将烛芯调整至直立状态并处于中央位置，以确保蜡烛均匀燃烧。,https://www.diptyque-cn.com/p/bougie-vanille-190-remavp.html,approved,保养,fact,controlled_source_pattern
CANDLEVA1::香氛蜡烛香草,香氛蜡烛-香草,家居香氛,HAS_CARE_INSTRUCTION,CareInstruction,控制燃烧时长,usage_tips_text,-第一次燃烧蜡烛时，请确保持续燃烧2-3小时，使蜡烛表面完全液化，以防止烛芯周围的蜡面凹陷。,https://www.diptyque-cn.com/p/bougie-vanille-190-remavp.html,approved,保养,fact,controlled_source_pattern
CANDLEVA1::香氛蜡烛香草,香氛蜡烛-香草,家居香氛,HAS_CARE_INSTRUCTION,CareInstruction,无人照看警示,caracteristics_text,-请勿将燃烧中的蜡烛遗留在无人照看的场所。,https://www.diptyque-cn.com/p/bougie-vanille-190-remavp.html,approved,保养,fact,controlled_source_pattern
CANDLEVA1::香氛蜡烛香草,香氛蜡烛-香草,家居香氛,HAS_FUNCTION,Function,扩香,product_form,已审核本体规则：家居香氛 / 经典香氛蜡烛 -> 扩香,https://www.diptyque-cn.com/p/bougie-vanille-190-remavp.html,derived_from_approved_rule,功能,derived_intent,controlled_ontology_rule
CANDLEVA1::香氛蜡烛香草,香氛蜡烛-香草,家居香氛,SERVES_NEED,UserNeed,空间氛围,product_form,已审核本体规则：家居香氛 / 经典香氛蜡烛 -> 空间氛围,https://www.diptyque-cn.com/p/bougie-vanille-190-remavp.html,derived_from_approved_rule,需求,derived_intent,controlled_ontology_rule
CANDLEVERVEINE::迷你香氛蜡烛马鞭草,迷你香氛蜡烛-马鞭草,家居香氛,HAS_CARE_INSTRUCTION,CareInstruction,首次燃烧,usage_tips_text,-第一次燃烧蜡烛时，请确保持续燃烧2-3小时，使蜡烛表面完全液化，以防止烛芯周围的蜡面凹陷。,https://www.diptyque-cn.com/p/verveine-lemon-verbena-small-candle.html,approved,保养,fact,controlled_source_pattern
CANDLEVERVEINE::迷你香氛蜡烛马鞭草,迷你香氛蜡烛-马鞭草,家居香氛,HAS_CARE_INSTRUCTION,CareInstruction,修剪烛芯,usage_tips_text,-用烛芯修剪器定期修剪烛芯至3-5mm的理想长度。 -请确保在每次使用后蜡烛后都将烛芯调整至直立状态并处于中央位置，以确保蜡烛均匀燃烧。,https://www.diptyque-cn.com/p/verveine-lemon-verbena-small-candle.html,approved,保养,fact,controlled_source_pattern
CANDLEVERVEINE::迷你香氛蜡烛马鞭草,迷你香氛蜡烛-马鞭草,家居香氛,HAS_CARE_INSTRUCTION,CareInstruction,控制燃烧时长,usage_tips_text,-第一次燃烧蜡烛时，请确保持续燃烧2-3小时，使蜡烛表面完全液化，以防止烛芯周围的蜡面凹陷。,https://www.diptyque-cn.com/p/verveine-lemon-verbena-small-candle.html,approved,保养,fact,controlled_source_pattern
CANDLEVERVEINE::迷你香氛蜡烛马鞭草,迷你香氛蜡烛-马鞭草,家居香氛,HAS_CARE_INSTRUCTION,CareInstruction,无人照看警示,caracteristics_text,-请勿将燃烧中的蜡烛遗留在无人照看的场所。,https://www.diptyque-cn.com/p/verveine-lemon-verbena-small-candle.html,approved,保养,fact,controlled_source_pattern
CANDLEVERVEINE::迷你香氛蜡烛马鞭草,迷你香氛蜡烛-马鞭草,家居香氛,HAS_FUNCTION,Function,扩香,product_form,已审核本体规则：家居香氛 / 迷你香氛蜡烛 -> 扩香,https://www.diptyque-cn.com/p/verveine-lemon-verbena-small-candle.html,derived_from_approved_rule,功能,derived_intent,controlled_ontology_rule
CANDLEVERVEINE::迷你香氛蜡烛马鞭草,迷你香氛蜡烛-马鞭草,家居香氛,SERVES_NEED,UserNeed,空间氛围,product_form,已审核本体规则：家居香氛 / 迷你香氛蜡烛 -> 空间氛围,https://www.diptyque-cn.com/p/verveine-lemon-verbena-small-candle.html,derived_from_approved_rule,需求,derived_intent,controlled_ontology_rule
CANDLEVERVEINE::香氛蜡烛马鞭草,香氛蜡烛-马鞭草,家居香氛,SERVES_NEED,UserNeed,放松,pdp_long_description,唤起柠檬马鞭草叶初摘时的鲜亮，于漫长终日后，提供一方放松身心的宁静空间。,https://www.diptyque-cn.com/p/bougie-verveine-190-remavp.html,approved,需求,fact,controlled_source_pattern
CANDLEVERVEINE::香氛蜡烛马鞭草,香氛蜡烛-马鞭草,家居香氛,HAS_CARE_INSTRUCTION,CareInstruction,首次燃烧,usage_tips_text,-第一次燃烧蜡烛时，请确保持续燃烧2-3小时，使蜡烛表面完全液化，以防止烛芯周围的蜡面凹陷。,https://www.diptyque-cn.com/p/bougie-verveine-190-remavp.html,approved,保养,fact,controlled_source_pattern
CANDLEVERVEINE::香氛蜡烛马鞭草,香氛蜡烛-马鞭草,家居香氛,HAS_CARE_INSTRUCTION,CareInstruction,修剪烛芯,usage_tips_text,-用烛芯修剪器定期修剪烛芯至3-5mm的理想长度。 -请确保在每次使用后蜡烛后都将烛芯调整至直立状态并处于中央位置，以确保蜡烛均匀燃烧。,https://www.diptyque-cn.com/p/bougie-verveine-190-remavp.html,approved,保养,fact,controlled_source_pattern
CANDLEVERVEINE::香氛蜡烛马鞭草,香氛蜡烛-马鞭草,家居香氛,HAS_CARE_INSTRUCTION,CareInstruction,控制燃烧时长,usage_tips_text,-第一次燃烧蜡烛时，请确保持续燃烧2-3小时，使蜡烛表面完全液化，以防止烛芯周围的蜡面凹陷。,https://www.diptyque-cn.com/p/bougie-verveine-190-remavp.html,approved,保养,fact,controlled_source_pattern
CANDLEVERVEINE::香氛蜡烛马鞭草,香氛蜡烛-马鞭草,家居香氛,HAS_CARE_INSTRUCTION,CareInstruction,无人照看警示,caracteristics_text,-请勿将燃烧中的蜡烛遗留在无人照看的场所。,https://www.diptyque-cn.com/p/bougie-verveine-190-remavp.html,approved,保养,fact,controlled_source_pattern
CANDLEVERVEINE::香氛蜡烛马鞭草,香氛蜡烛-马鞭草,家居香氛,HAS_FUNCTION,Function,扩香,product_form,已审核本体规则：家居香氛 / 经典香氛蜡烛 -> 扩香,https://www.diptyque-cn.com/p/bougie-verveine-190-remavp.html,derived_from_approved_rule,功能,derived_intent,controlled_ontology_rule
CANDLEVERVEINE::香氛蜡烛马鞭草,香氛蜡烛-马鞭草,家居香氛,SERVES_NEED,UserNeed,空间氛围,product_form,已审核本体规则：家居香氛 / 经典香氛蜡烛 -> 空间氛围,https://www.diptyque-cn.com/p/bougie-verveine-190-remavp.html,derived_from_approved_rule,需求,derived_intent,controlled_ontology_rule
CANDLEVL1::香氛蜡烛紫罗兰,香氛蜡烛-紫罗兰,家居香氛,HAS_FUNCTION,Function,留香,pdp_long_description,宛如清晨刚刚采摘的紫罗兰，散发着精致而又富有特色的香气。,https://www.diptyque-cn.com/p/violette-violet-candle-remavp.html,approved,功能,fact,controlled_source_pattern
CANDLEVL1::香氛蜡烛紫罗兰,香氛蜡烛-紫罗兰,家居香氛,HAS_CARE_INSTRUCTION,CareInstruction,首次燃烧,usage_tips_text,-第一次燃烧蜡烛时，请确保持续燃烧2-3小时，使蜡烛表面完全液化，以防止烛芯周围的蜡面凹陷。,https://www.diptyque-cn.com/p/violette-violet-candle-remavp.html,approved,保养,fact,controlled_source_pattern
CANDLEVL1::香氛蜡烛紫罗兰,香氛蜡烛-紫罗兰,家居香氛,HAS_CARE_INSTRUCTION,CareInstruction,修剪烛芯,usage_tips_text,-用烛芯修剪器定期修剪烛芯至3-5mm的理想长度。 -请确保在每次使用后蜡烛后都将烛芯调整至直立状态并处于中央位置，以确保蜡烛均匀燃烧。,https://www.diptyque-cn.com/p/violette-violet-candle-remavp.html,approved,保养,fact,controlled_source_pattern
CANDLEVL1::香氛蜡烛紫罗兰,香氛蜡烛-紫罗兰,家居香氛,HAS_CARE_INSTRUCTION,CareInstruction,控制燃烧时长,usage_tips_text,-第一次燃烧蜡烛时，请确保持续燃烧2-3小时，使蜡烛表面完全液化，以防止烛芯周围的蜡面凹陷。,https://www.diptyque-cn.com/p/violette-violet-candle-remavp.html,approved,保养,fact,controlled_source_pattern
CANDLEVL1::香氛蜡烛紫罗兰,香氛蜡烛-紫罗兰,家居香氛,HAS_CARE_INSTRUCTION,CareInstruction,无人照看警示,caracteristics_text,-请勿将燃烧中的蜡烛遗留在无人照看的场所。,https://www.diptyque-cn.com/p/violette-violet-candle-remavp.html,approved,保养,fact,controlled_source_pattern
CANDLEVL1::香氛蜡烛紫罗兰,香氛蜡烛-紫罗兰,家居香氛,HAS_FUNCTION,Function,扩香,product_form,已审核本体规则：家居香氛 / 经典香氛蜡烛 -> 扩香,https://www.diptyque-cn.com/p/violette-violet-candle-remavp.html,derived_from_approved_rule,功能,derived_intent,controlled_ontology_rule
CANDLEVL1::香氛蜡烛紫罗兰,香氛蜡烛-紫罗兰,家居香氛,SERVES_NEED,UserNeed,空间氛围,product_form,已审核本体规则：家居香氛 / 经典香氛蜡烛 -> 空间氛围,https://www.diptyque-cn.com/p/violette-violet-candle-remavp.html,derived_from_approved_rule,需求,derived_intent,controlled_ontology_rule
CANDLEVY1::香氛蜡烛维堤里欧,香氛蜡烛-维堤里欧,家居香氛,HAS_CARE_INSTRUCTION,CareInstruction,首次燃烧,usage_tips_text,-第一次燃烧蜡烛时，请确保持续燃烧2-3小时，使蜡烛表面完全液化，以防止烛芯周围的蜡面凹陷。,https://www.diptyque-cn.com/p/vetyver-vetiver-candle-190g-remavp.html,approved,保养,fact,controlled_source_pattern
CANDLEVY1::香氛蜡烛维堤里欧,香氛蜡烛-维堤里欧,家居香氛,HAS_CARE_INSTRUCTION,CareInstruction,修剪烛芯,usage_tips_text,-用烛芯修剪器定期修剪烛芯至3-5mm的理想长度。 -请确保在每次使用后蜡烛后都将烛芯调整至直立状态并处于中央位置，以确保蜡烛均匀燃烧。,https://www.diptyque-cn.com/p/vetyver-vetiver-candle-190g-remavp.html,approved,保养,fact,controlled_source_pattern
CANDLEVY1::香氛蜡烛维堤里欧,香氛蜡烛-维堤里欧,家居香氛,HAS_CARE_INSTRUCTION,CareInstruction,控制燃烧时长,usage_tips_text,-第一次燃烧蜡烛时，请确保持续燃烧2-3小时，使蜡烛表面完全液化，以防止烛芯周围的蜡面凹陷。,https://www.diptyque-cn.com/p/vetyver-vetiver-candle-190g-remavp.html,approved,保养,fact,controlled_source_pattern
CANDLEVY1::香氛蜡烛维堤里欧,香氛蜡烛-维堤里欧,家居香氛,HAS_CARE_INSTRUCTION,CareInstruction,无人照看警示,caracteristics_text,-请勿将燃烧中的蜡烛遗留在无人照看的场所。,https://www.diptyque-cn.com/p/vetyver-vetiver-candle-190g-remavp.html,approved,保养,fact,controlled_source_pattern
CANDLEVY1::香氛蜡烛维堤里欧,香氛蜡烛-维堤里欧,家居香氛,HAS_FUNCTION,Function,扩香,product_form,已审核本体规则：家居香氛 / 经典香氛蜡烛 -> 扩香,https://www.diptyque-cn.com/p/vetyver-vetiver-candle-190g-remavp.html,derived_from_approved_rule,功能,derived_intent,controlled_ontology_rule
CANDLEVY1::香氛蜡烛维堤里欧,香氛蜡烛-维堤里欧,家居香氛,SERVES_NEED,UserNeed,空间氛围,product_form,已审核本体规则：家居香氛 / 经典香氛蜡烛 -> 空间氛围,https://www.diptyque-cn.com/p/vetyver-vetiver-candle-190g-remavp.html,derived_from_approved_rule,需求,derived_intent,controlled_ontology_rule
CAPSULES1::圣日尔曼大道34号扩香器香氛补充包,圣日尔曼大道34号扩香器香氛补充包,家居香氛,HAS_FUNCTION,Function,扩香,caracteristics_text,-使用后妥善密封，补充包可持续散香约三个月。,https://www.diptyque-cn.com/p/34-boulevard-saint-germain-insert-1.html,approved,功能,fact,controlled_source_pattern
CAPSULES1::圣日尔曼大道34号扩香器香氛补充包,圣日尔曼大道34号扩香器香氛补充包,家居香氛,HAS_SCENE,UseScene,车内,usage_tips_text,-适用于车载扩香器、便携式电子扩香器、电子扩香器。,https://www.diptyque-cn.com/p/34-boulevard-saint-germain-insert-1.html,approved,场景,fact,controlled_source_pattern
CAPSULES1::圣日尔曼大道34号扩香器香氛补充包,圣日尔曼大道34号扩香器香氛补充包,家居香氛,SERVES_NEED,UserNeed,空间氛围,product_form,已审核本体规则：家居香氛 / 电子扩香器 -> 空间氛围,https://www.diptyque-cn.com/p/34-boulevard-saint-germain-insert-1.html,derived_from_approved_rule,需求,derived_intent,controlled_ontology_rule
CAPSULES2::浆果香扩香器香氛补充包,浆果香扩香器香氛补充包,家居香氛,HAS_FUNCTION,Function,扩香,caracteristics_text,-使用后妥善密封，补充包可持续散香约三个月。,https://www.diptyque-cn.com/p/baies-berries-insert.html,approved,功能,fact,controlled_source_pattern
CAPSULES2::浆果香扩香器香氛补充包,浆果香扩香器香氛补充包,家居香氛,HAS_SCENE,UseScene,车内,usage_tips_text,-适用于车载扩香器、便携式电子扩香器、电子扩香器。,https://www.diptyque-cn.com/p/baies-berries-insert.html,approved,场景,fact,controlled_source_pattern
CAPSULES2::浆果香扩香器香氛补充包,浆果香扩香器香氛补充包,家居香氛,SERVES_NEED,UserNeed,空间氛围,product_form,已审核本体规则：家居香氛 / 电子扩香器 -> 空间氛围,https://www.diptyque-cn.com/p/baies-berries-insert.html,derived_from_approved_rule,需求,derived_intent,controlled_ontology_rule
CAPSULES3::生姜扩香器香氛补充包,生姜扩香器香氛补充包,家居香氛,HAS_FUNCTION,Function,扩香,caracteristics_text,-使用后妥善密封，补充包可持续散香约三个月。,https://www.diptyque-cn.com/p/gingembre-ginger-insert.html,approved,功能,fact,controlled_source_pattern
CAPSULES3::生姜扩香器香氛补充包,生姜扩香器香氛补充包,家居香氛,HAS_SCENE,UseScene,车内,usage_tips_text,-适用于车载扩香器、便携式电子扩香器、电子扩香器。,https://www.diptyque-cn.com/p/gingembre-ginger-insert.html,approved,场景,fact,controlled_source_pattern
CAPSULES3::生姜扩香器香氛补充包,生姜扩香器香氛补充包,家居香氛,SERVES_NEED,UserNeed,空间氛围,product_form,已审核本体规则：家居香氛 / 电子扩香器 -> 空间氛围,https://www.diptyque-cn.com/p/gingembre-ginger-insert.html,derived_from_approved_rule,需求,derived_intent,controlled_ontology_rule
CAPSULES4::玫瑰扩香器香氛补充包,玫瑰扩香器香氛补充包,家居香氛,HAS_FUNCTION,Function,扩香,caracteristics_text,-使用后妥善密封，补充包可持续散香约三个月。,https://www.diptyque-cn.com/p/roses-insert.html,approved,功能,fact,controlled_source_pattern
CAPSULES4::玫瑰扩香器香氛补充包,玫瑰扩香器香氛补充包,家居香氛,HAS_SCENE,UseScene,车内,usage_tips_text,-适用于车载扩香器、便携式电子扩香器、电子扩香器。,https://www.diptyque-cn.com/p/roses-insert.html,approved,场景,fact,controlled_source_pattern
CAPSULES4::玫瑰扩香器香氛补充包,玫瑰扩香器香氛补充包,家居香氛,SERVES_NEED,UserNeed,空间氛围,product_form,已审核本体规则：家居香氛 / 电子扩香器 -> 空间氛围,https://www.diptyque-cn.com/p/roses-insert.html,derived_from_approved_rule,需求,derived_intent,controlled_ontology_rule
CAPSULES5::晚香玉扩香器香氛补充包,晚香玉扩香器香氛补充包,家居香氛,HAS_FUNCTION,Function,扩香,caracteristics_text,-使用后妥善密封，补充包可持续散香约三个月。,https://www.diptyque-cn.com/p/tubereuse-tuberose-insert.html,approved,功能,fact,controlled_source_pattern
CAPSULES5::晚香玉扩香器香氛补充包,晚香玉扩香器香氛补充包,家居香氛,HAS_SCENE,UseScene,车内,usage_tips_text,-适用于车载扩香器、便携式电子扩香器、电子扩香器。,https://www.diptyque-cn.com/p/tubereuse-tuberose-insert.html,approved,场景,fact,controlled_source_pattern
CAPSULES5::晚香玉扩香器香氛补充包,晚香玉扩香器香氛补充包,家居香氛,SERVES_NEED,UserNeed,空间氛围,product_form,已审核本体规则：家居香氛 / 电子扩香器 -> 空间氛围,https://www.diptyque-cn.com/p/tubereuse-tuberose-insert.html,derived_from_approved_rule,需求,derived_intent,controlled_ontology_rule
CAPSULES6::希腊无花果扩香器香氛补充包,希腊无花果扩香器香氛补充包,家居香氛,HAS_FUNCTION,Function,扩香,caracteristics_text,-使用后妥善密封，补充包可持续散香约三个月。,https://www.diptyque-cn.com/p/cartouche-figuier-1.html,approved,功能,fact,controlled_source_pattern
CAPSULES6::希腊无花果扩香器香氛补充包,希腊无花果扩香器香氛补充包,家居香氛,HAS_SCENE,UseScene,车内,usage_tips_text,-适用于车载扩香器、便携式电子扩香器、电子扩香器。,https://www.diptyque-cn.com/p/cartouche-figuier-1.html,approved,场景,fact,controlled_source_pattern
CAPSULES6::希腊无花果扩香器香氛补充包,希腊无花果扩香器香氛补充包,家居香氛,SERVES_NEED,UserNeed,空间氛围,product_form,已审核本体规则：家居香氛 / 电子扩香器 -> 空间氛围,https://www.diptyque-cn.com/p/cartouche-figuier-1.html,derived_from_approved_rule,需求,derived_intent,controlled_ontology_rule
CAPSULES7::含羞草扩香器香氛补充包,含羞草扩香器香氛补充包,家居香氛,HAS_FUNCTION,Function,扩香,caracteristics_text,-使用后妥善密封，补充包可持续散香约三个月。,https://www.diptyque-cn.com/p/mimosa-insert-1.html,approved,功能,fact,controlled_source_pattern
CAPSULES7::含羞草扩香器香氛补充包,含羞草扩香器香氛补充包,家居香氛,HAS_SCENE,UseScene,车内,usage_tips_text,-适用于车载扩香器、便携式电子扩香器、电子扩香器。,https://www.diptyque-cn.com/p/mimosa-insert-1.html,approved,场景,fact,controlled_source_pattern
CAPSULES7::含羞草扩香器香氛补充包,含羞草扩香器香氛补充包,家居香氛,SERVES_NEED,UserNeed,空间氛围,product_form,已审核本体规则：家居香氛 / 电子扩香器 -> 空间氛围,https://www.diptyque-cn.com/p/mimosa-insert-1.html,derived_from_approved_rule,需求,derived_intent,controlled_ontology_rule
CAPSULES8::橙花车载扩香器香氛套装,橙花 - 车载扩香器香氛套装,家居香氛,HAS_FUNCTION,Function,扩香,usage_tips_text,香气扩散的开始或停止都迅速而不留痕迹，让你可以根据自己的喜好选择和改变香型。 扩香器的可调节金属片使你可以控制车内香气的浓度。,https://www.diptyque-cn.com/p/car-diffuser-with-fleur-d-oranger-insert.html,approved,功能,fact,controlled_source_pattern
CAPSULES8::橙花车载扩香器香氛套装,橙花 - 车载扩香器香氛套装,家居香氛,HAS_SCENE,UseScene,车内,pdp_short_description,只需轻松固定于车内出风口，便可即刻享受扩香体验。,https://www.diptyque-cn.com/p/car-diffuser-with-fleur-d-oranger-insert.html,approved,场景,fact,controlled_source_pattern
CAPSULES8::橙花车载扩香器香氛套装,橙花 - 车载扩香器香氛套装,家居香氛,SERVES_NEED,UserNeed,空间氛围,product_form,已审核本体规则：家居香氛 / 车载扩香器 -> 空间氛围,https://www.diptyque-cn.com/p/car-diffuser-with-fleur-d-oranger-insert.html,derived_from_approved_rule,需求,derived_intent,controlled_ontology_rule
CAPSULES8::橙花车载扩香器香氛套装,橙花 - 车载扩香器香氛套装,家居香氛,SERVES_NEED,UserNeed,车内香氛,product_form,已审核本体规则：家居香氛 / 车载扩香器 -> 车内香氛,https://www.diptyque-cn.com/p/car-diffuser-with-fleur-d-oranger-insert.html,derived_from_approved_rule,需求,derived_intent,controlled_ontology_rule
CAPSULES9::希腊无花果香调润肤乳,希腊无花果香调 - 润肤乳,身体护理,HAS_FUNCTION,Function,润肤,product_form,已审核本体规则：身体护理 / 润肤乳 -> 润肤,https://www.diptyque-cn.com/p/philosykos-hand-and-body-lotion-1.html,derived_from_approved_rule,功能,derived_intent,controlled_ontology_rule
CAPSULES9::希腊无花果香调润肤乳,希腊无花果香调 - 润肤乳,身体护理,SERVES_NEED,UserNeed,肌肤护理,product_form,已审核本体规则：身体护理 / 润肤乳 -> 肌肤护理,https://www.diptyque-cn.com/p/philosykos-hand-and-body-lotion-1.html,derived_from_approved_rule,需求,derived_intent,controlled_ontology_rule
CAPSULES::橙花电子扩香器香氛补充包,橙花 - 电子扩香器香氛补充包,家居香氛,HAS_FUNCTION,Function,扩香,caracteristics_text,-使用后妥善密封，补充包可持续散香约三个月。,https://www.diptyque-cn.com/p/fleur-d-oranger-orange-blossom-insert.html,approved,功能,fact,controlled_source_pattern
CAPSULES::橙花电子扩香器香氛补充包,橙花 - 电子扩香器香氛补充包,家居香氛,HAS_SCENE,UseScene,车内,usage_tips_text,-适用于车载扩香器、便携式电子扩香器、电子扩香器。,https://www.diptyque-cn.com/p/fleur-d-oranger-orange-blossom-insert.html,approved,场景,fact,controlled_source_pattern
CAPSULES::橙花电子扩香器香氛补充包,橙花 - 电子扩香器香氛补充包,家居香氛,SERVES_NEED,UserNeed,空间氛围,product_form,已审核本体规则：家居香氛 / 电子扩香器 -> 空间氛围,https://www.diptyque-cn.com/p/fleur-d-oranger-orange-blossom-insert.html,derived_from_approved_rule,需求,derived_intent,controlled_ontology_rule
CAPSULES::琥珀电子扩香器香氛补充包,琥珀 - 电子扩香器香氛补充包,家居香氛,HAS_FUNCTION,Function,扩香,caracteristics_text,-使用后妥善密封，补充包可持续散香约三个月。,https://www.diptyque-cn.com/p/ambre-insert.html,approved,功能,fact,controlled_source_pattern
CAPSULES::琥珀电子扩香器香氛补充包,琥珀 - 电子扩香器香氛补充包,家居香氛,HAS_SCENE,UseScene,车内,usage_tips_text,-适用于车载扩香器、便携式电子扩香器、电子扩香器。,https://www.diptyque-cn.com/p/ambre-insert.html,approved,场景,fact,controlled_source_pattern
CAPSULES::琥珀电子扩香器香氛补充包,琥珀 - 电子扩香器香氛补充包,家居香氛,SERVES_NEED,UserNeed,空间氛围,product_form,已审核本体规则：家居香氛 / 电子扩香器 -> 空间氛围,https://www.diptyque-cn.com/p/ambre-insert.html,derived_from_approved_rule,需求,derived_intent,controlled_ontology_rule
CREMECORPS1::丰润身体乳,丰润身体乳,身体护理,HAS_FUNCTION,Function,润肤,product_form,已审核本体规则：身体护理 / 身体乳 -> 润肤,https://www.diptyque-cn.com/p/rich-butter-for-the-body.html,derived_from_approved_rule,功能,derived_intent,controlled_ontology_rule
CREMECORPS1::丰润身体乳,丰润身体乳,身体护理,SERVES_NEED,UserNeed,肌肤护理,product_form,已审核本体规则：身体护理 / 身体乳 -> 肌肤护理,https://www.diptyque-cn.com/p/rich-butter-for-the-body.html,derived_from_approved_rule,需求,derived_intent,controlled_ontology_rule
DECO00845::水墨画烛台,水墨画烛台,艺术家居,HAS_CARE_INSTRUCTION,CareInstruction,清洁方法,usage_tips_text,建议用皂液及软布清洁。,https://www.diptyque-cn.com/p/landscape-stand-300g-candle-deco00845.html,approved,保养,fact,controlled_source_pattern
DECO00845::水墨画烛台,水墨画烛台,艺术家居,HAS_FUNCTION,Function,装饰,product_form,已审核本体规则：艺术家居 / 烛台 -> 装饰,https://www.diptyque-cn.com/p/landscape-stand-300g-candle-deco00845.html,derived_from_approved_rule,功能,derived_intent,controlled_ontology_rule
DECO00845::水墨画烛台,水墨画烛台,艺术家居,SERVES_NEED,UserNeed,家居美化,product_form,已审核本体规则：艺术家居 / 烛台 -> 家居美化,https://www.diptyque-cn.com/p/landscape-stand-300g-candle-deco00845.html,derived_from_approved_rule,需求,derived_intent,controlled_ontology_rule
DECO00845::水墨画烛台,水墨画烛台,艺术家居,HAS_MATERIAL,Material,陶瓷,caracteristics_text,材质：陶瓷,https://www.diptyque-cn.com/p/landscape-stand-300g-candle-deco00845.html,approved,材质,fact,controlled_source_pattern
DECO00846::水墨画陶瓷烛盖M,水墨画陶瓷烛盖 M,艺术家居,HAS_CARE_INSTRUCTION,CareInstruction,清洁方法,usage_tips_text,建议用皂液及软布清洁。,https://www.diptyque-cn.com/p/lanscape-lid-300g-candle-deco00846.html,approved,保养,fact,controlled_source_pattern
DECO00846::水墨画陶瓷烛盖M,水墨画陶瓷烛盖 M,艺术家居,HAS_FUNCTION,Function,保护烛焰,product_form,已审核本体规则：艺术家居 / 烛盖和灭烛罩 -> 保护烛焰,https://www.diptyque-cn.com/p/lanscape-lid-300g-candle-deco00846.html,derived_from_approved_rule,功能,derived_intent,controlled_ontology_rule
DECO00846::水墨画陶瓷烛盖M,水墨画陶瓷烛盖 M,艺术家居,SERVES_NEED,UserNeed,家居美化,product_form,已审核本体规则：艺术家居 / 烛盖和灭烛罩 -> 家居美化,https://www.diptyque-cn.com/p/lanscape-lid-300g-candle-deco00846.html,derived_from_approved_rule,需求,derived_intent,controlled_ontology_rule
DECO00846::水墨画陶瓷烛盖M,水墨画陶瓷烛盖 M,艺术家居,SERVES_NEED,UserNeed,香氛养护,product_form,已审核本体规则：艺术家居 / 烛盖和灭烛罩 -> 香氛养护,https://www.diptyque-cn.com/p/lanscape-lid-300g-candle-deco00846.html,derived_from_approved_rule,需求,derived_intent,controlled_ontology_rule
DECO00846::水墨画陶瓷烛盖M,水墨画陶瓷烛盖 M,艺术家居,HAS_MATERIAL,Material,陶瓷,caracteristics_text,材质：陶瓷,https://www.diptyque-cn.com/p/lanscape-lid-300g-candle-deco00846.html,approved,材质,fact,controlled_source_pattern
DECOBATH01::椭圆收纳罐S,椭圆收纳罐 S,艺术家居,HAS_CARE_INSTRUCTION,CareInstruction,清洁方法,usage_tips_text,建议用皂液及软布清洁，可洗碗机清洗。,https://www.diptyque-cn.com/p/small-canister-ovale-deco01373.html,approved,保养,fact,controlled_source_pattern
DECOBATH01::椭圆收纳罐S,椭圆收纳罐 S,艺术家居,HAS_FUNCTION,Function,收纳,product_form,已审核本体规则：艺术家居 / 收纳罐 -> 收纳,https://www.diptyque-cn.com/p/small-canister-ovale-deco01373.html,derived_from_approved_rule,功能,derived_intent,controlled_ontology_rule
DECOBATH01::椭圆收纳罐S,椭圆收纳罐 S,艺术家居,SERVES_NEED,UserNeed,家居美化,product_form,已审核本体规则：艺术家居 / 收纳罐 -> 家居美化,https://www.diptyque-cn.com/p/small-canister-ovale-deco01373.html,derived_from_approved_rule,需求,derived_intent,controlled_ontology_rule
DECOBATH01::椭圆收纳罐S,椭圆收纳罐 S,艺术家居,SERVES_NEED,UserNeed,收纳整理,product_form,已审核本体规则：艺术家居 / 收纳罐 -> 收纳整理,https://www.diptyque-cn.com/p/small-canister-ovale-deco01373.html,derived_from_approved_rule,需求,derived_intent,controlled_ontology_rule
DECOBATH01::椭圆收纳罐S,椭圆收纳罐 S,艺术家居,HAS_MATERIAL,Material,陶瓷,caracteristics_text,材质：陶瓷,https://www.diptyque-cn.com/p/small-canister-ovale-deco01373.html,approved,材质,fact,controlled_source_pattern
DECOBATH02::椭圆收纳罐L,椭圆收纳罐 L,艺术家居,HAS_CARE_INSTRUCTION,CareInstruction,清洁方法,usage_tips_text,建议用皂液及软布清洁，可洗碗机清洗。,https://www.diptyque-cn.com/p/large-canister-ovale-deco01374.html,approved,保养,fact,controlled_source_pattern
DECOBATH02::椭圆收纳罐L,椭圆收纳罐 L,艺术家居,HAS_FUNCTION,Function,收纳,product_form,已审核本体规则：艺术家居 / 收纳罐 -> 收纳,https://www.diptyque-cn.com/p/large-canister-ovale-deco01374.html,derived_from_approved_rule,功能,derived_intent,controlled_ontology_rule
DECOBATH02::椭圆收纳罐L,椭圆收纳罐 L,艺术家居,SERVES_NEED,UserNeed,家居美化,product_form,已审核本体规则：艺术家居 / 收纳罐 -> 家居美化,https://www.diptyque-cn.com/p/large-canister-ovale-deco01374.html,derived_from_approved_rule,需求,derived_intent,controlled_ontology_rule
DECOBATH02::椭圆收纳罐L,椭圆收纳罐 L,艺术家居,SERVES_NEED,UserNeed,收纳整理,product_form,已审核本体规则：艺术家居 / 收纳罐 -> 收纳整理,https://www.diptyque-cn.com/p/large-canister-ovale-deco01374.html,derived_from_approved_rule,需求,derived_intent,controlled_ontology_rule
DECOBATH02::椭圆收纳罐L,椭圆收纳罐 L,艺术家居,HAS_MATERIAL,Material,陶瓷,caracteristics_text,材质：陶瓷,https://www.diptyque-cn.com/p/large-canister-ovale-deco01374.html,approved,材质,fact,controlled_source_pattern
DECOCANASS01::竖纹玻璃烛罩Mini,竖纹玻璃烛罩 Mini,艺术家居,HAS_CARE_INSTRUCTION,CareInstruction,清洁方法,usage_tips_text,建议用蘸有少许水分的软布擦拭。,https://www.diptyque-cn.com/p/ribbed-candle-holder-for-mini-candles-deco01387.html,approved,保养,fact,controlled_source_pattern
DECOCANASS01::竖纹玻璃烛罩Mini,竖纹玻璃烛罩 Mini,艺术家居,HAS_FUNCTION,Function,保护烛焰,product_form,已审核本体规则：艺术家居 / 烛罩 -> 保护烛焰,https://www.diptyque-cn.com/p/ribbed-candle-holder-for-mini-candles-deco01387.html,derived_from_approved_rule,功能,derived_intent,controlled_ontology_rule
DECOCANASS01::竖纹玻璃烛罩Mini,竖纹玻璃烛罩 Mini,艺术家居,SERVES_NEED,UserNeed,家居美化,product_form,已审核本体规则：艺术家居 / 烛罩 -> 家居美化,https://www.diptyque-cn.com/p/ribbed-candle-holder-for-mini-candles-deco01387.html,derived_from_approved_rule,需求,derived_intent,controlled_ontology_rule
DECOCANASS01::竖纹玻璃烛罩Mini,竖纹玻璃烛罩 Mini,艺术家居,SERVES_NEED,UserNeed,香氛养护,product_form,已审核本体规则：艺术家居 / 烛罩 -> 香氛养护,https://www.diptyque-cn.com/p/ribbed-candle-holder-for-mini-candles-deco01387.html,derived_from_approved_rule,需求,derived_intent,controlled_ontology_rule
DECOCANASS01::竖纹玻璃烛罩Mini,竖纹玻璃烛罩 Mini,艺术家居,HAS_MATERIAL,Material,硼硅玻璃,caracteristics_text,材质：硼矽玻璃和胶木底座,https://www.diptyque-cn.com/p/ribbed-candle-holder-for-mini-candles-deco01387.html,approved,材质,fact,controlled_source_pattern
DECOCANASS01::竖纹玻璃烛罩Mini,竖纹玻璃烛罩 Mini,艺术家居,HAS_MATERIAL,Material,胶木,caracteristics_text,材质：硼矽玻璃和胶木底座,https://www.diptyque-cn.com/p/ribbed-candle-holder-for-mini-candles-deco01387.html,approved,材质,fact,controlled_source_pattern
DECOCANASS02::竖纹玻璃烛罩S,竖纹玻璃烛罩 S,艺术家居,SERVES_NEED,UserNeed,空间氛围,pdp_short_description,由Jean-Marc Gady工作室操刀设计，采用火焰吹制的工艺制作，璀璨晶莹的纹理将烛火裹藏，营造温暖闪耀的视觉氛围。,https://www.diptyque-cn.com/p/photophore-cote.html,approved,需求,fact,controlled_source_pattern
DECOCANASS02::竖纹玻璃烛罩S,竖纹玻璃烛罩 S,艺术家居,HAS_CARE_INSTRUCTION,CareInstruction,清洁方法,usage_tips_text,建议用蘸有少许水分的软布擦拭。,https://www.diptyque-cn.com/p/photophore-cote.html,approved,保养,fact,controlled_source_pattern
DECOCANASS02::竖纹玻璃烛罩S,竖纹玻璃烛罩 S,艺术家居,HAS_FUNCTION,Function,保护烛焰,product_form,已审核本体规则：艺术家居 / 烛罩 -> 保护烛焰,https://www.diptyque-cn.com/p/photophore-cote.html,derived_from_approved_rule,功能,derived_intent,controlled_ontology_rule
DECOCANASS02::竖纹玻璃烛罩S,竖纹玻璃烛罩 S,艺术家居,SERVES_NEED,UserNeed,家居美化,product_form,已审核本体规则：艺术家居 / 烛罩 -> 家居美化,https://www.diptyque-cn.com/p/photophore-cote.html,derived_from_approved_rule,需求,derived_intent,controlled_ontology_rule
DECOCANASS02::竖纹玻璃烛罩S,竖纹玻璃烛罩 S,艺术家居,SERVES_NEED,UserNeed,香氛养护,product_form,已审核本体规则：艺术家居 / 烛罩 -> 香氛养护,https://www.diptyque-cn.com/p/photophore-cote.html,derived_from_approved_rule,需求,derived_intent,controlled_ontology_rule
DECOCANASS02::竖纹玻璃烛罩S,竖纹玻璃烛罩 S,艺术家居,HAS_MATERIAL,Material,硼硅玻璃,caracteristics_text,材质：硼硅玻璃，胶木底座,https://www.diptyque-cn.com/p/photophore-cote.html,approved,材质,fact,controlled_source_pattern
DECOCANASS02::竖纹玻璃烛罩S,竖纹玻璃烛罩 S,艺术家居,HAS_MATERIAL,Material,胶木,caracteristics_text,材质：硼硅玻璃，胶木底座,https://www.diptyque-cn.com/p/photophore-cote.html,approved,材质,fact,controlled_source_pattern
DECOCANASS03::竖纹玻璃烛罩L,竖纹玻璃烛罩 L,艺术家居,SERVES_NEED,UserNeed,空间氛围,pdp_short_description,由Jean-Marc Gady工作室操刀设计，采用火焰吹制的工艺制作，璀璨晶莹的纹理将烛火裹藏，营造温暖闪耀的视觉氛围。,https://www.diptyque-cn.com/p/large-photophore-coast.html,approved,需求,fact,controlled_source_pattern
DECOCANASS03::竖纹玻璃烛罩L,竖纹玻璃烛罩 L,艺术家居,HAS_CARE_INSTRUCTION,CareInstruction,清洁方法,usage_tips_text,建议用蘸有少许水分的软布擦拭。,https://www.diptyque-cn.com/p/large-photophore-coast.html,approved,保养,fact,controlled_source_pattern
DECOCANASS03::竖纹玻璃烛罩L,竖纹玻璃烛罩 L,艺术家居,HAS_FUNCTION,Function,保护烛焰,product_form,已审核本体规则：艺术家居 / 烛罩 -> 保护烛焰,https://www.diptyque-cn.com/p/large-photophore-coast.html,derived_from_approved_rule,功能,derived_intent,controlled_ontology_rule
DECOCANASS03::竖纹玻璃烛罩L,竖纹玻璃烛罩 L,艺术家居,SERVES_NEED,UserNeed,家居美化,product_form,已审核本体规则：艺术家居 / 烛罩 -> 家居美化,https://www.diptyque-cn.com/p/large-photophore-coast.html,derived_from_approved_rule,需求,derived_intent,controlled_ontology_rule
DECOCANASS03::竖纹玻璃烛罩L,竖纹玻璃烛罩 L,艺术家居,SERVES_NEED,UserNeed,香氛养护,product_form,已审核本体规则：艺术家居 / 烛罩 -> 香氛养护,https://www.diptyque-cn.com/p/large-photophore-coast.html,derived_from_approved_rule,需求,derived_intent,controlled_ontology_rule
DECOCANASS03::竖纹玻璃烛罩L,竖纹玻璃烛罩 L,艺术家居,HAS_MATERIAL,Material,硼硅玻璃,caracteristics_text,材质：硼硅玻璃，胶木底座,https://www.diptyque-cn.com/p/large-photophore-coast.html,approved,材质,fact,controlled_source_pattern
DECOCANASS03::竖纹玻璃烛罩L,竖纹玻璃烛罩 L,艺术家居,HAS_MATERIAL,Material,胶木,caracteristics_text,材质：硼硅玻璃，胶木底座,https://www.diptyque-cn.com/p/large-photophore-coast.html,approved,材质,fact,controlled_source_pattern
DECOCANASS04::竖纹玻璃烛罩,竖纹玻璃烛罩,艺术家居,HAS_CARE_INSTRUCTION,CareInstruction,清洁方法,usage_tips_text,建议用皂液及软布清洁，请勿将底座开孔浸入水中。,https://www.diptyque-cn.com/p/indoor-outdoor-xxl-candle-holder.html,approved,保养,fact,controlled_source_pattern
DECOCANASS04::竖纹玻璃烛罩,竖纹玻璃烛罩,艺术家居,HAS_FUNCTION,Function,保护烛焰,product_form,已审核本体规则：艺术家居 / 烛罩 -> 保护烛焰,https://www.diptyque-cn.com/p/indoor-outdoor-xxl-candle-holder.html,derived_from_approved_rule,功能,derived_intent,controlled_ontology_rule
DECOCANASS04::竖纹玻璃烛罩,竖纹玻璃烛罩,艺术家居,SERVES_NEED,UserNeed,家居美化,product_form,已审核本体规则：艺术家居 / 烛罩 -> 家居美化,https://www.diptyque-cn.com/p/indoor-outdoor-xxl-candle-holder.html,derived_from_approved_rule,需求,derived_intent,controlled_ontology_rule
DECOCANASS04::竖纹玻璃烛罩,竖纹玻璃烛罩,艺术家居,SERVES_NEED,UserNeed,香氛养护,product_form,已审核本体规则：艺术家居 / 烛罩 -> 香氛养护,https://www.diptyque-cn.com/p/indoor-outdoor-xxl-candle-holder.html,derived_from_approved_rule,需求,derived_intent,controlled_ontology_rule
DECOCANASS04::竖纹玻璃烛罩,竖纹玻璃烛罩,艺术家居,HAS_MATERIAL,Material,硼硅玻璃,caracteristics_text,材质：硼硅玻璃,https://www.diptyque-cn.com/p/indoor-outdoor-xxl-candle-holder.html,approved,材质,fact,controlled_source_pattern
DECOCANASS05::全曲线玻璃烛罩S,全曲线玻璃烛罩 S,艺术家居,SERVES_NEED,UserNeed,空间氛围,pdp_short_description,由Jean-Marc Gady工作室操刀设计，采用火焰吹制的工艺制作，璀璨晶莹的纹理将烛火裹藏，营造温暖闪耀的视觉氛围。,https://www.diptyque-cn.com/p/glass-candle-holder-for-mini-candles.html,approved,需求,fact,controlled_source_pattern
DECOCANASS05::全曲线玻璃烛罩S,全曲线玻璃烛罩 S,艺术家居,HAS_CARE_INSTRUCTION,CareInstruction,清洁方法,usage_tips_text,建议用蘸有少许水分的软布擦拭。,https://www.diptyque-cn.com/p/glass-candle-holder-for-mini-candles.html,approved,保养,fact,controlled_source_pattern
DECOCANASS05::全曲线玻璃烛罩S,全曲线玻璃烛罩 S,艺术家居,HAS_FUNCTION,Function,保护烛焰,product_form,已审核本体规则：艺术家居 / 烛罩 -> 保护烛焰,https://www.diptyque-cn.com/p/glass-candle-holder-for-mini-candles.html,derived_from_approved_rule,功能,derived_intent,controlled_ontology_rule
DECOCANASS05::全曲线玻璃烛罩S,全曲线玻璃烛罩 S,艺术家居,SERVES_NEED,UserNeed,家居美化,product_form,已审核本体规则：艺术家居 / 烛罩 -> 家居美化,https://www.diptyque-cn.com/p/glass-candle-holder-for-mini-candles.html,derived_from_approved_rule,需求,derived_intent,controlled_ontology_rule
DECOCANASS05::全曲线玻璃烛罩S,全曲线玻璃烛罩 S,艺术家居,SERVES_NEED,UserNeed,香氛养护,product_form,已审核本体规则：艺术家居 / 烛罩 -> 香氛养护,https://www.diptyque-cn.com/p/glass-candle-holder-for-mini-candles.html,derived_from_approved_rule,需求,derived_intent,controlled_ontology_rule
DECOCANASS05::全曲线玻璃烛罩S,全曲线玻璃烛罩 S,艺术家居,HAS_MATERIAL,Material,硼硅玻璃,caracteristics_text,材质：硼硅玻璃，胶木底座,https://www.diptyque-cn.com/p/glass-candle-holder-for-mini-candles.html,approved,材质,fact,controlled_source_pattern
DECOCANASS05::全曲线玻璃烛罩S,全曲线玻璃烛罩 S,艺术家居,HAS_MATERIAL,Material,胶木,caracteristics_text,材质：硼硅玻璃，胶木底座,https://www.diptyque-cn.com/p/glass-candle-holder-for-mini-candles.html,approved,材质,fact,controlled_source_pattern
DECOCANASS06::全曲线玻璃烛罩L,全曲线玻璃烛罩 L,艺术家居,SERVES_NEED,UserNeed,空间氛围,pdp_short_description,由Jean-Marc Gady工作室操刀设计，采用火焰吹制的工艺制作，璀璨晶莹的纹理将烛火裹藏，营造温暖闪耀的视觉氛围。,https://www.diptyque-cn.com/p/glass-candle-holder-for-classic-candles.html,approved,需求,fact,controlled_source_pattern
DECOCANASS06::全曲线玻璃烛罩L,全曲线玻璃烛罩 L,艺术家居,HAS_CARE_INSTRUCTION,CareInstruction,清洁方法,usage_tips_text,建议用蘸有少许水分的软布擦拭。,https://www.diptyque-cn.com/p/glass-candle-holder-for-classic-candles.html,approved,保养,fact,controlled_source_pattern
DECOCANASS06::全曲线玻璃烛罩L,全曲线玻璃烛罩 L,艺术家居,HAS_FUNCTION,Function,保护烛焰,product_form,已审核本体规则：艺术家居 / 烛罩 -> 保护烛焰,https://www.diptyque-cn.com/p/glass-candle-holder-for-classic-candles.html,derived_from_approved_rule,功能,derived_intent,controlled_ontology_rule
DECOCANASS06::全曲线玻璃烛罩L,全曲线玻璃烛罩 L,艺术家居,SERVES_NEED,UserNeed,家居美化,product_form,已审核本体规则：艺术家居 / 烛罩 -> 家居美化,https://www.diptyque-cn.com/p/glass-candle-holder-for-classic-candles.html,derived_from_approved_rule,需求,derived_intent,controlled_ontology_rule
DECOCANASS06::全曲线玻璃烛罩L,全曲线玻璃烛罩 L,艺术家居,SERVES_NEED,UserNeed,香氛养护,product_form,已审核本体规则：艺术家居 / 烛罩 -> 香氛养护,https://www.diptyque-cn.com/p/glass-candle-holder-for-classic-candles.html,derived_from_approved_rule,需求,derived_intent,controlled_ontology_rule
DECOCANASS06::全曲线玻璃烛罩L,全曲线玻璃烛罩 L,艺术家居,HAS_MATERIAL,Material,硼硅玻璃,caracteristics_text,材质：硼硅玻璃，胶木底座,https://www.diptyque-cn.com/p/glass-candle-holder-for-classic-candles.html,approved,材质,fact,controlled_source_pattern
DECOCANASS06::全曲线玻璃烛罩L,全曲线玻璃烛罩 L,艺术家居,HAS_MATERIAL,Material,胶木,caracteristics_text,材质：硼硅玻璃，胶木底座,https://www.diptyque-cn.com/p/glass-candle-holder-for-classic-candles.html,approved,材质,fact,controlled_source_pattern
DECOCANASS09::植物图鉴玻璃烛盖紫罗兰,植物图鉴玻璃烛盖-紫罗兰,艺术家居,HAS_CARE_INSTRUCTION,CareInstruction,清洁方法,usage_tips_text,- 建议使用软布及皂液清洁,https://www.diptyque-cn.com/p/muguet-lily-of-the-valley-lid.html,approved,保养,fact,controlled_source_pattern
DECOCANASS09::植物图鉴玻璃烛盖紫罗兰,植物图鉴玻璃烛盖-紫罗兰,艺术家居,HAS_FUNCTION,Function,保护烛焰,product_form,已审核本体规则：艺术家居 / 烛盖和灭烛罩 -> 保护烛焰,https://www.diptyque-cn.com/p/muguet-lily-of-the-valley-lid.html,derived_from_approved_rule,功能,derived_intent,controlled_ontology_rule
DECOCANASS09::植物图鉴玻璃烛盖紫罗兰,植物图鉴玻璃烛盖-紫罗兰,艺术家居,SERVES_NEED,UserNeed,家居美化,product_form,已审核本体规则：艺术家居 / 烛盖和灭烛罩 -> 家居美化,https://www.diptyque-cn.com/p/muguet-lily-of-the-valley-lid.html,derived_from_approved_rule,需求,derived_intent,controlled_ontology_rule
DECOCANASS09::植物图鉴玻璃烛盖紫罗兰,植物图鉴玻璃烛盖-紫罗兰,艺术家居,SERVES_NEED,UserNeed,香氛养护,product_form,已审核本体规则：艺术家居 / 烛盖和灭烛罩 -> 香氛养护,https://www.diptyque-cn.com/p/muguet-lily-of-the-valley-lid.html,derived_from_approved_rule,需求,derived_intent,controlled_ontology_rule
DECOCANASS10::植物图鉴玻璃烛盖铃兰,植物图鉴玻璃烛盖-铃兰,艺术家居,HAS_CARE_INSTRUCTION,CareInstruction,清洁方法,usage_tips_text,- 建议使用软布及皂液清洁,https://www.diptyque-cn.com/p/violet-lid.html,approved,保养,fact,controlled_source_pattern
DECOCANASS10::植物图鉴玻璃烛盖铃兰,植物图鉴玻璃烛盖-铃兰,艺术家居,HAS_FUNCTION,Function,保护烛焰,product_form,已审核本体规则：艺术家居 / 烛盖和灭烛罩 -> 保护烛焰,https://www.diptyque-cn.com/p/violet-lid.html,derived_from_approved_rule,功能,derived_intent,controlled_ontology_rule
DECOCANASS10::植物图鉴玻璃烛盖铃兰,植物图鉴玻璃烛盖-铃兰,艺术家居,SERVES_NEED,UserNeed,家居美化,product_form,已审核本体规则：艺术家居 / 烛盖和灭烛罩 -> 家居美化,https://www.diptyque-cn.com/p/violet-lid.html,derived_from_approved_rule,需求,derived_intent,controlled_ontology_rule
DECOCANASS10::植物图鉴玻璃烛盖铃兰,植物图鉴玻璃烛盖-铃兰,艺术家居,SERVES_NEED,UserNeed,香氛养护,product_form,已审核本体规则：艺术家居 / 烛盖和灭烛罩 -> 香氛养护,https://www.diptyque-cn.com/p/violet-lid.html,derived_from_approved_rule,需求,derived_intent,controlled_ontology_rule
DECOCANASS11::植物图鉴玻璃烛盖玫瑰,植物图鉴玻璃烛盖-玫瑰,艺术家居,HAS_CARE_INSTRUCTION,CareInstruction,清洁方法,usage_tips_text,- 建议使用软布及皂液清洁,https://www.diptyque-cn.com/p/roses-lid.html,approved,保养,fact,controlled_source_pattern
DECOCANASS11::植物图鉴玻璃烛盖玫瑰,植物图鉴玻璃烛盖-玫瑰,艺术家居,HAS_FUNCTION,Function,保护烛焰,product_form,已审核本体规则：艺术家居 / 烛盖和灭烛罩 -> 保护烛焰,https://www.diptyque-cn.com/p/roses-lid.html,derived_from_approved_rule,功能,derived_intent,controlled_ontology_rule
DECOCANASS11::植物图鉴玻璃烛盖玫瑰,植物图鉴玻璃烛盖-玫瑰,艺术家居,SERVES_NEED,UserNeed,家居美化,product_form,已审核本体规则：艺术家居 / 烛盖和灭烛罩 -> 家居美化,https://www.diptyque-cn.com/p/roses-lid.html,derived_from_approved_rule,需求,derived_intent,controlled_ontology_rule
DECOCANASS11::植物图鉴玻璃烛盖玫瑰,植物图鉴玻璃烛盖-玫瑰,艺术家居,SERVES_NEED,UserNeed,香氛养护,product_form,已审核本体规则：艺术家居 / 烛盖和灭烛罩 -> 香氛养护,https://www.diptyque-cn.com/p/roses-lid.html,derived_from_approved_rule,需求,derived_intent,controlled_ontology_rule
DECOCANASS12::植物图鉴玻璃烛盖浆果,植物图鉴玻璃烛盖-浆果,艺术家居,HAS_CARE_INSTRUCTION,CareInstruction,清洁方法,usage_tips_text,- 建议使用软布及皂液清洁,https://www.diptyque-cn.com/p/baies-lid.html,approved,保养,fact,controlled_source_pattern
DECOCANASS12::植物图鉴玻璃烛盖浆果,植物图鉴玻璃烛盖-浆果,艺术家居,HAS_FUNCTION,Function,保护烛焰,product_form,已审核本体规则：艺术家居 / 烛盖和灭烛罩 -> 保护烛焰,https://www.diptyque-cn.com/p/baies-lid.html,derived_from_approved_rule,功能,derived_intent,controlled_ontology_rule
DECOCANASS12::植物图鉴玻璃烛盖浆果,植物图鉴玻璃烛盖-浆果,艺术家居,SERVES_NEED,UserNeed,家居美化,product_form,已审核本体规则：艺术家居 / 烛盖和灭烛罩 -> 家居美化,https://www.diptyque-cn.com/p/baies-lid.html,derived_from_approved_rule,需求,derived_intent,controlled_ontology_rule
DECOCANASS12::植物图鉴玻璃烛盖浆果,植物图鉴玻璃烛盖-浆果,艺术家居,SERVES_NEED,UserNeed,香氛养护,product_form,已审核本体规则：艺术家居 / 烛盖和灭烛罩 -> 香氛养护,https://www.diptyque-cn.com/p/baies-lid.html,derived_from_approved_rule,需求,derived_intent,controlled_ontology_rule
DECOCANASS13::植物图鉴玻璃烛盖含羞草,植物图鉴玻璃烛盖-含羞草,艺术家居,HAS_CARE_INSTRUCTION,CareInstruction,清洁方法,usage_tips_text,- 建议使用软布及皂液清洁,https://www.diptyque-cn.com/p/mimosa-lid.html,approved,保养,fact,controlled_source_pattern
DECOCANASS13::植物图鉴玻璃烛盖含羞草,植物图鉴玻璃烛盖-含羞草,艺术家居,HAS_FUNCTION,Function,保护烛焰,product_form,已审核本体规则：艺术家居 / 烛盖和灭烛罩 -> 保护烛焰,https://www.diptyque-cn.com/p/mimosa-lid.html,derived_from_approved_rule,功能,derived_intent,controlled_ontology_rule
DECOCANASS13::植物图鉴玻璃烛盖含羞草,植物图鉴玻璃烛盖-含羞草,艺术家居,SERVES_NEED,UserNeed,家居美化,product_form,已审核本体规则：艺术家居 / 烛盖和灭烛罩 -> 家居美化,https://www.diptyque-cn.com/p/mimosa-lid.html,derived_from_approved_rule,需求,derived_intent,controlled_ontology_rule
DECOCANASS13::植物图鉴玻璃烛盖含羞草,植物图鉴玻璃烛盖-含羞草,艺术家居,SERVES_NEED,UserNeed,香氛养护,product_form,已审核本体规则：艺术家居 / 烛盖和灭烛罩 -> 香氛养护,https://www.diptyque-cn.com/p/mimosa-lid.html,derived_from_approved_rule,需求,derived_intent,controlled_ontology_rule
DECODECO00860::黑色蜡质花瓶L,黑色蜡质花瓶 L,艺术家居,HAS_CARE_INSTRUCTION,CareInstruction,清洁方法,usage_tips_text,建议用蘸有少许水分的软布擦拭。,https://www.diptyque-cn.com/p/black-medicis-vase-l-deco00860.html,approved,保养,fact,controlled_source_pattern
DECODECO00860::黑色蜡质花瓶L,黑色蜡质花瓶 L,艺术家居,HAS_FUNCTION,Function,装饰,product_form,已审核本体规则：艺术家居 / 花瓶 -> 装饰,https://www.diptyque-cn.com/p/black-medicis-vase-l-deco00860.html,derived_from_approved_rule,功能,derived_intent,controlled_ontology_rule
DECODECO00860::黑色蜡质花瓶L,黑色蜡质花瓶 L,艺术家居,SERVES_NEED,UserNeed,家居美化,product_form,已审核本体规则：艺术家居 / 花瓶 -> 家居美化,https://www.diptyque-cn.com/p/black-medicis-vase-l-deco00860.html,derived_from_approved_rule,需求,derived_intent,controlled_ontology_rule
DECODECO00860::黑色蜡质花瓶L,黑色蜡质花瓶 L,艺术家居,HAS_MATERIAL,Material,蜡,caracteristics_text,材质：蜡,https://www.diptyque-cn.com/p/black-medicis-vase-l-deco00860.html,approved,材质,fact,controlled_source_pattern
DECODECO01188::白色融蜡陶瓷烛罩,白色融蜡陶瓷烛罩,艺术家居,HAS_CARE_INSTRUCTION,CareInstruction,清洁方法,usage_tips_text,建议用蘸有少许水分的软布擦拭。,https://www.diptyque-cn.com/p/white-melted-wax-candle-holder-deco01188.html,approved,保养,fact,controlled_source_pattern
DECODECO01188::白色融蜡陶瓷烛罩,白色融蜡陶瓷烛罩,艺术家居,HAS_FUNCTION,Function,保护烛焰,product_form,已审核本体规则：艺术家居 / 烛罩 -> 保护烛焰,https://www.diptyque-cn.com/p/white-melted-wax-candle-holder-deco01188.html,derived_from_approved_rule,功能,derived_intent,controlled_ontology_rule
DECODECO01188::白色融蜡陶瓷烛罩,白色融蜡陶瓷烛罩,艺术家居,SERVES_NEED,UserNeed,家居美化,product_form,已审核本体规则：艺术家居 / 烛罩 -> 家居美化,https://www.diptyque-cn.com/p/white-melted-wax-candle-holder-deco01188.html,derived_from_approved_rule,需求,derived_intent,controlled_ontology_rule
DECODECO01188::白色融蜡陶瓷烛罩,白色融蜡陶瓷烛罩,艺术家居,SERVES_NEED,UserNeed,香氛养护,product_form,已审核本体规则：艺术家居 / 烛罩 -> 香氛养护,https://www.diptyque-cn.com/p/white-melted-wax-candle-holder-deco01188.html,derived_from_approved_rule,需求,derived_intent,controlled_ontology_rule
DECODECO01188::白色融蜡陶瓷烛罩,白色融蜡陶瓷烛罩,艺术家居,HAS_MATERIAL,Material,利摩日陶瓷,caracteristics_text,材质：利摩日陶瓷,https://www.diptyque-cn.com/p/white-melted-wax-candle-holder-deco01188.html,approved,材质,fact,controlled_source_pattern
DECODECO01190::全曲线玻璃收纳瓶,全曲线玻璃收纳瓶,艺术家居,HAS_CARE_INSTRUCTION,CareInstruction,清洁方法,usage_tips_text,建议用皂液及软布清洁，瓶身可洗碗机清洗。,https://www.diptyque-cn.com/p/torsade-match-holder-s-deco01190.html,approved,保养,fact,controlled_source_pattern
DECODECO01190::全曲线玻璃收纳瓶,全曲线玻璃收纳瓶,艺术家居,HAS_FUNCTION,Function,收纳,product_form,已审核本体规则：艺术家居 / 收纳瓶 -> 收纳,https://www.diptyque-cn.com/p/torsade-match-holder-s-deco01190.html,derived_from_approved_rule,功能,derived_intent,controlled_ontology_rule
DECODECO01190::全曲线玻璃收纳瓶,全曲线玻璃收纳瓶,艺术家居,SERVES_NEED,UserNeed,家居美化,product_form,已审核本体规则：艺术家居 / 收纳瓶 -> 家居美化,https://www.diptyque-cn.com/p/torsade-match-holder-s-deco01190.html,derived_from_approved_rule,需求,derived_intent,controlled_ontology_rule
DECODECO01190::全曲线玻璃收纳瓶,全曲线玻璃收纳瓶,艺术家居,SERVES_NEED,UserNeed,收纳整理,product_form,已审核本体规则：艺术家居 / 收纳瓶 -> 收纳整理,https://www.diptyque-cn.com/p/torsade-match-holder-s-deco01190.html,derived_from_approved_rule,需求,derived_intent,controlled_ontology_rule
DECODECO01269::茉莉花陶瓷托盘,茉莉花陶瓷托盘,艺术家居,HAS_FUNCTION,Function,装饰,product_form,已审核本体规则：艺术家居 / 装饰摆件 -> 装饰,https://www.diptyque-cn.com/p/jasmine-flower-tray-m-deco01269.html,derived_from_approved_rule,功能,derived_intent,controlled_ontology_rule
DECODECO01269::茉莉花陶瓷托盘,茉莉花陶瓷托盘,艺术家居,SERVES_NEED,UserNeed,家居美化,product_form,已审核本体规则：艺术家居 / 装饰摆件 -> 家居美化,https://www.diptyque-cn.com/p/jasmine-flower-tray-m-deco01269.html,derived_from_approved_rule,需求,derived_intent,controlled_ontology_rule
DECODECO01282::水墨画陶瓷灭烛罩,水墨画陶瓷灭烛罩,艺术家居,HAS_CARE_INSTRUCTION,CareInstruction,清洁方法,usage_tips_text,建议用皂液及软布清洁。,https://www.diptyque-cn.com/p/landscape-snuffer-deco01282.html,approved,保养,fact,controlled_source_pattern
DECODECO01282::水墨画陶瓷灭烛罩,水墨画陶瓷灭烛罩,艺术家居,HAS_FUNCTION,Function,保护烛焰,product_form,已审核本体规则：艺术家居 / 烛盖和灭烛罩 -> 保护烛焰,https://www.diptyque-cn.com/p/landscape-snuffer-deco01282.html,derived_from_approved_rule,功能,derived_intent,controlled_ontology_rule
DECODECO01282::水墨画陶瓷灭烛罩,水墨画陶瓷灭烛罩,艺术家居,SERVES_NEED,UserNeed,家居美化,product_form,已审核本体规则：艺术家居 / 烛盖和灭烛罩 -> 家居美化,https://www.diptyque-cn.com/p/landscape-snuffer-deco01282.html,derived_from_approved_rule,需求,derived_intent,controlled_ontology_rule
DECODECO01282::水墨画陶瓷灭烛罩,水墨画陶瓷灭烛罩,艺术家居,SERVES_NEED,UserNeed,香氛养护,product_form,已审核本体规则：艺术家居 / 烛盖和灭烛罩 -> 香氛养护,https://www.diptyque-cn.com/p/landscape-snuffer-deco01282.html,derived_from_approved_rule,需求,derived_intent,controlled_ontology_rule
DECODECO01282::水墨画陶瓷灭烛罩,水墨画陶瓷灭烛罩,艺术家居,HAS_MATERIAL,Material,陶瓷,caracteristics_text,材质：陶瓷,https://www.diptyque-cn.com/p/landscape-snuffer-deco01282.html,approved,材质,fact,controlled_source_pattern
DECODECO01283::象棋造型烛台S,象棋造型烛台 S,艺术家居,HAS_CARE_INSTRUCTION,CareInstruction,清洁方法,usage_tips_text,建议用蘸有少许水分的软布擦拭。,https://www.diptyque-cn.com/p/chess-candle-holder-s-for-classic-candle-deco01283.html,approved,保养,fact,controlled_source_pattern
DECODECO01283::象棋造型烛台S,象棋造型烛台 S,艺术家居,HAS_FUNCTION,Function,装饰,product_form,已审核本体规则：艺术家居 / 烛台 -> 装饰,https://www.diptyque-cn.com/p/chess-candle-holder-s-for-classic-candle-deco01283.html,derived_from_approved_rule,功能,derived_intent,controlled_ontology_rule
DECODECO01283::象棋造型烛台S,象棋造型烛台 S,艺术家居,SERVES_NEED,UserNeed,家居美化,product_form,已审核本体规则：艺术家居 / 烛台 -> 家居美化,https://www.diptyque-cn.com/p/chess-candle-holder-s-for-classic-candle-deco01283.html,derived_from_approved_rule,需求,derived_intent,controlled_ontology_rule
DECODECO01283::象棋造型烛台S,象棋造型烛台 S,艺术家居,HAS_MATERIAL,Material,蜡质,caracteristics_text,材质：蜡质,https://www.diptyque-cn.com/p/chess-candle-holder-s-for-classic-candle-deco01283.html,approved,材质,fact,controlled_source_pattern
DECODECO01284::象棋造型烛台M,象棋造型烛台 M,艺术家居,HAS_CARE_INSTRUCTION,CareInstruction,清洁方法,usage_tips_text,建议用蘸有少许水分的软布擦拭。,https://www.diptyque-cn.com/p/chess-candle-holder-m-for-classic-candle-deco01285.html,approved,保养,fact,controlled_source_pattern
DECODECO01284::象棋造型烛台M,象棋造型烛台 M,艺术家居,HAS_FUNCTION,Function,装饰,product_form,已审核本体规则：艺术家居 / 烛台 -> 装饰,https://www.diptyque-cn.com/p/chess-candle-holder-m-for-classic-candle-deco01285.html,derived_from_approved_rule,功能,derived_intent,controlled_ontology_rule
DECODECO01284::象棋造型烛台M,象棋造型烛台 M,艺术家居,SERVES_NEED,UserNeed,家居美化,product_form,已审核本体规则：艺术家居 / 烛台 -> 家居美化,https://www.diptyque-cn.com/p/chess-candle-holder-m-for-classic-candle-deco01285.html,derived_from_approved_rule,需求,derived_intent,controlled_ontology_rule
DECODECO01284::象棋造型烛台M,象棋造型烛台 M,艺术家居,HAS_MATERIAL,Material,蜡质,caracteristics_text,材质：蜡质,https://www.diptyque-cn.com/p/chess-candle-holder-m-for-classic-candle-deco01285.html,approved,材质,fact,controlled_source_pattern
DECODECO01285::象棋造型烛台L,象棋造型烛台 L,艺术家居,HAS_CARE_INSTRUCTION,CareInstruction,清洁方法,usage_tips_text,建议用蘸有少许水分的软布擦拭。,https://www.diptyque-cn.com/p/chess-candle-holder-l-for-classic-candle-deco01285.html,approved,保养,fact,controlled_source_pattern
DECODECO01285::象棋造型烛台L,象棋造型烛台 L,艺术家居,HAS_FUNCTION,Function,装饰,product_form,已审核本体规则：艺术家居 / 烛台 -> 装饰,https://www.diptyque-cn.com/p/chess-candle-holder-l-for-classic-candle-deco01285.html,derived_from_approved_rule,功能,derived_intent,controlled_ontology_rule
DECODECO01285::象棋造型烛台L,象棋造型烛台 L,艺术家居,SERVES_NEED,UserNeed,家居美化,product_form,已审核本体规则：艺术家居 / 烛台 -> 家居美化,https://www.diptyque-cn.com/p/chess-candle-holder-l-for-classic-candle-deco01285.html,derived_from_approved_rule,需求,derived_intent,controlled_ontology_rule
DECODECO01285::象棋造型烛台L,象棋造型烛台 L,艺术家居,HAS_MATERIAL,Material,蜡质,caracteristics_text,材质：蜡质,https://www.diptyque-cn.com/p/chess-candle-holder-l-for-classic-candle-deco01285.html,approved,材质,fact,controlled_source_pattern
DECODECO01369A::椭圆香皂托盘,椭圆香皂托盘,艺术家居,HAS_CARE_INSTRUCTION,CareInstruction,清洁方法,usage_tips_text,建议用皂液及软布清洁，可洗碗机清洗。,https://www.diptyque-cn.com/p/soap-holder-ovale-deco01370.html,approved,保养,fact,controlled_source_pattern
DECODECO01369A::椭圆香皂托盘,椭圆香皂托盘,艺术家居,HAS_FUNCTION,Function,承托,product_form,已审核本体规则：艺术家居 / 托盘 -> 承托,https://www.diptyque-cn.com/p/soap-holder-ovale-deco01370.html,derived_from_approved_rule,功能,derived_intent,controlled_ontology_rule
DECODECO01369A::椭圆香皂托盘,椭圆香皂托盘,艺术家居,HAS_FUNCTION,Function,装饰,product_form,已审核本体规则：艺术家居 / 托盘 -> 装饰,https://www.diptyque-cn.com/p/soap-holder-ovale-deco01370.html,derived_from_approved_rule,功能,derived_intent,controlled_ontology_rule
DECODECO01369A::椭圆香皂托盘,椭圆香皂托盘,艺术家居,SERVES_NEED,UserNeed,家居美化,product_form,已审核本体规则：艺术家居 / 托盘 -> 家居美化,https://www.diptyque-cn.com/p/soap-holder-ovale-deco01370.html,derived_from_approved_rule,需求,derived_intent,controlled_ontology_rule
DECODECO01369A::椭圆香皂托盘,椭圆香皂托盘,艺术家居,HAS_MATERIAL,Material,陶瓷,caracteristics_text,材质：陶瓷,https://www.diptyque-cn.com/p/soap-holder-ovale-deco01370.html,approved,材质,fact,controlled_source_pattern
DECODECO01371::椭圆收纳托盘,椭圆收纳托盘,艺术家居,HAS_CARE_INSTRUCTION,CareInstruction,清洁方法,usage_tips_text,建议用皂液及软布清洁，可洗碗机清洗。,https://www.diptyque-cn.com/p/hand-care-tray-ovale-deco01371.html,approved,保养,fact,controlled_source_pattern
DECODECO01371::椭圆收纳托盘,椭圆收纳托盘,艺术家居,HAS_FUNCTION,Function,收纳,product_form,已审核本体规则：艺术家居 / 收纳托盘 -> 收纳,https://www.diptyque-cn.com/p/hand-care-tray-ovale-deco01371.html,derived_from_approved_rule,功能,derived_intent,controlled_ontology_rule
DECODECO01371::椭圆收纳托盘,椭圆收纳托盘,艺术家居,SERVES_NEED,UserNeed,家居美化,product_form,已审核本体规则：艺术家居 / 收纳托盘 -> 家居美化,https://www.diptyque-cn.com/p/hand-care-tray-ovale-deco01371.html,derived_from_approved_rule,需求,derived_intent,controlled_ontology_rule
DECODECO01371::椭圆收纳托盘,椭圆收纳托盘,艺术家居,SERVES_NEED,UserNeed,收纳整理,product_form,已审核本体规则：艺术家居 / 收纳托盘 -> 收纳整理,https://www.diptyque-cn.com/p/hand-care-tray-ovale-deco01371.html,derived_from_approved_rule,需求,derived_intent,controlled_ontology_rule
DECODECO01371::椭圆收纳托盘,椭圆收纳托盘,艺术家居,HAS_MATERIAL,Material,陶瓷,caracteristics_text,材质：陶瓷,https://www.diptyque-cn.com/p/hand-care-tray-ovale-deco01371.html,approved,材质,fact,controlled_source_pattern
DECODECO01372::椭圆平底杯,椭圆平底杯,艺术家居,HAS_CARE_INSTRUCTION,CareInstruction,清洁方法,usage_tips_text,建议用皂液及软布清洁，可洗碗机清洗。,https://www.diptyque-cn.com/p/tumbler-ovale-deco01372.html,approved,保养,fact,controlled_source_pattern
DECODECO01372::椭圆平底杯,椭圆平底杯,艺术家居,HAS_FUNCTION,Function,承托,product_form,已审核本体规则：艺术家居 / 平底杯 -> 承托,https://www.diptyque-cn.com/p/tumbler-ovale-deco01372.html,derived_from_approved_rule,功能,derived_intent,controlled_ontology_rule
DECODECO01372::椭圆平底杯,椭圆平底杯,艺术家居,HAS_FUNCTION,Function,装饰,product_form,已审核本体规则：艺术家居 / 平底杯 -> 装饰,https://www.diptyque-cn.com/p/tumbler-ovale-deco01372.html,derived_from_approved_rule,功能,derived_intent,controlled_ontology_rule
DECODECO01372::椭圆平底杯,椭圆平底杯,艺术家居,SERVES_NEED,UserNeed,家居美化,product_form,已审核本体规则：艺术家居 / 平底杯 -> 家居美化,https://www.diptyque-cn.com/p/tumbler-ovale-deco01372.html,derived_from_approved_rule,需求,derived_intent,controlled_ontology_rule
DECODECO01372::椭圆平底杯,椭圆平底杯,艺术家居,HAS_MATERIAL,Material,陶瓷,caracteristics_text,材质：陶瓷,https://www.diptyque-cn.com/p/tumbler-ovale-deco01372.html,approved,材质,fact,controlled_source_pattern
DECODECO01377::白色金字塔玻璃烛罩,白色金字塔玻璃烛罩,艺术家居,HAS_CARE_INSTRUCTION,CareInstruction,清洁方法,usage_tips_text,建议用蘸有少许水分的软布擦拭。,https://www.diptyque-cn.com/p/white-pyramid-candle-holder-for-classic-candles-deco01377.html,approved,保养,fact,controlled_source_pattern
DECODECO01377::白色金字塔玻璃烛罩,白色金字塔玻璃烛罩,艺术家居,HAS_FUNCTION,Function,保护烛焰,product_form,已审核本体规则：艺术家居 / 烛罩 -> 保护烛焰,https://www.diptyque-cn.com/p/white-pyramid-candle-holder-for-classic-candles-deco01377.html,derived_from_approved_rule,功能,derived_intent,controlled_ontology_rule
DECODECO01377::白色金字塔玻璃烛罩,白色金字塔玻璃烛罩,艺术家居,SERVES_NEED,UserNeed,家居美化,product_form,已审核本体规则：艺术家居 / 烛罩 -> 家居美化,https://www.diptyque-cn.com/p/white-pyramid-candle-holder-for-classic-candles-deco01377.html,derived_from_approved_rule,需求,derived_intent,controlled_ontology_rule
DECODECO01377::白色金字塔玻璃烛罩,白色金字塔玻璃烛罩,艺术家居,SERVES_NEED,UserNeed,香氛养护,product_form,已审核本体规则：艺术家居 / 烛罩 -> 香氛养护,https://www.diptyque-cn.com/p/white-pyramid-candle-holder-for-classic-candles-deco01377.html,derived_from_approved_rule,需求,derived_intent,controlled_ontology_rule
DECODECO01377::白色金字塔玻璃烛罩,白色金字塔玻璃烛罩,艺术家居,HAS_MATERIAL,Material,硼硅盐酸玻璃,caracteristics_text,材质：硼硅盐酸玻璃,https://www.diptyque-cn.com/p/white-pyramid-candle-holder-for-classic-candles-deco01377.html,approved,材质,fact,controlled_source_pattern
DECODECO01383::贝壳造型烛台S,贝壳造型烛台 S,艺术家居,HAS_CARE_INSTRUCTION,CareInstruction,清洁方法,usage_tips_text,建议用皂液及软布清洁，可洗碗机清洗。,https://www.diptyque-cn.com/p/shell-stand-for-scented-dinner-candle-deco01383.html,approved,保养,fact,controlled_source_pattern
DECODECO01383::贝壳造型烛台S,贝壳造型烛台 S,艺术家居,HAS_FUNCTION,Function,装饰,product_form,已审核本体规则：艺术家居 / 烛台 -> 装饰,https://www.diptyque-cn.com/p/shell-stand-for-scented-dinner-candle-deco01383.html,derived_from_approved_rule,功能,derived_intent,controlled_ontology_rule
DECODECO01383::贝壳造型烛台S,贝壳造型烛台 S,艺术家居,SERVES_NEED,UserNeed,家居美化,product_form,已审核本体规则：艺术家居 / 烛台 -> 家居美化,https://www.diptyque-cn.com/p/shell-stand-for-scented-dinner-candle-deco01383.html,derived_from_approved_rule,需求,derived_intent,controlled_ontology_rule
DECODECO01383::贝壳造型烛台S,贝壳造型烛台 S,艺术家居,HAS_MATERIAL,Material,陶瓷,caracteristics_text,材质：陶瓷,https://www.diptyque-cn.com/p/shell-stand-for-scented-dinner-candle-deco01383.html,approved,材质,fact,controlled_source_pattern
DECODECO01416::花园印花便签本,花园印花便签本,文创,HAS_FUNCTION,Function,书写记录,product_form,已审核本体规则：文创 / 便签本 -> 书写记录,https://www.diptyque-cn.com/p/peacock-and-plume-notepad.html,derived_from_approved_rule,功能,derived_intent,controlled_ontology_rule
DECODECO01416::花园印花便签本,花园印花便签本,文创,SERVES_NEED,UserNeed,书写记录,product_form,已审核本体规则：文创 / 便签本 -> 书写记录,https://www.diptyque-cn.com/p/peacock-and-plume-notepad.html,derived_from_approved_rule,需求,derived_intent,controlled_ontology_rule
DECODECO01416::花园印花便签本,花园印花便签本,文创,HAS_MATERIAL,Material,纸制品,caracteristics_text,材质：纸制品,https://www.diptyque-cn.com/p/peacock-and-plume-notepad.html,approved,材质,fact,controlled_source_pattern
DECODECO01416::菱纹印花便签本,菱纹印花便签本,文创,HAS_FUNCTION,Function,书写记录,product_form,已审核本体规则：文创 / 便签本 -> 书写记录,https://www.diptyque-cn.com/p/diamonds-in-graphite-notepad.html,derived_from_approved_rule,功能,derived_intent,controlled_ontology_rule
DECODECO01416::菱纹印花便签本,菱纹印花便签本,文创,SERVES_NEED,UserNeed,书写记录,product_form,已审核本体规则：文创 / 便签本 -> 书写记录,https://www.diptyque-cn.com/p/diamonds-in-graphite-notepad.html,derived_from_approved_rule,需求,derived_intent,controlled_ontology_rule
DECODECO01416::菱纹印花便签本,菱纹印花便签本,文创,HAS_MATERIAL,Material,纸制品,caracteristics_text,材质：纸制品,https://www.diptyque-cn.com/p/diamonds-in-graphite-notepad.html,approved,材质,fact,controlled_source_pattern
DECODECO01424::黑色顶冠木质烛盖M,黑色顶冠木质烛盖 M,艺术家居,HAS_CARE_INSTRUCTION,CareInstruction,清洁方法,usage_tips_text,用柔软的抹布擦拭。,https://www.diptyque-cn.com/p/black-abacus-lid-for-classic-candle-300.html,approved,保养,fact,controlled_source_pattern
DECODECO01424::黑色顶冠木质烛盖M,黑色顶冠木质烛盖 M,艺术家居,HAS_FUNCTION,Function,保护烛焰,product_form,已审核本体规则：艺术家居 / 烛盖和灭烛罩 -> 保护烛焰,https://www.diptyque-cn.com/p/black-abacus-lid-for-classic-candle-300.html,derived_from_approved_rule,功能,derived_intent,controlled_ontology_rule
DECODECO01424::黑色顶冠木质烛盖M,黑色顶冠木质烛盖 M,艺术家居,SERVES_NEED,UserNeed,家居美化,product_form,已审核本体规则：艺术家居 / 烛盖和灭烛罩 -> 家居美化,https://www.diptyque-cn.com/p/black-abacus-lid-for-classic-candle-300.html,derived_from_approved_rule,需求,derived_intent,controlled_ontology_rule
DECODECO01424::黑色顶冠木质烛盖M,黑色顶冠木质烛盖 M,艺术家居,SERVES_NEED,UserNeed,香氛养护,product_form,已审核本体规则：艺术家居 / 烛盖和灭烛罩 -> 香氛养护,https://www.diptyque-cn.com/p/black-abacus-lid-for-classic-candle-300.html,derived_from_approved_rule,需求,derived_intent,controlled_ontology_rule
DECODECO01424::黑色顶冠木质烛盖M,黑色顶冠木质烛盖 M,艺术家居,HAS_MATERIAL,Material,白蜡木,caracteristics_text,材质：白蜡木,https://www.diptyque-cn.com/p/black-abacus-lid-for-classic-candle-300.html,approved,材质,fact,controlled_source_pattern
DECODECO01425::黑色顶冠木质烛盖L,黑色顶冠木质烛盖 L,艺术家居,HAS_CARE_INSTRUCTION,CareInstruction,清洁方法,usage_tips_text,用柔软的抹布擦拭。,https://www.diptyque-cn.com/p/black-abacus-lid-for-classic-candle-600.html,approved,保养,fact,controlled_source_pattern
DECODECO01425::黑色顶冠木质烛盖L,黑色顶冠木质烛盖 L,艺术家居,HAS_FUNCTION,Function,保护烛焰,product_form,已审核本体规则：艺术家居 / 烛盖和灭烛罩 -> 保护烛焰,https://www.diptyque-cn.com/p/black-abacus-lid-for-classic-candle-600.html,derived_from_approved_rule,功能,derived_intent,controlled_ontology_rule
DECODECO01425::黑色顶冠木质烛盖L,黑色顶冠木质烛盖 L,艺术家居,SERVES_NEED,UserNeed,家居美化,product_form,已审核本体规则：艺术家居 / 烛盖和灭烛罩 -> 家居美化,https://www.diptyque-cn.com/p/black-abacus-lid-for-classic-candle-600.html,derived_from_approved_rule,需求,derived_intent,controlled_ontology_rule
DECODECO01425::黑色顶冠木质烛盖L,黑色顶冠木质烛盖 L,艺术家居,SERVES_NEED,UserNeed,香氛养护,product_form,已审核本体规则：艺术家居 / 烛盖和灭烛罩 -> 香氛养护,https://www.diptyque-cn.com/p/black-abacus-lid-for-classic-candle-600.html,derived_from_approved_rule,需求,derived_intent,controlled_ontology_rule
DECODECO01425::黑色顶冠木质烛盖L,黑色顶冠木质烛盖 L,艺术家居,HAS_MATERIAL,Material,白蜡木,caracteristics_text,材质：白蜡木,https://www.diptyque-cn.com/p/black-abacus-lid-for-classic-candle-600.html,approved,材质,fact,controlled_source_pattern
DECODECO01432::菱纹印花笔筒,菱纹印花笔筒,文创,HAS_FUNCTION,Function,收纳,product_form,已审核本体规则：文创 / 笔筒 -> 收纳,https://www.diptyque-cn.com/p/diamonds-in-graphite-pencil-pot.html,derived_from_approved_rule,功能,derived_intent,controlled_ontology_rule
DECODECO01432::菱纹印花笔筒,菱纹印花笔筒,文创,SERVES_NEED,UserNeed,书写记录,product_form,已审核本体规则：文创 / 笔筒 -> 书写记录,https://www.diptyque-cn.com/p/diamonds-in-graphite-pencil-pot.html,derived_from_approved_rule,需求,derived_intent,controlled_ontology_rule
DECODECO01432::菱纹印花笔筒,菱纹印花笔筒,文创,SERVES_NEED,UserNeed,收纳整理,product_form,已审核本体规则：文创 / 笔筒 -> 收纳整理,https://www.diptyque-cn.com/p/diamonds-in-graphite-pencil-pot.html,derived_from_approved_rule,需求,derived_intent,controlled_ontology_rule
DECODECO01432::菱纹印花笔筒,菱纹印花笔筒,文创,HAS_MATERIAL,Material,纸制品,caracteristics_text,材质：纸制品,https://www.diptyque-cn.com/p/diamonds-in-graphite-pencil-pot.html,approved,材质,fact,controlled_source_pattern
DECODECO01622::水墨画陶瓷烛盖S,水墨画陶瓷烛盖 S,艺术家居,HAS_FUNCTION,Function,保护烛焰,product_form,已审核本体规则：艺术家居 / 烛盖和灭烛罩 -> 保护烛焰,https://www.diptyque-cn.com/p/deco01622-deco.html,derived_from_approved_rule,功能,derived_intent,controlled_ontology_rule
DECODECO01622::水墨画陶瓷烛盖S,水墨画陶瓷烛盖 S,艺术家居,SERVES_NEED,UserNeed,家居美化,product_form,已审核本体规则：艺术家居 / 烛盖和灭烛罩 -> 家居美化,https://www.diptyque-cn.com/p/deco01622-deco.html,derived_from_approved_rule,需求,derived_intent,controlled_ontology_rule
DECODECO01622::水墨画陶瓷烛盖S,水墨画陶瓷烛盖 S,艺术家居,SERVES_NEED,UserNeed,香氛养护,product_form,已审核本体规则：艺术家居 / 烛盖和灭烛罩 -> 香氛养护,https://www.diptyque-cn.com/p/deco01622-deco.html,derived_from_approved_rule,需求,derived_intent,controlled_ontology_rule
DECODECO01623::水墨画陶瓷烛盖L,水墨画陶瓷烛盖 L,艺术家居,HAS_FUNCTION,Function,保护烛焰,product_form,已审核本体规则：艺术家居 / 烛盖和灭烛罩 -> 保护烛焰,https://www.diptyque-cn.com/p/deco01623-deco.html,derived_from_approved_rule,功能,derived_intent,controlled_ontology_rule
DECODECO01623::水墨画陶瓷烛盖L,水墨画陶瓷烛盖 L,艺术家居,SERVES_NEED,UserNeed,家居美化,product_form,已审核本体规则：艺术家居 / 烛盖和灭烛罩 -> 家居美化,https://www.diptyque-cn.com/p/deco01623-deco.html,derived_from_approved_rule,需求,derived_intent,controlled_ontology_rule
DECODECO01623::水墨画陶瓷烛盖L,水墨画陶瓷烛盖 L,艺术家居,SERVES_NEED,UserNeed,香氛养护,product_form,已审核本体规则：艺术家居 / 烛盖和灭烛罩 -> 香氛养护,https://www.diptyque-cn.com/p/deco01623-deco.html,derived_from_approved_rule,需求,derived_intent,controlled_ontology_rule
DECODECO01624::水墨画陶瓷托盘S,水墨画陶瓷托盘 S,艺术家居,HAS_FUNCTION,Function,承托,product_form,已审核本体规则：艺术家居 / 托盘 -> 承托,https://www.diptyque-cn.com/p/deco01624-deco.html,derived_from_approved_rule,功能,derived_intent,controlled_ontology_rule
DECODECO01624::水墨画陶瓷托盘S,水墨画陶瓷托盘 S,艺术家居,HAS_FUNCTION,Function,装饰,product_form,已审核本体规则：艺术家居 / 托盘 -> 装饰,https://www.diptyque-cn.com/p/deco01624-deco.html,derived_from_approved_rule,功能,derived_intent,controlled_ontology_rule
DECODECO01624::水墨画陶瓷托盘S,水墨画陶瓷托盘 S,艺术家居,SERVES_NEED,UserNeed,家居美化,product_form,已审核本体规则：艺术家居 / 托盘 -> 家居美化,https://www.diptyque-cn.com/p/deco01624-deco.html,derived_from_approved_rule,需求,derived_intent,controlled_ontology_rule
DECODECO01625::水墨画陶瓷托盘M,水墨画陶瓷托盘 M,艺术家居,HAS_FUNCTION,Function,承托,product_form,已审核本体规则：艺术家居 / 托盘 -> 承托,https://www.diptyque-cn.com/p/deco01625-deco.html,derived_from_approved_rule,功能,derived_intent,controlled_ontology_rule
DECODECO01625::水墨画陶瓷托盘M,水墨画陶瓷托盘 M,艺术家居,HAS_FUNCTION,Function,装饰,product_form,已审核本体规则：艺术家居 / 托盘 -> 装饰,https://www.diptyque-cn.com/p/deco01625-deco.html,derived_from_approved_rule,功能,derived_intent,controlled_ontology_rule
DECODECO01625::水墨画陶瓷托盘M,水墨画陶瓷托盘 M,艺术家居,SERVES_NEED,UserNeed,家居美化,product_form,已审核本体规则：艺术家居 / 托盘 -> 家居美化,https://www.diptyque-cn.com/p/deco01625-deco.html,derived_from_approved_rule,需求,derived_intent,controlled_ontology_rule
DECODECO01626::水墨画陶瓷托盘L,水墨画陶瓷托盘 L,艺术家居,HAS_FUNCTION,Function,承托,product_form,已审核本体规则：艺术家居 / 托盘 -> 承托,https://www.diptyque-cn.com/p/deco01626-deco.html,derived_from_approved_rule,功能,derived_intent,controlled_ontology_rule
DECODECO01626::水墨画陶瓷托盘L,水墨画陶瓷托盘 L,艺术家居,HAS_FUNCTION,Function,装饰,product_form,已审核本体规则：艺术家居 / 托盘 -> 装饰,https://www.diptyque-cn.com/p/deco01626-deco.html,derived_from_approved_rule,功能,derived_intent,controlled_ontology_rule
DECODECO01626::水墨画陶瓷托盘L,水墨画陶瓷托盘 L,艺术家居,SERVES_NEED,UserNeed,家居美化,product_form,已审核本体规则：艺术家居 / 托盘 -> 家居美化,https://www.diptyque-cn.com/p/deco01626-deco.html,derived_from_approved_rule,需求,derived_intent,controlled_ontology_rule
DECODECO01630::樱花陶瓷烛盖,樱花陶瓷烛盖,艺术家居,HAS_FUNCTION,Function,保护烛焰,product_form,已审核本体规则：艺术家居 / 烛盖和灭烛罩 -> 保护烛焰,https://www.diptyque-cn.com/p/deco01630-deco.html,derived_from_approved_rule,功能,derived_intent,controlled_ontology_rule
DECODECO01630::樱花陶瓷烛盖,樱花陶瓷烛盖,艺术家居,SERVES_NEED,UserNeed,家居美化,product_form,已审核本体规则：艺术家居 / 烛盖和灭烛罩 -> 家居美化,https://www.diptyque-cn.com/p/deco01630-deco.html,derived_from_approved_rule,需求,derived_intent,controlled_ontology_rule
DECODECO01630::樱花陶瓷烛盖,樱花陶瓷烛盖,艺术家居,SERVES_NEED,UserNeed,香氛养护,product_form,已审核本体规则：艺术家居 / 烛盖和灭烛罩 -> 香氛养护,https://www.diptyque-cn.com/p/deco01630-deco.html,derived_from_approved_rule,需求,derived_intent,controlled_ontology_rule
DECODECO01631::水墨画陶瓷烛台,水墨画陶瓷烛台,艺术家居,HAS_FUNCTION,Function,装饰,product_form,已审核本体规则：艺术家居 / 烛台 -> 装饰,https://www.diptyque-cn.com/p/deco01631-deco.html,derived_from_approved_rule,功能,derived_intent,controlled_ontology_rule
DECODECO01631::水墨画陶瓷烛台,水墨画陶瓷烛台,艺术家居,SERVES_NEED,UserNeed,家居美化,product_form,已审核本体规则：艺术家居 / 烛台 -> 家居美化,https://www.diptyque-cn.com/p/deco01631-deco.html,derived_from_approved_rule,需求,derived_intent,controlled_ontology_rule
DECODECO01648::白色金字塔陶瓷烛盖,白色金字塔陶瓷烛盖,艺术家居,HAS_FUNCTION,Function,保护烛焰,product_form,已审核本体规则：艺术家居 / 烛盖和灭烛罩 -> 保护烛焰,https://www.diptyque-cn.com/p/deco-deco01648-pdp.html,derived_from_approved_rule,功能,derived_intent,controlled_ontology_rule
DECODECO01648::白色金字塔陶瓷烛盖,白色金字塔陶瓷烛盖,艺术家居,SERVES_NEED,UserNeed,家居美化,product_form,已审核本体规则：艺术家居 / 烛盖和灭烛罩 -> 家居美化,https://www.diptyque-cn.com/p/deco-deco01648-pdp.html,derived_from_approved_rule,需求,derived_intent,controlled_ontology_rule
DECODECO01648::白色金字塔陶瓷烛盖,白色金字塔陶瓷烛盖,艺术家居,SERVES_NEED,UserNeed,香氛养护,product_form,已审核本体规则：艺术家居 / 烛盖和灭烛罩 -> 香氛养护,https://www.diptyque-cn.com/p/deco-deco01648-pdp.html,derived_from_approved_rule,需求,derived_intent,controlled_ontology_rule
DECODECO01648::白色金字塔陶瓷烛盖,白色金字塔陶瓷烛盖,艺术家居,HAS_MATERIAL,Material,素瓷,caracteristics_text,材质：素瓷,https://www.diptyque-cn.com/p/deco-deco01648-pdp.html,approved,材质,fact,controlled_source_pattern
DECODECO01649::白色金字塔陶瓷烛台,白色金字塔陶瓷烛台,艺术家居,HAS_FUNCTION,Function,装饰,product_form,已审核本体规则：艺术家居 / 烛台 -> 装饰,https://www.diptyque-cn.com/p/deco-deco01649-pdp.html,derived_from_approved_rule,功能,derived_intent,controlled_ontology_rule
DECODECO01649::白色金字塔陶瓷烛台,白色金字塔陶瓷烛台,艺术家居,SERVES_NEED,UserNeed,家居美化,product_form,已审核本体规则：艺术家居 / 烛台 -> 家居美化,https://www.diptyque-cn.com/p/deco-deco01649-pdp.html,derived_from_approved_rule,需求,derived_intent,controlled_ontology_rule
DECODECO01649::白色金字塔陶瓷烛台,白色金字塔陶瓷烛台,艺术家居,HAS_MATERIAL,Material,素瓷,caracteristics_text,材质：素瓷,https://www.diptyque-cn.com/p/deco-deco01649-pdp.html,approved,材质,fact,controlled_source_pattern
DECODECO01651::竖纹玻璃烛罩配白色椭圆托盘,竖纹玻璃烛罩配白色椭圆托盘,艺术家居,HAS_CARE_INSTRUCTION,CareInstruction,无人照看警示,usage_tips_text,切勿将点燃的蜡烛单独放置在无人看管的位置。,https://www.diptyque-cn.com/p/deco01651-pdp.html,approved,保养,fact,controlled_source_pattern
DECODECO01651::竖纹玻璃烛罩配白色椭圆托盘,竖纹玻璃烛罩配白色椭圆托盘,艺术家居,HAS_CARE_INSTRUCTION,CareInstruction,清洁方法,usage_tips_text,清洁说明 用温水和肥皂清洁托盘。,https://www.diptyque-cn.com/p/deco01651-pdp.html,approved,保养,fact,controlled_source_pattern
DECODECO01651::竖纹玻璃烛罩配白色椭圆托盘,竖纹玻璃烛罩配白色椭圆托盘,艺术家居,HAS_FUNCTION,Function,保护烛焰,product_form,已审核本体规则：艺术家居 / 烛罩 -> 保护烛焰,https://www.diptyque-cn.com/p/deco01651-pdp.html,derived_from_approved_rule,功能,derived_intent,controlled_ontology_rule
DECODECO01651::竖纹玻璃烛罩配白色椭圆托盘,竖纹玻璃烛罩配白色椭圆托盘,艺术家居,SERVES_NEED,UserNeed,家居美化,product_form,已审核本体规则：艺术家居 / 烛罩 -> 家居美化,https://www.diptyque-cn.com/p/deco01651-pdp.html,derived_from_approved_rule,需求,derived_intent,controlled_ontology_rule
DECODECO01651::竖纹玻璃烛罩配白色椭圆托盘,竖纹玻璃烛罩配白色椭圆托盘,艺术家居,SERVES_NEED,UserNeed,香氛养护,product_form,已审核本体规则：艺术家居 / 烛罩 -> 香氛养护,https://www.diptyque-cn.com/p/deco01651-pdp.html,derived_from_approved_rule,需求,derived_intent,controlled_ontology_rule
DECODECO01651::竖纹玻璃烛罩配白色椭圆托盘,竖纹玻璃烛罩配白色椭圆托盘,艺术家居,HAS_MATERIAL,Material,素瓷,caracteristics_text,材质：高硼硅玻璃钟形罩和素瓷托盘,https://www.diptyque-cn.com/p/deco01651-pdp.html,approved,材质,fact,controlled_source_pattern
DECODECO01651::竖纹玻璃烛罩配白色椭圆托盘,竖纹玻璃烛罩配白色椭圆托盘,艺术家居,HAS_MATERIAL,Material,高硼硅玻璃,caracteristics_text,材质：高硼硅玻璃钟形罩和素瓷托盘,https://www.diptyque-cn.com/p/deco01651-pdp.html,approved,材质,fact,controlled_source_pattern
DECODECO01694::松林色陶瓷线香盒（限量版）,松林色陶瓷线香盒（限量版）,艺术家居,HAS_FUNCTION,Function,装饰,pdp_short_description,传统线香托盘焕新呈现，作为精致装饰摆件，徐徐释放盘香的悠然芬芳。,https://www.diptyque-cn.com/p/deco-deco01694-1.html,approved,功能,fact,controlled_source_pattern
DECODECO01694::松林色陶瓷线香盒（限量版）,松林色陶瓷线香盒（限量版）,艺术家居,HAS_CARE_INSTRUCTION,CareInstruction,无人照看警示,usage_tips_text,燃烧时切勿无人看管。,https://www.diptyque-cn.com/p/deco-deco01694-1.html,approved,保养,fact,controlled_source_pattern
DECODECO01694::松林色陶瓷线香盒（限量版）,松林色陶瓷线香盒（限量版）,艺术家居,HAS_CARE_INSTRUCTION,CareInstruction,清洁方法,usage_tips_text,为确保 Diptyque 香盘座在使用过程中的安全、品质与耐用性，建议遵循以下注意事项： 请放置在平整、无蜡、无漆且耐热的表面上。 将 Diptyque 双螺旋线香分开。 打开线香托盘，将一枚螺旋线香轻轻放置在底座上。 点燃线香一端后合上盖子。 使用后请洗手。 燃烧时切勿无人看管。 避免直接吸入烟雾。 请在室外或通风良好的室内使用。 请远离儿童、宠物、纺织品及一切易燃物品。 待香灰完全冷却后再进行处理。 线香托盘可用肥皂水搭配柔软海绵清洁。,https://www.diptyque-cn.com/p/deco-deco01694-1.html,approved,保养,fact,controlled_source_pattern
DECODECO01694::松林色陶瓷线香盒（限量版）,松林色陶瓷线香盒（限量版）,艺术家居,HAS_FUNCTION,Function,容纳线香,product_form,已审核本体规则：艺术家居 / 线香盒 -> 容纳线香,https://www.diptyque-cn.com/p/deco-deco01694-1.html,derived_from_approved_rule,功能,derived_intent,controlled_ontology_rule
DECODECO01694::松林色陶瓷线香盒（限量版）,松林色陶瓷线香盒（限量版）,艺术家居,SERVES_NEED,UserNeed,家居美化,product_form,已审核本体规则：艺术家居 / 线香盒 -> 家居美化,https://www.diptyque-cn.com/p/deco-deco01694-1.html,derived_from_approved_rule,需求,derived_intent,controlled_ontology_rule
DECODECO01694::松林色陶瓷线香盒（限量版）,松林色陶瓷线香盒（限量版）,艺术家居,HAS_MATERIAL,Material,釉面瓷,caracteristics_text,材质：釉面瓷,https://www.diptyque-cn.com/p/deco-deco01694-1.html,approved,材质,fact,controlled_source_pattern
DECOOFFICE01::笔记本补充册,笔记本补充册,文创,HAS_FUNCTION,Function,书写记录,product_form,已审核本体规则：文创 / 笔记本 -> 书写记录,https://www.diptyque-cn.com/p/refill-for-notebook.html,derived_from_approved_rule,功能,derived_intent,controlled_ontology_rule
DECOOFFICE01::笔记本补充册,笔记本补充册,文创,SERVES_NEED,UserNeed,书写记录,product_form,已审核本体规则：文创 / 笔记本 -> 书写记录,https://www.diptyque-cn.com/p/refill-for-notebook.html,derived_from_approved_rule,需求,derived_intent,controlled_ontology_rule
DECOOFFICE01::笔记本补充册,笔记本补充册,文创,HAS_MATERIAL,Material,纸张,caracteristics_text,材质：纸张,https://www.diptyque-cn.com/p/refill-for-notebook.html,approved,材质,fact,controlled_source_pattern
DECOOFFICE02::椭圆印花笔记本,椭圆印花笔记本,文创,HAS_FUNCTION,Function,书写记录,product_form,已审核本体规则：文创 / 笔记本 -> 书写记录,https://www.diptyque-cn.com/p/dancing-ovals-notebook.html,derived_from_approved_rule,功能,derived_intent,controlled_ontology_rule
DECOOFFICE02::椭圆印花笔记本,椭圆印花笔记本,文创,SERVES_NEED,UserNeed,书写记录,product_form,已审核本体规则：文创 / 笔记本 -> 书写记录,https://www.diptyque-cn.com/p/dancing-ovals-notebook.html,derived_from_approved_rule,需求,derived_intent,controlled_ontology_rule
DECOOFFICE02::椭圆印花笔记本,椭圆印花笔记本,文创,HAS_MATERIAL,Material,纸张,caracteristics_text,材质：纸张,https://www.diptyque-cn.com/p/dancing-ovals-notebook.html,approved,材质,fact,controlled_source_pattern
DECOOFFICE03::天鹅印花笔记本,天鹅印花笔记本,文创,HAS_FUNCTION,Function,书写记录,product_form,已审核本体规则：文创 / 笔记本 -> 书写记录,https://www.diptyque-cn.com/p/swan-interlacing-notebook.html,derived_from_approved_rule,功能,derived_intent,controlled_ontology_rule
DECOOFFICE03::天鹅印花笔记本,天鹅印花笔记本,文创,SERVES_NEED,UserNeed,书写记录,product_form,已审核本体规则：文创 / 笔记本 -> 书写记录,https://www.diptyque-cn.com/p/swan-interlacing-notebook.html,derived_from_approved_rule,需求,derived_intent,controlled_ontology_rule
DECOOFFICE03::天鹅印花笔记本,天鹅印花笔记本,文创,HAS_MATERIAL,Material,纸张,caracteristics_text,材质：纸张,https://www.diptyque-cn.com/p/swan-interlacing-notebook.html,approved,材质,fact,controlled_source_pattern
DECOOFFICE04::菱纹印花笔记本,菱纹印花笔记本,文创,HAS_FUNCTION,Function,书写记录,product_form,已审核本体规则：文创 / 笔记本 -> 书写记录,https://www.diptyque-cn.com/p/diamonds-in-graphite-notebook.html,derived_from_approved_rule,功能,derived_intent,controlled_ontology_rule
DECOOFFICE04::菱纹印花笔记本,菱纹印花笔记本,文创,SERVES_NEED,UserNeed,书写记录,product_form,已审核本体规则：文创 / 笔记本 -> 书写记录,https://www.diptyque-cn.com/p/diamonds-in-graphite-notebook.html,derived_from_approved_rule,需求,derived_intent,controlled_ontology_rule
DECOOFFICE04::菱纹印花笔记本,菱纹印花笔记本,文创,HAS_MATERIAL,Material,纸张,caracteristics_text,材质：纸张,https://www.diptyque-cn.com/p/diamonds-in-graphite-notebook.html,approved,材质,fact,controlled_source_pattern
DECOOFFICE05::酒神印花笔记本,酒神印花笔记本,文创,HAS_FUNCTION,Function,书写记录,product_form,已审核本体规则：文创 / 笔记本 -> 书写记录,https://www.diptyque-cn.com/p/garden-of-thiasus-notebook.html,derived_from_approved_rule,功能,derived_intent,controlled_ontology_rule
DECOOFFICE05::酒神印花笔记本,酒神印花笔记本,文创,SERVES_NEED,UserNeed,书写记录,product_form,已审核本体规则：文创 / 笔记本 -> 书写记录,https://www.diptyque-cn.com/p/garden-of-thiasus-notebook.html,derived_from_approved_rule,需求,derived_intent,controlled_ontology_rule
DECOOFFICE05::酒神印花笔记本,酒神印花笔记本,文创,HAS_MATERIAL,Material,纸张,caracteristics_text,材质：纸张,https://www.diptyque-cn.com/p/garden-of-thiasus-notebook.html,approved,材质,fact,controlled_source_pattern
DECOOFFICE06::花园印花笔记本,花园印花笔记本,文创,HAS_FUNCTION,Function,书写记录,product_form,已审核本体规则：文创 / 笔记本 -> 书写记录,https://www.diptyque-cn.com/p/peacock-and-plume-notebook.html,derived_from_approved_rule,功能,derived_intent,controlled_ontology_rule
DECOOFFICE06::花园印花笔记本,花园印花笔记本,文创,SERVES_NEED,UserNeed,书写记录,product_form,已审核本体规则：文创 / 笔记本 -> 书写记录,https://www.diptyque-cn.com/p/peacock-and-plume-notebook.html,derived_from_approved_rule,需求,derived_intent,controlled_ontology_rule
DECOOFFICE06::花园印花笔记本,花园印花笔记本,文创,HAS_MATERIAL,Material,纸张,caracteristics_text,材质：纸张,https://www.diptyque-cn.com/p/peacock-and-plume-notebook.html,approved,材质,fact,controlled_source_pattern
DECOPAINT01617::水墨画陶瓷托盘,水墨画陶瓷托盘,艺术家居,HAS_CARE_INSTRUCTION,CareInstruction,清洁方法,caracteristics_text,-建议用蘸有少许水分的软布擦拭。,https://www.diptyque-cn.com/p/deco01617-home-fragrance-diffuser-refill.html,approved,保养,fact,controlled_source_pattern
DECOPAINT01617::水墨画陶瓷托盘,水墨画陶瓷托盘,艺术家居,HAS_FUNCTION,Function,承托,product_form,已审核本体规则：艺术家居 / 托盘 -> 承托,https://www.diptyque-cn.com/p/deco01617-home-fragrance-diffuser-refill.html,derived_from_approved_rule,功能,derived_intent,controlled_ontology_rule
DECOPAINT01617::水墨画陶瓷托盘,水墨画陶瓷托盘,艺术家居,HAS_FUNCTION,Function,装饰,product_form,已审核本体规则：艺术家居 / 托盘 -> 装饰,https://www.diptyque-cn.com/p/deco01617-home-fragrance-diffuser-refill.html,derived_from_approved_rule,功能,derived_intent,controlled_ontology_rule
DECOPAINT01617::水墨画陶瓷托盘,水墨画陶瓷托盘,艺术家居,SERVES_NEED,UserNeed,家居美化,product_form,已审核本体规则：艺术家居 / 托盘 -> 家居美化,https://www.diptyque-cn.com/p/deco01617-home-fragrance-diffuser-refill.html,derived_from_approved_rule,需求,derived_intent,controlled_ontology_rule
DECOPOUCH01::飨宴收纳包,飨宴收纳包,艺术家居,SERVES_NEED,UserNeed,便携使用,pdp_short_description,收纳包采用印度古老木板印刷技艺，小号规格可用于日常小物及个人香氛的随身携带。,https://www.diptyque-cn.com/p/pochette-le-s.html,approved,需求,fact,controlled_source_pattern
DECOPOUCH01::飨宴收纳包,飨宴收纳包,艺术家居,HAS_FUNCTION,Function,收纳,product_form,已审核本体规则：艺术家居 / 收纳包 -> 收纳,https://www.diptyque-cn.com/p/pochette-le-s.html,derived_from_approved_rule,功能,derived_intent,controlled_ontology_rule
DECOPOUCH01::飨宴收纳包,飨宴收纳包,艺术家居,SERVES_NEED,UserNeed,家居美化,product_form,已审核本体规则：艺术家居 / 收纳包 -> 家居美化,https://www.diptyque-cn.com/p/pochette-le-s.html,derived_from_approved_rule,需求,derived_intent,controlled_ontology_rule
DECOPOUCH01::飨宴收纳包,飨宴收纳包,艺术家居,SERVES_NEED,UserNeed,收纳整理,product_form,已审核本体规则：艺术家居 / 收纳包 -> 收纳整理,https://www.diptyque-cn.com/p/pochette-le-s.html,derived_from_approved_rule,需求,derived_intent,controlled_ontology_rule
DECOPOUCH01::飨宴收纳包,飨宴收纳包,艺术家居,HAS_MATERIAL,Material,100%纯棉,caracteristics_text,材质：100%纯棉，防水防污内衬,https://www.diptyque-cn.com/p/pochette-le-s.html,approved,材质,fact,controlled_source_pattern
DECOPOUCH02::绿植收纳包,绿植收纳包,艺术家居,SERVES_NEED,UserNeed,便携使用,pdp_short_description,收纳包采用印度古老木板印刷技艺，小号规格可用于日常小物及个人香氛的随身携带。,https://www.diptyque-cn.com/p/pochette-plantes-s.html,approved,需求,fact,controlled_source_pattern
DECOPOUCH02::绿植收纳包,绿植收纳包,艺术家居,HAS_FUNCTION,Function,收纳,product_form,已审核本体规则：艺术家居 / 收纳包 -> 收纳,https://www.diptyque-cn.com/p/pochette-plantes-s.html,derived_from_approved_rule,功能,derived_intent,controlled_ontology_rule
DECOPOUCH02::绿植收纳包,绿植收纳包,艺术家居,SERVES_NEED,UserNeed,家居美化,product_form,已审核本体规则：艺术家居 / 收纳包 -> 家居美化,https://www.diptyque-cn.com/p/pochette-plantes-s.html,derived_from_approved_rule,需求,derived_intent,controlled_ontology_rule
DECOPOUCH02::绿植收纳包,绿植收纳包,艺术家居,SERVES_NEED,UserNeed,收纳整理,product_form,已审核本体规则：艺术家居 / 收纳包 -> 收纳整理,https://www.diptyque-cn.com/p/pochette-plantes-s.html,derived_from_approved_rule,需求,derived_intent,controlled_ontology_rule
DECOPOUCH02::绿植收纳包,绿植收纳包,艺术家居,HAS_MATERIAL,Material,100%纯棉,caracteristics_text,材质：100%纯棉，防水防污内衬,https://www.diptyque-cn.com/p/pochette-plantes-s.html,approved,材质,fact,controlled_source_pattern
DECOPOUCH03::玫瑰收纳包,玫瑰收纳包,艺术家居,SERVES_NEED,UserNeed,便携使用,pdp_short_description,收纳包采用印度古老木板印刷技艺，小号规格可用于日常小物及个人香氛的随身携带。,https://www.diptyque-cn.com/p/pochette-rose-s.html,approved,需求,fact,controlled_source_pattern
DECOPOUCH03::玫瑰收纳包,玫瑰收纳包,艺术家居,HAS_FUNCTION,Function,收纳,product_form,已审核本体规则：艺术家居 / 收纳包 -> 收纳,https://www.diptyque-cn.com/p/pochette-rose-s.html,derived_from_approved_rule,功能,derived_intent,controlled_ontology_rule
DECOPOUCH03::玫瑰收纳包,玫瑰收纳包,艺术家居,SERVES_NEED,UserNeed,家居美化,product_form,已审核本体规则：艺术家居 / 收纳包 -> 家居美化,https://www.diptyque-cn.com/p/pochette-rose-s.html,derived_from_approved_rule,需求,derived_intent,controlled_ontology_rule
DECOPOUCH03::玫瑰收纳包,玫瑰收纳包,艺术家居,SERVES_NEED,UserNeed,收纳整理,product_form,已审核本体规则：艺术家居 / 收纳包 -> 收纳整理,https://www.diptyque-cn.com/p/pochette-rose-s.html,derived_from_approved_rule,需求,derived_intent,controlled_ontology_rule
DECOPOUCH03::玫瑰收纳包,玫瑰收纳包,艺术家居,HAS_MATERIAL,Material,100%纯棉,caracteristics_text,材质：100%纯棉，防水防污内衬,https://www.diptyque-cn.com/p/pochette-rose-s.html,approved,材质,fact,controlled_source_pattern
DECORATIONBZHOLDLENS::螺旋玻璃烛罩,螺旋玻璃烛罩,艺术家居,HAS_CARE_INSTRUCTION,CareInstruction,清洁方法,usage_tips_text,建议用蘸有少许水分的软布擦拭。,https://www.diptyque-cn.com/p/fresnel-candle-holder.html,approved,保养,fact,controlled_source_pattern
DECORATIONBZHOLDLENS::螺旋玻璃烛罩,螺旋玻璃烛罩,艺术家居,HAS_FUNCTION,Function,保护烛焰,product_form,已审核本体规则：艺术家居 / 烛罩 -> 保护烛焰,https://www.diptyque-cn.com/p/fresnel-candle-holder.html,derived_from_approved_rule,功能,derived_intent,controlled_ontology_rule
DECORATIONBZHOLDLENS::螺旋玻璃烛罩,螺旋玻璃烛罩,艺术家居,SERVES_NEED,UserNeed,家居美化,product_form,已审核本体规则：艺术家居 / 烛罩 -> 家居美化,https://www.diptyque-cn.com/p/fresnel-candle-holder.html,derived_from_approved_rule,需求,derived_intent,controlled_ontology_rule
DECORATIONBZHOLDLENS::螺旋玻璃烛罩,螺旋玻璃烛罩,艺术家居,SERVES_NEED,UserNeed,香氛养护,product_form,已审核本体规则：艺术家居 / 烛罩 -> 香氛养护,https://www.diptyque-cn.com/p/fresnel-candle-holder.html,derived_from_approved_rule,需求,derived_intent,controlled_ontology_rule
DECORATIONBZHOLDLENS::螺旋玻璃烛罩,螺旋玻璃烛罩,艺术家居,HAS_MATERIAL,Material,玻璃,caracteristics_text,材质：玻璃,https://www.diptyque-cn.com/p/fresnel-candle-holder.html,approved,材质,fact,controlled_source_pattern
DECOTABLE01::托盘S多米诺,托盘S-多米诺,艺术家居,HAS_CARE_INSTRUCTION,CareInstruction,清洁方法,usage_tips_text,建议用皂液及软布清洁，可洗碗机清洗。,https://www.diptyque-cn.com/p/domino-tray-small-model-deco00784.html,approved,保养,fact,controlled_source_pattern
DECOTABLE01::托盘S多米诺,托盘S-多米诺,艺术家居,HAS_FUNCTION,Function,承托,product_form,已审核本体规则：艺术家居 / 托盘 -> 承托,https://www.diptyque-cn.com/p/domino-tray-small-model-deco00784.html,derived_from_approved_rule,功能,derived_intent,controlled_ontology_rule
DECOTABLE01::托盘S多米诺,托盘S-多米诺,艺术家居,HAS_FUNCTION,Function,装饰,product_form,已审核本体规则：艺术家居 / 托盘 -> 装饰,https://www.diptyque-cn.com/p/domino-tray-small-model-deco00784.html,derived_from_approved_rule,功能,derived_intent,controlled_ontology_rule
DECOTABLE01::托盘S多米诺,托盘S-多米诺,艺术家居,SERVES_NEED,UserNeed,家居美化,product_form,已审核本体规则：艺术家居 / 托盘 -> 家居美化,https://www.diptyque-cn.com/p/domino-tray-small-model-deco00784.html,derived_from_approved_rule,需求,derived_intent,controlled_ontology_rule
DECOTABLE01::托盘S多米诺,托盘S-多米诺,艺术家居,HAS_MATERIAL,Material,陶瓷,caracteristics_text,材质：陶瓷,https://www.diptyque-cn.com/p/domino-tray-small-model-deco00784.html,approved,材质,fact,controlled_source_pattern
DECOTABLE02::托盘M飘带,托盘M-飘带,艺术家居,HAS_CARE_INSTRUCTION,CareInstruction,清洁方法,usage_tips_text,建议用皂液及软布清洁，可洗碗机清洗。,https://www.diptyque-cn.com/p/ribbons-tray-medium-model-deco00785.html,approved,保养,fact,controlled_source_pattern
DECOTABLE02::托盘M飘带,托盘M-飘带,艺术家居,HAS_FUNCTION,Function,承托,product_form,已审核本体规则：艺术家居 / 托盘 -> 承托,https://www.diptyque-cn.com/p/ribbons-tray-medium-model-deco00785.html,derived_from_approved_rule,功能,derived_intent,controlled_ontology_rule
DECOTABLE02::托盘M飘带,托盘M-飘带,艺术家居,HAS_FUNCTION,Function,装饰,product_form,已审核本体规则：艺术家居 / 托盘 -> 装饰,https://www.diptyque-cn.com/p/ribbons-tray-medium-model-deco00785.html,derived_from_approved_rule,功能,derived_intent,controlled_ontology_rule
DECOTABLE02::托盘M飘带,托盘M-飘带,艺术家居,SERVES_NEED,UserNeed,家居美化,product_form,已审核本体规则：艺术家居 / 托盘 -> 家居美化,https://www.diptyque-cn.com/p/ribbons-tray-medium-model-deco00785.html,derived_from_approved_rule,需求,derived_intent,controlled_ontology_rule
DECOTABLE02::托盘M飘带,托盘M-飘带,艺术家居,HAS_MATERIAL,Material,陶瓷,caracteristics_text,材质：陶瓷,https://www.diptyque-cn.com/p/ribbons-tray-medium-model-deco00785.html,approved,材质,fact,controlled_source_pattern
DECOTABLE09::风景画陶瓷托盘无花果,风景画陶瓷托盘-无花果,艺术家居,HAS_SCENE,UseScene,旅行,pdp_long_description,重现希腊无花果香氛瓶身的嗅觉风景，展开一段黑白色的旅行回忆。,https://www.diptyque-cn.com/p/panoramic-tray-philosykos.html,approved,场景,fact,controlled_source_pattern
DECOTABLE09::风景画陶瓷托盘无花果,风景画陶瓷托盘-无花果,艺术家居,HAS_CARE_INSTRUCTION,CareInstruction,清洁方法,usage_tips_text,-建议用蘸有少许水分的软布擦拭。,https://www.diptyque-cn.com/p/panoramic-tray-philosykos.html,approved,保养,fact,controlled_source_pattern
DECOTABLE09::风景画陶瓷托盘无花果,风景画陶瓷托盘-无花果,艺术家居,HAS_FUNCTION,Function,承托,product_form,已审核本体规则：艺术家居 / 托盘 -> 承托,https://www.diptyque-cn.com/p/panoramic-tray-philosykos.html,derived_from_approved_rule,功能,derived_intent,controlled_ontology_rule
DECOTABLE09::风景画陶瓷托盘无花果,风景画陶瓷托盘-无花果,艺术家居,HAS_FUNCTION,Function,装饰,product_form,已审核本体规则：艺术家居 / 托盘 -> 装饰,https://www.diptyque-cn.com/p/panoramic-tray-philosykos.html,derived_from_approved_rule,功能,derived_intent,controlled_ontology_rule
DECOTABLE09::风景画陶瓷托盘无花果,风景画陶瓷托盘-无花果,艺术家居,SERVES_NEED,UserNeed,家居美化,product_form,已审核本体规则：艺术家居 / 托盘 -> 家居美化,https://www.diptyque-cn.com/p/panoramic-tray-philosykos.html,derived_from_approved_rule,需求,derived_intent,controlled_ontology_rule
DECOTABLE09::风景画陶瓷托盘无花果,风景画陶瓷托盘-无花果,艺术家居,HAS_MATERIAL,Material,陶瓷,caracteristics_text,材质：陶瓷,https://www.diptyque-cn.com/p/panoramic-tray-philosykos.html,approved,材质,fact,controlled_source_pattern
DECOTABLE10::风景画陶瓷托盘杜桑,风景画陶瓷托盘-杜桑,艺术家居,HAS_SCENE,UseScene,旅行,pdp_long_description,旅行记忆。,https://www.diptyque-cn.com/p/panoramic-tray-do-son.html,approved,场景,fact,controlled_source_pattern
DECOTABLE10::风景画陶瓷托盘杜桑,风景画陶瓷托盘-杜桑,艺术家居,HAS_CARE_INSTRUCTION,CareInstruction,清洁方法,usage_tips_text,-建议用蘸有少许水分的软布擦拭。,https://www.diptyque-cn.com/p/panoramic-tray-do-son.html,approved,保养,fact,controlled_source_pattern
DECOTABLE10::风景画陶瓷托盘杜桑,风景画陶瓷托盘-杜桑,艺术家居,HAS_FUNCTION,Function,承托,product_form,已审核本体规则：艺术家居 / 托盘 -> 承托,https://www.diptyque-cn.com/p/panoramic-tray-do-son.html,derived_from_approved_rule,功能,derived_intent,controlled_ontology_rule
DECOTABLE10::风景画陶瓷托盘杜桑,风景画陶瓷托盘-杜桑,艺术家居,HAS_FUNCTION,Function,装饰,product_form,已审核本体规则：艺术家居 / 托盘 -> 装饰,https://www.diptyque-cn.com/p/panoramic-tray-do-son.html,derived_from_approved_rule,功能,derived_intent,controlled_ontology_rule
DECOTABLE10::风景画陶瓷托盘杜桑,风景画陶瓷托盘-杜桑,艺术家居,SERVES_NEED,UserNeed,家居美化,product_form,已审核本体规则：艺术家居 / 托盘 -> 家居美化,https://www.diptyque-cn.com/p/panoramic-tray-do-son.html,derived_from_approved_rule,需求,derived_intent,controlled_ontology_rule
DECOTABLE10::风景画陶瓷托盘杜桑,风景画陶瓷托盘-杜桑,艺术家居,HAS_MATERIAL,Material,陶瓷,caracteristics_text,材质：陶瓷,https://www.diptyque-cn.com/p/panoramic-tray-do-son.html,approved,材质,fact,controlled_source_pattern
DECOTABLE11::风景画陶瓷托盘玫瑰,风景画陶瓷托盘-玫瑰,艺术家居,HAS_CARE_INSTRUCTION,CareInstruction,清洁方法,usage_tips_text,-建议用蘸有少许水分的软布擦拭。,https://www.diptyque-cn.com/p/panoramic-tray-rose.html,approved,保养,fact,controlled_source_pattern
DECOTABLE11::风景画陶瓷托盘玫瑰,风景画陶瓷托盘-玫瑰,艺术家居,HAS_FUNCTION,Function,承托,product_form,已审核本体规则：艺术家居 / 托盘 -> 承托,https://www.diptyque-cn.com/p/panoramic-tray-rose.html,derived_from_approved_rule,功能,derived_intent,controlled_ontology_rule
DECOTABLE11::风景画陶瓷托盘玫瑰,风景画陶瓷托盘-玫瑰,艺术家居,HAS_FUNCTION,Function,装饰,product_form,已审核本体规则：艺术家居 / 托盘 -> 装饰,https://www.diptyque-cn.com/p/panoramic-tray-rose.html,derived_from_approved_rule,功能,derived_intent,controlled_ontology_rule
DECOTABLE11::风景画陶瓷托盘玫瑰,风景画陶瓷托盘-玫瑰,艺术家居,SERVES_NEED,UserNeed,家居美化,product_form,已审核本体规则：艺术家居 / 托盘 -> 家居美化,https://www.diptyque-cn.com/p/panoramic-tray-rose.html,derived_from_approved_rule,需求,derived_intent,controlled_ontology_rule
DECOTABLE11::风景画陶瓷托盘玫瑰,风景画陶瓷托盘-玫瑰,艺术家居,HAS_MATERIAL,Material,陶瓷,caracteristics_text,材质：陶瓷,https://www.diptyque-cn.com/p/panoramic-tray-rose.html,approved,材质,fact,controlled_source_pattern
DECOVASE01587::全曲线高脚玻璃花瓶,全曲线高脚玻璃花瓶,艺术家居,HAS_CARE_INSTRUCTION,CareInstruction,清洁方法,usage_tips_text,- 建议使用软布及皂液清洁,https://www.diptyque-cn.com/p/torsade-vase.html,approved,保养,fact,controlled_source_pattern
DECOVASE01587::全曲线高脚玻璃花瓶,全曲线高脚玻璃花瓶,艺术家居,HAS_FUNCTION,Function,装饰,product_form,已审核本体规则：艺术家居 / 花瓶 -> 装饰,https://www.diptyque-cn.com/p/torsade-vase.html,derived_from_approved_rule,功能,derived_intent,controlled_ontology_rule
DECOVASE01587::全曲线高脚玻璃花瓶,全曲线高脚玻璃花瓶,艺术家居,SERVES_NEED,UserNeed,家居美化,product_form,已审核本体规则：艺术家居 / 花瓶 -> 家居美化,https://www.diptyque-cn.com/p/torsade-vase.html,derived_from_approved_rule,需求,derived_intent,controlled_ontology_rule
DECOVASE01606::苦橙色蜡质花瓶L,苦橙色蜡质花瓶 L,艺术家居,HAS_SCENE,UseScene,餐桌,story_text,竖纹烛罩以无花果树叶为灵感，通身浸染深邃绿意，为仲夏餐桌增添绿影摇曳的宁静。,https://www.diptyque-cn.com/p/large-wax-vase-orange.html,approved,场景,fact,controlled_source_pattern
DECOVASE01606::苦橙色蜡质花瓶L,苦橙色蜡质花瓶 L,艺术家居,HAS_CARE_INSTRUCTION,CareInstruction,清洁方法,usage_tips_text,- 建议用蘸有少许水分的软布擦拭。,https://www.diptyque-cn.com/p/large-wax-vase-orange.html,approved,保养,fact,controlled_source_pattern
DECOVASE01606::苦橙色蜡质花瓶L,苦橙色蜡质花瓶 L,艺术家居,HAS_FUNCTION,Function,装饰,product_form,已审核本体规则：艺术家居 / 花瓶 -> 装饰,https://www.diptyque-cn.com/p/large-wax-vase-orange.html,derived_from_approved_rule,功能,derived_intent,controlled_ontology_rule
DECOVASE01606::苦橙色蜡质花瓶L,苦橙色蜡质花瓶 L,艺术家居,SERVES_NEED,UserNeed,家居美化,product_form,已审核本体规则：艺术家居 / 花瓶 -> 家居美化,https://www.diptyque-cn.com/p/large-wax-vase-orange.html,derived_from_approved_rule,需求,derived_intent,controlled_ontology_rule
DECOVASE01606::苦橙色蜡质花瓶L,苦橙色蜡质花瓶 L,艺术家居,HAS_MATERIAL,Material,蜡,caracteristics_text,材质：蜡，陶瓷,https://www.diptyque-cn.com/p/large-wax-vase-orange.html,approved,材质,fact,controlled_source_pattern
DECOVASE01606::苦橙色蜡质花瓶L,苦橙色蜡质花瓶 L,艺术家居,HAS_MATERIAL,Material,陶瓷,caracteristics_text,材质：蜡，陶瓷,https://www.diptyque-cn.com/p/large-wax-vase-orange.html,approved,材质,fact,controlled_source_pattern
DECOVIDE-POCHE::托盘L巴西莱,托盘L-巴西莱,艺术家居,HAS_CARE_INSTRUCTION,CareInstruction,清洁方法,usage_tips_text,建议用皂液及软布清洁，可洗碗机清洗。,https://www.diptyque-cn.com/p/basile-tray-large-model-deco00786.html,approved,保养,fact,controlled_source_pattern
DECOVIDE-POCHE::托盘L巴西莱,托盘L-巴西莱,艺术家居,HAS_FUNCTION,Function,承托,product_form,已审核本体规则：艺术家居 / 托盘 -> 承托,https://www.diptyque-cn.com/p/basile-tray-large-model-deco00786.html,derived_from_approved_rule,功能,derived_intent,controlled_ontology_rule
DECOVIDE-POCHE::托盘L巴西莱,托盘L-巴西莱,艺术家居,HAS_FUNCTION,Function,装饰,product_form,已审核本体规则：艺术家居 / 托盘 -> 装饰,https://www.diptyque-cn.com/p/basile-tray-large-model-deco00786.html,derived_from_approved_rule,功能,derived_intent,controlled_ontology_rule
DECOVIDE-POCHE::托盘L巴西莱,托盘L-巴西莱,艺术家居,SERVES_NEED,UserNeed,家居美化,product_form,已审核本体规则：艺术家居 / 托盘 -> 家居美化,https://www.diptyque-cn.com/p/basile-tray-large-model-deco00786.html,derived_from_approved_rule,需求,derived_intent,controlled_ontology_rule
DECOVIDE-POCHE::托盘L巴西莱,托盘L-巴西莱,艺术家居,HAS_MATERIAL,Material,陶瓷,caracteristics_text,材质：陶瓷,https://www.diptyque-cn.com/p/basile-tray-large-model-deco00786.html,approved,材质,fact,controlled_source_pattern
DECOWHITE01::白色蜡质花瓶S,白色蜡质花瓶 S,艺术家居,HAS_CARE_INSTRUCTION,CareInstruction,清洁方法,usage_tips_text,建议用蘸有少许水分的软布擦拭。,https://www.diptyque-cn.com/p/small-wax-vase.html,approved,保养,fact,controlled_source_pattern
DECOWHITE01::白色蜡质花瓶S,白色蜡质花瓶 S,艺术家居,HAS_FUNCTION,Function,装饰,product_form,已审核本体规则：艺术家居 / 花瓶 -> 装饰,https://www.diptyque-cn.com/p/small-wax-vase.html,derived_from_approved_rule,功能,derived_intent,controlled_ontology_rule
DECOWHITE01::白色蜡质花瓶S,白色蜡质花瓶 S,艺术家居,SERVES_NEED,UserNeed,家居美化,product_form,已审核本体规则：艺术家居 / 花瓶 -> 家居美化,https://www.diptyque-cn.com/p/small-wax-vase.html,derived_from_approved_rule,需求,derived_intent,controlled_ontology_rule
DECOWHITE01::白色蜡质花瓶S,白色蜡质花瓶 S,艺术家居,HAS_MATERIAL,Material,蜡,caracteristics_text,材质：蜡，陶瓷,https://www.diptyque-cn.com/p/small-wax-vase.html,approved,材质,fact,controlled_source_pattern
DECOWHITE01::白色蜡质花瓶S,白色蜡质花瓶 S,艺术家居,HAS_MATERIAL,Material,陶瓷,caracteristics_text,材质：蜡，陶瓷,https://www.diptyque-cn.com/p/small-wax-vase.html,approved,材质,fact,controlled_source_pattern
DECOWHITE02::白色蜡质花瓶L,白色蜡质花瓶 L,艺术家居,HAS_CARE_INSTRUCTION,CareInstruction,清洁方法,usage_tips_text,建议用蘸有少许水分的软布擦拭。,https://www.diptyque-cn.com/p/large-wax-vase-manulena-deco00713.html,approved,保养,fact,controlled_source_pattern
DECOWHITE02::白色蜡质花瓶L,白色蜡质花瓶 L,艺术家居,HAS_FUNCTION,Function,装饰,product_form,已审核本体规则：艺术家居 / 花瓶 -> 装饰,https://www.diptyque-cn.com/p/large-wax-vase-manulena-deco00713.html,derived_from_approved_rule,功能,derived_intent,controlled_ontology_rule
DECOWHITE02::白色蜡质花瓶L,白色蜡质花瓶 L,艺术家居,SERVES_NEED,UserNeed,家居美化,product_form,已审核本体规则：艺术家居 / 花瓶 -> 家居美化,https://www.diptyque-cn.com/p/large-wax-vase-manulena-deco00713.html,derived_from_approved_rule,需求,derived_intent,controlled_ontology_rule
DECOWHITE02::白色蜡质花瓶L,白色蜡质花瓶 L,艺术家居,HAS_MATERIAL,Material,蜡,caracteristics_text,材质：蜡，陶瓷,https://www.diptyque-cn.com/p/large-wax-vase-manulena-deco00713.html,approved,材质,fact,controlled_source_pattern
DECOWHITE02::白色蜡质花瓶L,白色蜡质花瓶 L,艺术家居,HAS_MATERIAL,Material,陶瓷,caracteristics_text,材质：蜡，陶瓷,https://www.diptyque-cn.com/p/large-wax-vase-manulena-deco00713.html,approved,材质,fact,controlled_source_pattern
DIPDECO01436::千面光影镜面烛台,千面光影镜面烛台,艺术家居,HAS_CARE_INSTRUCTION,CareInstruction,清洁方法,usage_tips_text,-建议用蘸有少许水分的软布擦拭。,https://www.diptyque-cn.com/p/flames-reflecting-candle-stand.html,approved,保养,fact,controlled_source_pattern
DIPDECO01436::千面光影镜面烛台,千面光影镜面烛台,艺术家居,HAS_FUNCTION,Function,装饰,product_form,已审核本体规则：艺术家居 / 烛台 -> 装饰,https://www.diptyque-cn.com/p/flames-reflecting-candle-stand.html,derived_from_approved_rule,功能,derived_intent,controlled_ontology_rule
DIPDECO01436::千面光影镜面烛台,千面光影镜面烛台,艺术家居,SERVES_NEED,UserNeed,家居美化,product_form,已审核本体规则：艺术家居 / 烛台 -> 家居美化,https://www.diptyque-cn.com/p/flames-reflecting-candle-stand.html,derived_from_approved_rule,需求,derived_intent,controlled_ontology_rule
DIPDECO01436::千面光影镜面烛台,千面光影镜面烛台,艺术家居,HAS_MATERIAL,Material,矿物质,caracteristics_text,材质：黄铜镜面，矿物质底座,https://www.diptyque-cn.com/p/flames-reflecting-candle-stand.html,approved,材质,fact,controlled_source_pattern
DIPDECO01436::千面光影镜面烛台,千面光影镜面烛台,艺术家居,HAS_MATERIAL,Material,黄铜,caracteristics_text,材质：黄铜镜面，矿物质底座,https://www.diptyque-cn.com/p/flames-reflecting-candle-stand.html,approved,材质,fact,controlled_source_pattern
DIPXM25DECO01647::融蜡造型烛台,融蜡造型烛台,艺术家居,HAS_CARE_INSTRUCTION,CareInstruction,清洁方法,usage_tips_text,-建议用蘸有少许水分的软布擦拭。,https://www.diptyque-cn.com/p/holiday-shell-stand-for-candles.html,approved,保养,fact,controlled_source_pattern
DIPXM25DECO01647::融蜡造型烛台,融蜡造型烛台,艺术家居,HAS_FUNCTION,Function,装饰,product_form,已审核本体规则：艺术家居 / 烛台 -> 装饰,https://www.diptyque-cn.com/p/holiday-shell-stand-for-candles.html,derived_from_approved_rule,功能,derived_intent,controlled_ontology_rule
DIPXM25DECO01647::融蜡造型烛台,融蜡造型烛台,艺术家居,SERVES_NEED,UserNeed,家居美化,product_form,已审核本体规则：艺术家居 / 烛台 -> 家居美化,https://www.diptyque-cn.com/p/holiday-shell-stand-for-candles.html,derived_from_approved_rule,需求,derived_intent,controlled_ontology_rule
DIPXM25DECO01647::融蜡造型烛台,融蜡造型烛台,艺术家居,HAS_MATERIAL,Material,釉面陶瓷,caracteristics_text,材质：釉面陶瓷,https://www.diptyque-cn.com/p/holiday-shell-stand-for-candles.html,approved,材质,fact,controlled_source_pattern
DIPXM25LARGEEDPFL::典藏版肌肤之花淡香精,典藏版肌肤之花淡香精,个人香氛,HAS_FUNCTION,Function,留香,product_form,已审核本体规则：个人香氛 / 淡香精 -> 留香,https://www.diptyque-cn.com/p/fleur-de-peau-eau-de-parfum-200ml-holiday.html,derived_from_approved_rule,功能,derived_intent,controlled_ontology_rule
DIPXM25LARGEEDPFL::典藏版肌肤之花淡香精,典藏版肌肤之花淡香精,个人香氛,SERVES_NEED,UserNeed,个人用香,product_form,已审核本体规则：个人香氛 / 淡香精 -> 个人用香,https://www.diptyque-cn.com/p/fleur-de-peau-eau-de-parfum-200ml-holiday.html,derived_from_approved_rule,需求,derived_intent,controlled_ontology_rule
DIPXM25LARGEEDPOR::典藏版奥费恩淡香精,典藏版奥费恩淡香精,个人香氛,HAS_FUNCTION,Function,留香,product_form,已审核本体规则：个人香氛 / 淡香精 -> 留香,https://www.diptyque-cn.com/p/orpheon-eau-de-parfum-200ml-holiday.html,derived_from_approved_rule,功能,derived_intent,controlled_ontology_rule
DIPXM25LARGEEDPOR::典藏版奥费恩淡香精,典藏版奥费恩淡香精,个人香氛,SERVES_NEED,UserNeed,个人用香,product_form,已审核本体规则：个人香氛 / 淡香精 -> 个人用香,https://www.diptyque-cn.com/p/orpheon-eau-de-parfum-200ml-holiday.html,derived_from_approved_rule,需求,derived_intent,controlled_ontology_rule
DRGCERAMWOOL2::雪松木衣物香氛陶瓷补充装,雪松木衣物香氛陶瓷补充装,家居香氛,HAS_FUNCTION,Function,扩香,product_form,已审核本体规则：家居香氛 / 室内香氛 -> 扩香,https://www.diptyque-cn.com/p/refill-ceramic-for-wool-and-delicate-textiles-with-cedarwood.html,derived_from_approved_rule,功能,derived_intent,controlled_ontology_rule
DRGCERAMWOOL2::雪松木衣物香氛陶瓷补充装,雪松木衣物香氛陶瓷补充装,家居香氛,SERVES_NEED,UserNeed,空间氛围,product_form,已审核本体规则：家居香氛 / 室内香氛 -> 空间氛围,https://www.diptyque-cn.com/p/refill-ceramic-for-wool-and-delicate-textiles-with-cedarwood.html,derived_from_approved_rule,需求,derived_intent,controlled_ontology_rule
Dip2022102026::星座玻璃烛罩,星座玻璃烛罩,艺术家居,HAS_CARE_INSTRUCTION,CareInstruction,清洁方法,usage_tips_text,建议用皂液及软布清洁，可洗碗机清洗。,https://www.diptyque-cn.com/p/constellation-candle-holder-decov21068.html,approved,保养,fact,controlled_source_pattern
Dip2022102026::星座玻璃烛罩,星座玻璃烛罩,艺术家居,HAS_FUNCTION,Function,保护烛焰,product_form,已审核本体规则：艺术家居 / 烛罩 -> 保护烛焰,https://www.diptyque-cn.com/p/constellation-candle-holder-decov21068.html,derived_from_approved_rule,功能,derived_intent,controlled_ontology_rule
Dip2022102026::星座玻璃烛罩,星座玻璃烛罩,艺术家居,SERVES_NEED,UserNeed,家居美化,product_form,已审核本体规则：艺术家居 / 烛罩 -> 家居美化,https://www.diptyque-cn.com/p/constellation-candle-holder-decov21068.html,derived_from_approved_rule,需求,derived_intent,controlled_ontology_rule
Dip2022102026::星座玻璃烛罩,星座玻璃烛罩,艺术家居,SERVES_NEED,UserNeed,香氛养护,product_form,已审核本体规则：艺术家居 / 烛罩 -> 香氛养护,https://www.diptyque-cn.com/p/constellation-candle-holder-decov21068.html,derived_from_approved_rule,需求,derived_intent,controlled_ontology_rule
Dip2022102026::星座玻璃烛罩,星座玻璃烛罩,艺术家居,HAS_MATERIAL,Material,玻璃,caracteristics_text,材质：玻璃,https://www.diptyque-cn.com/p/constellation-candle-holder-decov21068.html,approved,材质,fact,controlled_source_pattern
Dip2022102027::字母金属烛罩,字母金属烛罩,艺术家居,HAS_CARE_INSTRUCTION,CareInstruction,清洁方法,usage_tips_text,建议用蘸有少许水分的软布擦拭，保持表面干燥。,https://www.diptyque-cn.com/p/alphabet-candle-holder-deco01069.html,approved,保养,fact,controlled_source_pattern
Dip2022102027::字母金属烛罩,字母金属烛罩,艺术家居,HAS_FUNCTION,Function,保护烛焰,product_form,已审核本体规则：艺术家居 / 烛罩 -> 保护烛焰,https://www.diptyque-cn.com/p/alphabet-candle-holder-deco01069.html,derived_from_approved_rule,功能,derived_intent,controlled_ontology_rule
Dip2022102027::字母金属烛罩,字母金属烛罩,艺术家居,SERVES_NEED,UserNeed,家居美化,product_form,已审核本体规则：艺术家居 / 烛罩 -> 家居美化,https://www.diptyque-cn.com/p/alphabet-candle-holder-deco01069.html,derived_from_approved_rule,需求,derived_intent,controlled_ontology_rule
Dip2022102027::字母金属烛罩,字母金属烛罩,艺术家居,SERVES_NEED,UserNeed,香氛养护,product_form,已审核本体规则：艺术家居 / 烛罩 -> 香氛养护,https://www.diptyque-cn.com/p/alphabet-candle-holder-deco01069.html,derived_from_approved_rule,需求,derived_intent,controlled_ontology_rule
Dip2022102027::字母金属烛罩,字母金属烛罩,艺术家居,HAS_MATERIAL,Material,金属,caracteristics_text,材质：金属,https://www.diptyque-cn.com/p/alphabet-candle-holder-deco01069.html,approved,材质,fact,controlled_source_pattern
Dip2022102028::金字塔玻璃烛罩,金字塔玻璃烛罩,艺术家居,SERVES_NEED,UserNeed,空间氛围,pdp_long_description,烛火在金色的条纹间被反复折射，营造出温暖的节日氛围。,https://www.diptyque-cn.com/p/gold-pyramid-candle-holder-deco01070.html,approved,需求,fact,controlled_source_pattern
Dip2022102028::金字塔玻璃烛罩,金字塔玻璃烛罩,艺术家居,HAS_CARE_INSTRUCTION,CareInstruction,清洁方法,usage_tips_text,建议用蘸有少许水分的软布擦拭。,https://www.diptyque-cn.com/p/gold-pyramid-candle-holder-deco01070.html,approved,保养,fact,controlled_source_pattern
Dip2022102028::金字塔玻璃烛罩,金字塔玻璃烛罩,艺术家居,HAS_FUNCTION,Function,保护烛焰,product_form,已审核本体规则：艺术家居 / 烛罩 -> 保护烛焰,https://www.diptyque-cn.com/p/gold-pyramid-candle-holder-deco01070.html,derived_from_approved_rule,功能,derived_intent,controlled_ontology_rule
Dip2022102028::金字塔玻璃烛罩,金字塔玻璃烛罩,艺术家居,SERVES_NEED,UserNeed,家居美化,product_form,已审核本体规则：艺术家居 / 烛罩 -> 家居美化,https://www.diptyque-cn.com/p/gold-pyramid-candle-holder-deco01070.html,derived_from_approved_rule,需求,derived_intent,controlled_ontology_rule
Dip2022102028::金字塔玻璃烛罩,金字塔玻璃烛罩,艺术家居,SERVES_NEED,UserNeed,香氛养护,product_form,已审核本体规则：艺术家居 / 烛罩 -> 香氛养护,https://www.diptyque-cn.com/p/gold-pyramid-candle-holder-deco01070.html,derived_from_approved_rule,需求,derived_intent,controlled_ontology_rule
Dip2022102028::金字塔玻璃烛罩,金字塔玻璃烛罩,艺术家居,HAS_MATERIAL,Material,硼硅玻璃,caracteristics_text,材质：硼硅玻璃,https://www.diptyque-cn.com/p/gold-pyramid-candle-holder-deco01070.html,approved,材质,fact,controlled_source_pattern
Dip2023DECO01305::金色融蜡陶瓷烛罩,金色融蜡陶瓷烛罩,艺术家居,HAS_CARE_INSTRUCTION,CareInstruction,清洁方法,usage_tips_text,建议用蘸有少许水分的软布擦拭。,https://www.diptyque-cn.com/p/gold-melted-wax-candle-holder-for-classic-candle-deco01305.html,approved,保养,fact,controlled_source_pattern
Dip2023DECO01305::金色融蜡陶瓷烛罩,金色融蜡陶瓷烛罩,艺术家居,HAS_FUNCTION,Function,保护烛焰,product_form,已审核本体规则：艺术家居 / 烛罩 -> 保护烛焰,https://www.diptyque-cn.com/p/gold-melted-wax-candle-holder-for-classic-candle-deco01305.html,derived_from_approved_rule,功能,derived_intent,controlled_ontology_rule
Dip2023DECO01305::金色融蜡陶瓷烛罩,金色融蜡陶瓷烛罩,艺术家居,SERVES_NEED,UserNeed,家居美化,product_form,已审核本体规则：艺术家居 / 烛罩 -> 家居美化,https://www.diptyque-cn.com/p/gold-melted-wax-candle-holder-for-classic-candle-deco01305.html,derived_from_approved_rule,需求,derived_intent,controlled_ontology_rule
Dip2023DECO01305::金色融蜡陶瓷烛罩,金色融蜡陶瓷烛罩,艺术家居,SERVES_NEED,UserNeed,香氛养护,product_form,已审核本体规则：艺术家居 / 烛罩 -> 香氛养护,https://www.diptyque-cn.com/p/gold-melted-wax-candle-holder-for-classic-candle-deco01305.html,derived_from_approved_rule,需求,derived_intent,controlled_ontology_rule
Dip2023DECO01305::金色融蜡陶瓷烛罩,金色融蜡陶瓷烛罩,艺术家居,HAS_MATERIAL,Material,利摩日陶瓷,caracteristics_text,材质：利摩日陶瓷,https://www.diptyque-cn.com/p/gold-melted-wax-candle-holder-for-classic-candle-deco01305.html,approved,材质,fact,controlled_source_pattern
EDP34BEDP75::圣日尔曼大道34号淡香精,圣日尔曼大道34号淡香精,个人香氛,HAS_FUNCTION,Function,留香,product_form,已审核本体规则：个人香氛 / 淡香精 -> 留香,https://www.diptyque-cn.com/p/34-boulevard-saint-germain-eau-de-parfum-1.html,derived_from_approved_rule,功能,derived_intent,controlled_ontology_rule
EDP34BEDP75::圣日尔曼大道34号淡香精,圣日尔曼大道34号淡香精,个人香氛,SERVES_NEED,UserNeed,个人用香,product_form,已审核本体规则：个人香氛 / 淡香精 -> 个人用香,https://www.diptyque-cn.com/p/34-boulevard-saint-germain-eau-de-parfum-1.html,derived_from_approved_rule,需求,derived_intent,controlled_ontology_rule
EDPBOHEMEP75C::波西米亚安息香淡香精,波西米亚安息香淡香精,个人香氛,HAS_FUNCTION,Function,留香,product_form,已审核本体规则：个人香氛 / 淡香精 -> 留香,https://www.diptyque-cn.com/p/benjoin-boheme-eau-de-parfum.html,derived_from_approved_rule,功能,derived_intent,controlled_ontology_rule
EDPBOHEMEP75C::波西米亚安息香淡香精,波西米亚安息香淡香精,个人香氛,SERVES_NEED,UserNeed,个人用香,product_form,已审核本体规则：个人香氛 / 淡香精 -> 个人用香,https://www.diptyque-cn.com/p/benjoin-boheme-eau-de-parfum.html,derived_from_approved_rule,需求,derived_intent,controlled_ontology_rule
EDPBOISCOR100::暖木之息淡香精,暖木之息淡香精,个人香氛,HAS_FUNCTION,Function,留香,product_form,已审核本体规则：个人香氛 / 淡香精 -> 留香,https://www.diptyque-cn.com/p/bois-corse-de-parfum-100ml.html,derived_from_approved_rule,功能,derived_intent,controlled_ontology_rule
EDPBOISCOR100::暖木之息淡香精,暖木之息淡香精,个人香氛,SERVES_NEED,UserNeed,个人用香,product_form,已审核本体规则：个人香氛 / 淡香精 -> 个人用香,https://www.diptyque-cn.com/p/bois-corse-de-parfum-100ml.html,derived_from_approved_rule,需求,derived_intent,controlled_ontology_rule
EDPCAPITAP75C::巴黎之水淡香精,巴黎之水淡香精,个人香氛,HAS_FUNCTION,Function,留香,product_form,已审核本体规则：个人香氛 / 淡香精 -> 留香,https://www.diptyque-cn.com/p/eau-capitale-eau-de-parfum-1.html,derived_from_approved_rule,功能,derived_intent,controlled_ontology_rule
EDPCAPITAP75C::巴黎之水淡香精,巴黎之水淡香精,个人香氛,SERVES_NEED,UserNeed,个人用香,product_form,已审核本体规则：个人香氛 / 淡香精 -> 个人用香,https://www.diptyque-cn.com/p/eau-capitale-eau-de-parfum-1.html,derived_from_approved_rule,需求,derived_intent,controlled_ontology_rule
EDPCOFPARFPMINI::大千之蕴淡香精系列体验套装,大千之蕴淡香精系列体验套装,个人香氛,HAS_FUNCTION,Function,礼赠组合,product_form,已审核本体规则：个人香氛 / 礼盒 -> 礼赠组合,https://www.diptyque-cn.com/p/set-of-5-les-essences-de-parfum.html,derived_from_approved_rule,功能,derived_intent,controlled_ontology_rule
EDPCOFPARFPMINI::大千之蕴淡香精系列体验套装,大千之蕴淡香精系列体验套装,个人香氛,SERVES_NEED,UserNeed,个人用香,product_form,已审核本体规则：个人香氛 / 礼盒 -> 个人用香,https://www.diptyque-cn.com/p/set-of-5-les-essences-de-parfum.html,derived_from_approved_rule,需求,derived_intent,controlled_ontology_rule
EDPCOFPARFPMINI::大千之蕴淡香精系列体验套装,大千之蕴淡香精系列体验套装,个人香氛,SERVES_NEED,UserNeed,送礼,product_form,已审核本体规则：个人香氛 / 礼盒 -> 送礼,https://www.diptyque-cn.com/p/set-of-5-les-essences-de-parfum.html,derived_from_approved_rule,需求,derived_intent,controlled_ontology_rule
EDPCORAIL100::暗影珊瑚淡香精,暗影珊瑚淡香精,个人香氛,HAS_FUNCTION,Function,留香,product_form,已审核本体规则：个人香氛 / 淡香精 -> 留香,https://www.diptyque-cn.com/p/corail-oscuro-de-parfum-100ml.html,derived_from_approved_rule,功能,derived_intent,controlled_ontology_rule
EDPCORAIL100::暗影珊瑚淡香精,暗影珊瑚淡香精,个人香氛,SERVES_NEED,UserNeed,个人用香,product_form,已审核本体规则：个人香氛 / 淡香精 -> 个人用香,https://www.diptyque-cn.com/p/corail-oscuro-de-parfum-100ml.html,derived_from_approved_rule,需求,derived_intent,controlled_ontology_rule
EDPDOSONP75C::杜桑淡香精,杜桑淡香精,个人香氛,HAS_FUNCTION,Function,留香,product_form,已审核本体规则：个人香氛 / 淡香精 -> 留香,https://www.diptyque-cn.com/p/do-son-eau-de-parfum-75ml-1.html,derived_from_approved_rule,功能,derived_intent,controlled_ontology_rule
EDPDOSONP75C::杜桑淡香精,杜桑淡香精,个人香氛,SERVES_NEED,UserNeed,个人用香,product_form,已审核本体规则：个人香氛 / 淡香精 -> 个人用香,https://www.diptyque-cn.com/p/do-son-eau-de-parfum-75ml-1.html,derived_from_approved_rule,需求,derived_intent,controlled_ontology_rule
EDPDUELLEP75C::杜耶尔淡香精,杜耶尔淡香精,个人香氛,HAS_SCENE,UseScene,旅行,pdp_short_description,一首致以旅行的赞歌。,https://www.diptyque-cn.com/p/eau-duelle-eau-de-parfum-75ml-1.html,approved,场景,fact,controlled_source_pattern
EDPDUELLEP75C::杜耶尔淡香精,杜耶尔淡香精,个人香氛,HAS_FUNCTION,Function,留香,product_form,已审核本体规则：个人香氛 / 淡香精 -> 留香,https://www.diptyque-cn.com/p/eau-duelle-eau-de-parfum-75ml-1.html,derived_from_approved_rule,功能,derived_intent,controlled_ontology_rule
EDPDUELLEP75C::杜耶尔淡香精,杜耶尔淡香精,个人香氛,SERVES_NEED,UserNeed,个人用香,product_form,已审核本体规则：个人香氛 / 淡香精 -> 个人用香,https://www.diptyque-cn.com/p/eau-duelle-eau-de-parfum-75ml-1.html,derived_from_approved_rule,需求,derived_intent,controlled_ontology_rule
EDPFLEURP75C::肌肤之花淡香精,肌肤之花淡香精,个人香氛,HAS_FUNCTION,Function,留香,product_form,已审核本体规则：个人香氛 / 淡香精 -> 留香,https://www.diptyque-cn.com/p/fleur-de-peau-eau-de-parfum-1.html,derived_from_approved_rule,功能,derived_intent,controlled_ontology_rule
EDPFLEURP75C::肌肤之花淡香精,肌肤之花淡香精,个人香氛,SERVES_NEED,UserNeed,个人用香,product_form,已审核本体规则：个人香氛 / 淡香精 -> 个人用香,https://www.diptyque-cn.com/p/fleur-de-peau-eau-de-parfum-1.html,derived_from_approved_rule,需求,derived_intent,controlled_ontology_rule
EDPLILYPHEA100::睡莲悠悠淡香精,睡莲悠悠淡香精,个人香氛,HAS_FUNCTION,Function,留香,product_form,已审核本体规则：个人香氛 / 淡香精 -> 留香,https://www.diptyque-cn.com/p/lilyphea-de-parfum-100ml.html,derived_from_approved_rule,功能,derived_intent,controlled_ontology_rule
EDPLILYPHEA100::睡莲悠悠淡香精,睡莲悠悠淡香精,个人香氛,SERVES_NEED,UserNeed,个人用香,product_form,已审核本体规则：个人香氛 / 淡香精 -> 个人用香,https://www.diptyque-cn.com/p/lilyphea-de-parfum-100ml.html,derived_from_approved_rule,需求,derived_intent,controlled_ontology_rule
EDPLUNAMAR100::潮汐月影淡香精,潮汐月影淡香精,个人香氛,HAS_FUNCTION,Function,留香,product_form,已审核本体规则：个人香氛 / 淡香精 -> 留香,https://www.diptyque-cn.com/p/lunamaris-de-parfum-100ml.html,derived_from_approved_rule,功能,derived_intent,controlled_ontology_rule
EDPLUNAMAR100::潮汐月影淡香精,潮汐月影淡香精,个人香氛,SERVES_NEED,UserNeed,个人用香,product_form,已审核本体规则：个人香氛 / 淡香精 -> 个人用香,https://www.diptyque-cn.com/p/lunamaris-de-parfum-100ml.html,derived_from_approved_rule,需求,derived_intent,controlled_ontology_rule
EDPMEASTP75C::旅行之水淡香精,旅行之水淡香精,个人香氛,HAS_SCENE,UseScene,旅行,pdp_short_description,Rihla在阿拉伯语中有“旅行”之意。,https://www.diptyque-cn.com/p/eau-rihla-eau-de-parfum-75ml.html,approved,场景,fact,controlled_source_pattern
EDPMEASTP75C::旅行之水淡香精,旅行之水淡香精,个人香氛,HAS_FUNCTION,Function,留香,product_form,已审核本体规则：个人香氛 / 淡香精 -> 留香,https://www.diptyque-cn.com/p/eau-rihla-eau-de-parfum-75ml.html,derived_from_approved_rule,功能,derived_intent,controlled_ontology_rule
EDPMEASTP75C::旅行之水淡香精,旅行之水淡香精,个人香氛,SERVES_NEED,UserNeed,个人用香,product_form,已审核本体规则：个人香氛 / 淡香精 -> 个人用香,https://www.diptyque-cn.com/p/eau-rihla-eau-de-parfum-75ml.html,derived_from_approved_rule,需求,derived_intent,controlled_ontology_rule
EDPMINTP75C::曼特淡香精,曼特淡香精,个人香氛,HAS_FUNCTION,Function,留香,product_form,已审核本体规则：个人香氛 / 淡香精 -> 留香,https://www.diptyque-cn.com/p/eau-de-parfum-eau-de-minthe-2.html,derived_from_approved_rule,功能,derived_intent,controlled_ontology_rule
EDPMINTP75C::曼特淡香精,曼特淡香精,个人香氛,SERVES_NEED,UserNeed,个人用香,product_form,已审核本体规则：个人香氛 / 淡香精 -> 个人用香,https://www.diptyque-cn.com/p/eau-de-parfum-eau-de-minthe-2.html,derived_from_approved_rule,需求,derived_intent,controlled_ontology_rule
EDPNABATIP75C::天堂花园之水淡香精,天堂花园之水淡香精,个人香氛,HAS_FUNCTION,Function,留香,product_form,已审核本体规则：个人香氛 / 淡香精 -> 留香,https://www.diptyque-cn.com/p/eau-nabati-eau-de-parfum-75ml.html,derived_from_approved_rule,功能,derived_intent,controlled_ontology_rule
EDPNABATIP75C::天堂花园之水淡香精,天堂花园之水淡香精,个人香氛,SERVES_NEED,UserNeed,个人用香,product_form,已审核本体规则：个人香氛 / 淡香精 -> 个人用香,https://www.diptyque-cn.com/p/eau-nabati-eau-de-parfum-75ml.html,derived_from_approved_rule,需求,derived_intent,controlled_ontology_rule
EDPOMBREP75C::影中之水淡香精,影中之水 - 淡香精,个人香氛,HAS_FUNCTION,Function,留香,product_form,已审核本体规则：个人香氛 / 淡香精 -> 留香,https://www.diptyque-cn.com/p/l-ombre-dans-l-eau-eau-de-parfum-75ml-1.html,derived_from_approved_rule,功能,derived_intent,controlled_ontology_rule
EDPOMBREP75C::影中之水淡香精,影中之水 - 淡香精,个人香氛,SERVES_NEED,UserNeed,个人用香,product_form,已审核本体规则：个人香氛 / 淡香精 -> 个人用香,https://www.diptyque-cn.com/p/l-ombre-dans-l-eau-eau-de-parfum-75ml-1.html,derived_from_approved_rule,需求,derived_intent,controlled_ontology_rule
EDPOUDP75C::帕劳乌木香调淡香精,帕劳乌木香调淡香精,个人香氛,HAS_FUNCTION,Function,留香,product_form,已审核本体规则：个人香氛 / 淡香精 -> 留香,https://www.diptyque-cn.com/p/oud-palao-eau-de-parfum-75ml-1.html,derived_from_approved_rule,功能,derived_intent,controlled_ontology_rule
EDPOUDP75C::帕劳乌木香调淡香精,帕劳乌木香调淡香精,个人香氛,SERVES_NEED,UserNeed,个人用香,product_form,已审核本体规则：个人香氛 / 淡香精 -> 个人用香,https://www.diptyque-cn.com/p/oud-palao-eau-de-parfum-75ml-1.html,derived_from_approved_rule,需求,derived_intent,controlled_ontology_rule
EDPPHILOP75C::希腊无花果香调淡香精,希腊无花果香调淡香精,个人香氛,HAS_FUNCTION,Function,留香,product_form,已审核本体规则：个人香氛 / 淡香精 -> 留香,https://www.diptyque-cn.com/p/philosykos-eau-de-parfum-75ml-1.html,derived_from_approved_rule,功能,derived_intent,controlled_ontology_rule
EDPPHILOP75C::希腊无花果香调淡香精,希腊无花果香调淡香精,个人香氛,SERVES_NEED,UserNeed,个人用香,product_form,已审核本体规则：个人香氛 / 淡香精 -> 个人用香,https://www.diptyque-cn.com/p/philosykos-eau-de-parfum-75ml-1.html,derived_from_approved_rule,需求,derived_intent,controlled_ontology_rule
EDPPREM06100::宝石之眼淡香精,宝石之眼淡香精,个人香氛,HAS_FUNCTION,Function,留香,product_form,已审核本体规则：个人香氛 / 淡香精 -> 留香,https://www.diptyque-cn.com/p/premo6100-de-parfum-100ml.html,derived_from_approved_rule,功能,derived_intent,controlled_ontology_rule
EDPPREM06100::宝石之眼淡香精,宝石之眼淡香精,个人香氛,SERVES_NEED,UserNeed,个人用香,product_form,已审核本体规则：个人香氛 / 淡香精 -> 个人用香,https://www.diptyque-cn.com/p/premo6100-de-parfum-100ml.html,derived_from_approved_rule,需求,derived_intent,controlled_ontology_rule
EDPROSEP75C::玫瑰香调淡香精,玫瑰香调淡香精,个人香氛,HAS_FUNCTION,Function,留香,product_form,已审核本体规则：个人香氛 / 淡香精 -> 留香,https://www.diptyque-cn.com/p/eau-de-parfum-eau-rose-75ml.html,derived_from_approved_rule,功能,derived_intent,controlled_ontology_rule
EDPROSEP75C::玫瑰香调淡香精,玫瑰香调淡香精,个人香氛,SERVES_NEED,UserNeed,个人用香,product_form,已审核本体规则：个人香氛 / 淡香精 -> 个人用香,https://www.diptyque-cn.com/p/eau-de-parfum-eau-rose-75ml.html,derived_from_approved_rule,需求,derived_intent,controlled_ontology_rule
EDPROSEROC100::沙漠玫瑰淡香精,沙漠玫瑰淡香精,个人香氛,HAS_FUNCTION,Function,留香,product_form,已审核本体规则：个人香氛 / 淡香精 -> 留香,https://www.diptyque-cn.com/p/rose-roche-de-parfum-100ml.html,derived_from_approved_rule,功能,derived_intent,controlled_ontology_rule
EDPROSEROC100::沙漠玫瑰淡香精,沙漠玫瑰淡香精,个人香氛,SERVES_NEED,UserNeed,个人用香,product_form,已审核本体规则：个人香氛 / 淡香精 -> 个人用香,https://www.diptyque-cn.com/p/rose-roche-de-parfum-100ml.html,derived_from_approved_rule,需求,derived_intent,controlled_ontology_rule
EDPTAMDAOP75C::谭道淡香精,谭道淡香精,个人香氛,HAS_FUNCTION,Function,留香,product_form,已审核本体规则：个人香氛 / 淡香精 -> 留香,https://www.diptyque-cn.com/p/tam-dao-eau-de-parfum-75ml-1.html,derived_from_approved_rule,功能,derived_intent,controlled_ontology_rule
EDPTAMDAOP75C::谭道淡香精,谭道淡香精,个人香氛,SERVES_NEED,UserNeed,个人用香,product_form,已审核本体规则：个人香氛 / 淡香精 -> 个人用香,https://www.diptyque-cn.com/p/tam-dao-eau-de-parfum-75ml-1.html,derived_from_approved_rule,需求,derived_intent,controlled_ontology_rule
EDPTEMPOP75C::旋律淡香精,旋律淡香精,个人香氛,HAS_FUNCTION,Function,留香,product_form,已审核本体规则：个人香氛 / 淡香精 -> 留香,https://www.diptyque-cn.com/p/tempo-eau-de-parfum-1.html,derived_from_approved_rule,功能,derived_intent,controlled_ontology_rule
EDPTEMPOP75C::旋律淡香精,旋律淡香精,个人香氛,SERVES_NEED,UserNeed,个人用香,product_form,已审核本体规则：个人香氛 / 淡香精 -> 个人用香,https://www.diptyque-cn.com/p/tempo-eau-de-parfum-1.html,derived_from_approved_rule,需求,derived_intent,controlled_ontology_rule
EDPVETYP75C::维堤里欧淡香精,维堤里欧淡香精,个人香氛,HAS_FUNCTION,Function,留香,product_form,已审核本体规则：个人香氛 / 淡香精 -> 留香,https://www.diptyque-cn.com/p/vetyverio-eau-de-parfum-75ml-1.html,derived_from_approved_rule,功能,derived_intent,controlled_ontology_rule
EDPVETYP75C::维堤里欧淡香精,维堤里欧淡香精,个人香氛,SERVES_NEED,UserNeed,个人用香,product_form,已审核本体规则：个人香氛 / 淡香精 -> 个人用香,https://www.diptyque-cn.com/p/vetyverio-eau-de-parfum-75ml-1.html,derived_from_approved_rule,需求,derived_intent,controlled_ontology_rule
EDPVOLUTEP75C::维路德淡香精,维路德淡香精,个人香氛,HAS_FUNCTION,Function,留香,product_form,已审核本体规则：个人香氛 / 淡香精 -> 留香,https://www.diptyque-cn.com/p/eau-de-parfum-volutes-2.html,derived_from_approved_rule,功能,derived_intent,controlled_ontology_rule
EDPVOLUTEP75C::维路德淡香精,维路德淡香精,个人香氛,SERVES_NEED,UserNeed,个人用香,product_form,已审核本体规则：个人香氛 / 淡香精 -> 个人用香,https://www.diptyque-cn.com/p/eau-de-parfum-volutes-2.html,derived_from_approved_rule,需求,derived_intent,controlled_ontology_rule
EDT34B::圣日尔曼大道34号淡香水,圣日尔曼大道34号淡香水,个人香氛,HAS_FUNCTION,Function,留香,product_form,已审核本体规则：个人香氛 / 淡香水 -> 留香,https://www.diptyque-cn.com/p/34-boulevard-st-germain-eau-de-toilette-1.html,derived_from_approved_rule,功能,derived_intent,controlled_ontology_rule
EDT34B::圣日尔曼大道34号淡香水,圣日尔曼大道34号淡香水,个人香氛,SERVES_NEED,UserNeed,个人用香,product_form,已审核本体规则：个人香氛 / 淡香水 -> 个人用香,https://www.diptyque-cn.com/p/34-boulevard-st-germain-eau-de-toilette-1.html,derived_from_approved_rule,需求,derived_intent,controlled_ontology_rule
EDTAUTRE100V1::别样淡香水,别样淡香水,个人香氛,HAS_FUNCTION,Function,留香,pdp_long_description,也意味着挚爱的香气萦绕心头，别样的辛香气息轻抚于肌肤。,https://www.diptyque-cn.com/p/eau-de-toilette-lautre-1.html,approved,功能,fact,controlled_source_pattern
EDTAUTRE100V1::别样淡香水,别样淡香水,个人香氛,SERVES_NEED,UserNeed,个人用香,product_form,已审核本体规则：个人香氛 / 淡香水 -> 个人用香,https://www.diptyque-cn.com/p/eau-de-toilette-lautre-1.html,derived_from_approved_rule,需求,derived_intent,controlled_ontology_rule
EDTDOSON::杜桑淡香水,杜桑淡香水,个人香氛,HAS_FUNCTION,Function,扩香,story_text,杜桑精致而馥郁的香气中弥漫着他在越南度过的那段童年回忆，久久难以忘怀。,https://www.diptyque-cn.com/p/do-son-eau-de-toilette-1.html,approved,功能,fact,controlled_source_pattern
EDTDOSON::杜桑淡香水,杜桑淡香水,个人香氛,HAS_FUNCTION,Function,留香,product_form,已审核本体规则：个人香氛 / 淡香水 -> 留香,https://www.diptyque-cn.com/p/do-son-eau-de-toilette-1.html,derived_from_approved_rule,功能,derived_intent,controlled_ontology_rule
EDTDOSON::杜桑淡香水,杜桑淡香水,个人香氛,SERVES_NEED,UserNeed,个人用香,product_form,已审核本体规则：个人香氛 / 淡香水 -> 个人用香,https://www.diptyque-cn.com/p/do-son-eau-de-toilette-1.html,derived_from_approved_rule,需求,derived_intent,controlled_ontology_rule
EDTDUELLE::杜耶尔淡香水,杜耶尔淡香水,个人香氛,HAS_SCENE,UseScene,旅行,story_text,这是一首致以旅行与香草的赞歌。,https://www.diptyque-cn.com/p/eau-de-toilette-eau-duelle-50ml-1.html,approved,场景,fact,controlled_source_pattern
EDTDUELLE::杜耶尔淡香水,杜耶尔淡香水,个人香氛,HAS_FUNCTION,Function,留香,product_form,已审核本体规则：个人香氛 / 淡香水 -> 留香,https://www.diptyque-cn.com/p/eau-de-toilette-eau-duelle-50ml-1.html,derived_from_approved_rule,功能,derived_intent,controlled_ontology_rule
EDTDUELLE::杜耶尔淡香水,杜耶尔淡香水,个人香氛,SERVES_NEED,UserNeed,个人用香,product_form,已审核本体规则：个人香氛 / 淡香水 -> 个人用香,https://www.diptyque-cn.com/p/eau-de-toilette-eau-duelle-50ml-1.html,derived_from_approved_rule,需求,derived_intent,controlled_ontology_rule
EDTEAU100V1::永恒之水淡香水,永恒之水淡香水,个人香氛,HAS_FUNCTION,Function,留香,product_form,已审核本体规则：个人香氛 / 淡香水 -> 留香,https://www.diptyque-cn.com/p/l-eau-eau-de-toilette-1.html,derived_from_approved_rule,功能,derived_intent,controlled_ontology_rule
EDTEAU100V1::永恒之水淡香水,永恒之水淡香水,个人香氛,SERVES_NEED,UserNeed,个人用香,product_form,已审核本体规则：个人香氛 / 淡香水 -> 个人用香,https://www.diptyque-cn.com/p/l-eau-eau-de-toilette-1.html,derived_from_approved_rule,需求,derived_intent,controlled_ontology_rule
EDTFLEUR::肌肤之花淡香水,肌肤之花淡香水,个人香氛,HAS_FUNCTION,Function,留香,product_form,已审核本体规则：个人香氛 / 淡香水 -> 留香,https://www.diptyque-cn.com/p/fleur-de-peau-eau-de-toilette-100ml-1.html,derived_from_approved_rule,功能,derived_intent,controlled_ontology_rule
EDTFLEUR::肌肤之花淡香水,肌肤之花淡香水,个人香氛,SERVES_NEED,UserNeed,个人用香,product_form,已审核本体规则：个人香氛 / 淡香水 -> 个人用香,https://www.diptyque-cn.com/p/fleur-de-peau-eau-de-toilette-100ml-1.html,derived_from_approved_rule,需求,derived_intent,controlled_ontology_rule
EDTGERA100V1::天竺葵香调淡香水,天竺葵香调淡香水,个人香氛,HAS_FUNCTION,Function,留香,product_form,已审核本体规则：个人香氛 / 淡香水 -> 留香,https://www.diptyque-cn.com/p/eau-de-toilette-geranium-odorata-102.html,derived_from_approved_rule,功能,derived_intent,controlled_ontology_rule
EDTGERA100V1::天竺葵香调淡香水,天竺葵香调淡香水,个人香氛,SERVES_NEED,UserNeed,个人用香,product_form,已审核本体规则：个人香氛 / 淡香水 -> 个人用香,https://www.diptyque-cn.com/p/eau-de-toilette-geranium-odorata-102.html,derived_from_approved_rule,需求,derived_intent,controlled_ontology_rule
EDTHESP100V1::海丝佩拉蒂淡香水,海丝佩拉蒂淡香水,个人香氛,HAS_FUNCTION,Function,留香,product_form,已审核本体规则：个人香氛 / 淡香水 -> 留香,https://www.diptyque-cn.com/p/eau-de-toilette-eau-des-hesperides-1.html,derived_from_approved_rule,功能,derived_intent,controlled_ontology_rule
EDTHESP100V1::海丝佩拉蒂淡香水,海丝佩拉蒂淡香水,个人香氛,SERVES_NEED,UserNeed,个人用香,product_form,已审核本体规则：个人香氛 / 淡香水 -> 个人用香,https://www.diptyque-cn.com/p/eau-de-toilette-eau-des-hesperides-1.html,derived_from_approved_rule,需求,derived_intent,controlled_ontology_rule
EDTLENTE100V1::沉静之水淡香水,沉静之水淡香水,个人香氛,SERVES_NEED,UserNeed,放松,pdp_long_description,令人凝神静气、舒缓身心。,https://www.diptyque-cn.com/p/eau-de-toilette-eau-lente-1.html,approved,需求,fact,controlled_source_pattern
EDTLENTE100V1::沉静之水淡香水,沉静之水淡香水,个人香氛,HAS_FUNCTION,Function,留香,product_form,已审核本体规则：个人香氛 / 淡香水 -> 留香,https://www.diptyque-cn.com/p/eau-de-toilette-eau-lente-1.html,derived_from_approved_rule,功能,derived_intent,controlled_ontology_rule
EDTLENTE100V1::沉静之水淡香水,沉静之水淡香水,个人香氛,SERVES_NEED,UserNeed,个人用香,product_form,已审核本体规则：个人香氛 / 淡香水 -> 个人用香,https://www.diptyque-cn.com/p/eau-de-toilette-eau-lente-1.html,derived_from_approved_rule,需求,derived_intent,controlled_ontology_rule
EDTLIERRE::利埃尔淡香水,利埃尔淡香水,个人香氛,HAS_FUNCTION,Function,留香,pdp_long_description,叶片散发的香气、延展开去的根茎的气息，利埃尔淡香水完整诠释了常春藤的香气特征：清新的水润质感，以及藤蔓间汁液渗出的草本香气。,https://www.diptyque-cn.com/p/eau-de-lierre-eau-de-toilette-2021.html,approved,功能,fact,controlled_source_pattern
EDTLIERRE::利埃尔淡香水,利埃尔淡香水,个人香氛,SERVES_NEED,UserNeed,个人用香,product_form,已审核本体规则：个人香氛 / 淡香水 -> 个人用香,https://www.diptyque-cn.com/p/eau-de-lierre-eau-de-toilette-2021.html,derived_from_approved_rule,需求,derived_intent,controlled_ontology_rule
EDTMOHE100V1::依兰香调淡香水,依兰香调淡香水,个人香氛,HAS_FUNCTION,Function,留香,product_form,已审核本体规则：个人香氛 / 淡香水 -> 留香,https://www.diptyque-cn.com/p/eau-de-toilette-eau-moheli-101.html,derived_from_approved_rule,功能,derived_intent,controlled_ontology_rule
EDTMOHE100V1::依兰香调淡香水,依兰香调淡香水,个人香氛,SERVES_NEED,UserNeed,个人用香,product_form,已审核本体规则：个人香氛 / 淡香水 -> 个人用香,https://www.diptyque-cn.com/p/eau-de-toilette-eau-moheli-101.html,derived_from_approved_rule,需求,derived_intent,controlled_ontology_rule
EDTNERO100V1::橙花香调淡香水,橙花香调淡香水,个人香氛,HAS_FUNCTION,Function,留香,product_form,已审核本体规则：个人香氛 / 淡香水 -> 留香,https://www.diptyque-cn.com/p/eau-de-toilette-eau-de-neroli-1.html,derived_from_approved_rule,功能,derived_intent,controlled_ontology_rule
EDTNERO100V1::橙花香调淡香水,橙花香调淡香水,个人香氛,SERVES_NEED,UserNeed,个人用香,product_form,已审核本体规则：个人香氛 / 淡香水 -> 个人用香,https://www.diptyque-cn.com/p/eau-de-toilette-eau-de-neroli-1.html,derived_from_approved_rule,需求,derived_intent,controlled_ontology_rule
EDTOFRESIA100V1::小苍兰香调淡香水,小苍兰香调淡香水,个人香氛,HAS_FUNCTION,Function,留香,pdp_short_description,在花园小径蜿蜒的一处，小苍兰如瀑布般茂盛，花朵散发的香气，微妙的介于青翠与嫩白之间。,https://www.diptyque-cn.com/p/eau-de-toilette-ofresia-1.html,approved,功能,fact,controlled_source_pattern
EDTOFRESIA100V1::小苍兰香调淡香水,小苍兰香调淡香水,个人香氛,SERVES_NEED,UserNeed,个人用香,product_form,已审核本体规则：个人香氛 / 淡香水 -> 个人用香,https://www.diptyque-cn.com/p/eau-de-toilette-ofresia-1.html,derived_from_approved_rule,需求,derived_intent,controlled_ontology_rule
EDTOLENE::奥利恩淡香水,奥利恩淡香水,个人香氛,HAS_FUNCTION,Function,留香,product_form,已审核本体规则：个人香氛 / 淡香水 -> 留香,https://www.diptyque-cn.com/p/olene-eau-de-toilette-100ml-1.html,derived_from_approved_rule,功能,derived_intent,controlled_ontology_rule
EDTOLENE::奥利恩淡香水,奥利恩淡香水,个人香氛,SERVES_NEED,UserNeed,个人用香,product_form,已审核本体规则：个人香氛 / 淡香水 -> 个人用香,https://www.diptyque-cn.com/p/olene-eau-de-toilette-100ml-1.html,derived_from_approved_rule,需求,derived_intent,controlled_ontology_rule
EDTOMBRE::影中之水淡香水,影中之水 - 淡香水,个人香氛,HAS_FUNCTION,Function,留香,product_form,已审核本体规则：个人香氛 / 淡香水 -> 留香,https://www.diptyque-cn.com/p/l-ombre-dans-l-eau-eau-de-toilette-1.html,derived_from_approved_rule,功能,derived_intent,controlled_ontology_rule
EDTOMBRE::影中之水淡香水,影中之水 - 淡香水,个人香氛,SERVES_NEED,UserNeed,个人用香,product_form,已审核本体规则：个人香氛 / 淡香水 -> 个人用香,https://www.diptyque-cn.com/p/l-ombre-dans-l-eau-eau-de-toilette-1.html,derived_from_approved_rule,需求,derived_intent,controlled_ontology_rule
EDTORPHEDT100::奥费恩淡香水,奥费恩淡香水,个人香氛,HAS_FUNCTION,Function,留香,product_form,已审核本体规则：个人香氛 / 淡香水 -> 留香,https://www.diptyque-cn.com/p/orpheon-eau-de-toilette-100ml.html,derived_from_approved_rule,功能,derived_intent,controlled_ontology_rule
EDTORPHEDT100::奥费恩淡香水,奥费恩淡香水,个人香氛,SERVES_NEED,UserNeed,个人用香,product_form,已审核本体规则：个人香氛 / 淡香水 -> 个人用香,https://www.diptyque-cn.com/p/orpheon-eau-de-toilette-100ml.html,derived_from_approved_rule,需求,derived_intent,controlled_ontology_rule
EDTOYEDO::东京淡香水,东京淡香水,个人香氛,HAS_FUNCTION,Function,留香,product_form,已审核本体规则：个人香氛 / 淡香水 -> 留香,https://www.diptyque-cn.com/p/oyedo-eau-de-toilette-1.html,derived_from_approved_rule,功能,derived_intent,controlled_ontology_rule
EDTOYEDO::东京淡香水,东京淡香水,个人香氛,SERVES_NEED,UserNeed,个人用香,product_form,已审核本体规则：个人香氛 / 淡香水 -> 个人用香,https://www.diptyque-cn.com/p/oyedo-eau-de-toilette-1.html,derived_from_approved_rule,需求,derived_intent,controlled_ontology_rule
EDTPAPIER::纸上淡香水,纸上淡香水,个人香氛,HAS_FUNCTION,Function,留香,product_form,已审核本体规则：个人香氛 / 淡香水 -> 留香,https://www.diptyque-cn.com/p/eau-papier-eau-de-toilette-100ml.html,derived_from_approved_rule,功能,derived_intent,controlled_ontology_rule
EDTPAPIER::纸上淡香水,纸上淡香水,个人香氛,SERVES_NEED,UserNeed,个人用香,product_form,已审核本体规则：个人香氛 / 淡香水 -> 个人用香,https://www.diptyque-cn.com/p/eau-papier-eau-de-toilette-100ml.html,derived_from_approved_rule,需求,derived_intent,controlled_ontology_rule
EDTPHILO::希腊无花果香调淡香水,希腊无花果香调淡香水,个人香氛,HAS_SCENE,UseScene,旅行,story_text,「Philosykos」在希腊文中意为「无花果树的朋友」，其灵感源自于将无花果的枝叶珍藏于盒中带回的旅行记忆。,https://www.diptyque-cn.com/p/eau-de-toilette-philosykos-100ml-1.html,approved,场景,fact,controlled_source_pattern
EDTPHILO::希腊无花果香调淡香水,希腊无花果香调淡香水,个人香氛,HAS_FUNCTION,Function,留香,product_form,已审核本体规则：个人香氛 / 淡香水 -> 留香,https://www.diptyque-cn.com/p/eau-de-toilette-philosykos-100ml-1.html,derived_from_approved_rule,功能,derived_intent,controlled_ontology_rule
EDTPHILO::希腊无花果香调淡香水,希腊无花果香调淡香水,个人香氛,SERVES_NEED,UserNeed,个人用香,product_form,已审核本体规则：个人香氛 / 淡香水 -> 个人用香,https://www.diptyque-cn.com/p/eau-de-toilette-philosykos-100ml-1.html,derived_from_approved_rule,需求,derived_intent,controlled_ontology_rule
EDTROSE::玫瑰香调淡香水,玫瑰香调淡香水,个人香氛,HAS_FUNCTION,Function,留香,product_form,已审核本体规则：个人香氛 / 淡香水 -> 留香,https://www.diptyque-cn.com/p/eau-de-toilette-eau-rose-102.html,derived_from_approved_rule,功能,derived_intent,controlled_ontology_rule
EDTROSE::玫瑰香调淡香水,玫瑰香调淡香水,个人香氛,SERVES_NEED,UserNeed,个人用香,product_form,已审核本体规则：个人香氛 / 淡香水 -> 个人用香,https://www.diptyque-cn.com/p/eau-de-toilette-eau-rose-102.html,derived_from_approved_rule,需求,derived_intent,controlled_ontology_rule
EDTSENS::感官之水淡香水,感官之水淡香水,个人香氛,HAS_FUNCTION,Function,留香,story_text,感官之水散发令人百感交集、难以捉摸的沁香。它给予肌肤温柔的轻抚，仿佛触手可得。它的香气激发无限的感官体验。,https://www.diptyque-cn.com/p/eau-de-toilette-eau-des-sens-100ml-1.html,approved,功能,fact,controlled_source_pattern
EDTSENS::感官之水淡香水,感官之水淡香水,个人香氛,SERVES_NEED,UserNeed,个人用香,product_form,已审核本体规则：个人香氛 / 淡香水 -> 个人用香,https://www.diptyque-cn.com/p/eau-de-toilette-eau-des-sens-100ml-1.html,derived_from_approved_rule,需求,derived_intent,controlled_ontology_rule
EDTSET5::淡香水礼盒五支装,淡香水礼盒五支装,个人香氛,HAS_FUNCTION,Function,礼赠组合,product_form,已审核本体规则：个人香氛 / 淡香水礼盒 -> 礼赠组合,https://www.diptyque-cn.com/p/discovery-set-of-5-eaux-de-toilette-1.html,derived_from_approved_rule,功能,derived_intent,controlled_ontology_rule
EDTSET5::淡香水礼盒五支装,淡香水礼盒五支装,个人香氛,SERVES_NEED,UserNeed,个人用香,product_form,已审核本体规则：个人香氛 / 淡香水礼盒 -> 个人用香,https://www.diptyque-cn.com/p/discovery-set-of-5-eaux-de-toilette-1.html,derived_from_approved_rule,需求,derived_intent,controlled_ontology_rule
EDTSET5::淡香水礼盒五支装,淡香水礼盒五支装,个人香氛,SERVES_NEED,UserNeed,送礼,product_form,已审核本体规则：个人香氛 / 淡香水礼盒 -> 送礼,https://www.diptyque-cn.com/p/discovery-set-of-5-eaux-de-toilette-1.html,derived_from_approved_rule,需求,derived_intent,controlled_ontology_rule
EDTSUM26SENS100::感官之水淡香水（限量版）,感官之水淡香水（限量版）,个人香氛,HAS_FUNCTION,Function,留香,product_form,已审核本体规则：个人香氛 / 淡香水 -> 留香,https://www.diptyque-cn.com/p/eau-de-toilette-eau-des-sum26sens-100ml-1.html,derived_from_approved_rule,功能,derived_intent,controlled_ontology_rule
EDTSUM26SENS100::感官之水淡香水（限量版）,感官之水淡香水（限量版）,个人香氛,SERVES_NEED,UserNeed,个人用香,product_form,已审核本体规则：个人香氛 / 淡香水 -> 个人用香,https://www.diptyque-cn.com/p/eau-de-toilette-eau-des-sum26sens-100ml-1.html,derived_from_approved_rule,需求,derived_intent,controlled_ontology_rule
EDTTAMDAO::谭道淡香水,谭道淡香水,个人香氛,HAS_FUNCTION,Function,留香,product_form,已审核本体规则：个人香氛 / 淡香水 -> 留香,https://www.diptyque-cn.com/p/tam-dao-eau-de-toilette-1.html,derived_from_approved_rule,功能,derived_intent,controlled_ontology_rule
EDTTAMDAO::谭道淡香水,谭道淡香水,个人香氛,SERVES_NEED,UserNeed,个人用香,product_form,已审核本体规则：个人香氛 / 淡香水 -> 个人用香,https://www.diptyque-cn.com/p/tam-dao-eau-de-toilette-1.html,derived_from_approved_rule,需求,derived_intent,controlled_ontology_rule
EDTTROIS100V1::三重水淡香水,三重水淡香水,个人香氛,HAS_FUNCTION,Function,留香,product_form,已审核本体规则：个人香氛 / 淡香水 -> 留香,https://www.diptyque-cn.com/p/edt-trois-fl-101.html,derived_from_approved_rule,功能,derived_intent,controlled_ontology_rule
EDTTROIS100V1::三重水淡香水,三重水淡香水,个人香氛,SERVES_NEED,UserNeed,个人用香,product_form,已审核本体规则：个人香氛 / 淡香水 -> 个人用香,https://www.diptyque-cn.com/p/edt-trois-fl-101.html,derived_from_approved_rule,需求,derived_intent,controlled_ontology_rule
EDTVETY::维堤里欧淡香水,维堤里欧淡香水,个人香氛,HAS_FUNCTION,Function,留香,product_form,已审核本体规则：个人香氛 / 淡香水 -> 留香,https://www.diptyque-cn.com/p/edt-ml-101.html,derived_from_approved_rule,功能,derived_intent,controlled_ontology_rule
EDTVETY::维堤里欧淡香水,维堤里欧淡香水,个人香氛,SERVES_NEED,UserNeed,个人用香,product_form,已审核本体规则：个人香氛 / 淡香水 -> 个人用香,https://www.diptyque-cn.com/p/edt-ml-101.html,derived_from_approved_rule,需求,derived_intent,controlled_ontology_rule
HAIRMIST1::巴黎之水发香喷雾,巴黎之水发香喷雾,个人香氛,HAS_FUNCTION,Function,发丝留香,product_form,已审核本体规则：个人香氛 / 发香喷雾 -> 发丝留香,https://www.diptyque-cn.com/p/eau-capitale-hair-mist.html,derived_from_approved_rule,功能,derived_intent,controlled_ontology_rule
HAIRMIST1::巴黎之水发香喷雾,巴黎之水发香喷雾,个人香氛,SERVES_NEED,UserNeed,个人用香,product_form,已审核本体规则：个人香氛 / 发香喷雾 -> 个人用香,https://www.diptyque-cn.com/p/eau-capitale-hair-mist.html,derived_from_approved_rule,需求,derived_intent,controlled_ontology_rule
HAIRMIST1::巴黎之水发香喷雾,巴黎之水发香喷雾,个人香氛,SERVES_NEED,UserNeed,便携使用,product_form,已审核本体规则：个人香氛 / 发香喷雾 -> 便携使用,https://www.diptyque-cn.com/p/eau-capitale-hair-mist.html,derived_from_approved_rule,需求,derived_intent,controlled_ontology_rule
HAIRMIST2::感官之水发香喷雾,感官之水发香喷雾,个人香氛,HAS_FUNCTION,Function,发丝留香,product_form,已审核本体规则：个人香氛 / 发香喷雾 -> 发丝留香,https://www.diptyque-cn.com/p/eau-des-sens-hair-mist-1.html,derived_from_approved_rule,功能,derived_intent,controlled_ontology_rule
HAIRMIST2::感官之水发香喷雾,感官之水发香喷雾,个人香氛,SERVES_NEED,UserNeed,个人用香,product_form,已审核本体规则：个人香氛 / 发香喷雾 -> 个人用香,https://www.diptyque-cn.com/p/eau-des-sens-hair-mist-1.html,derived_from_approved_rule,需求,derived_intent,controlled_ontology_rule
HAIRMIST2::感官之水发香喷雾,感官之水发香喷雾,个人香氛,SERVES_NEED,UserNeed,便携使用,product_form,已审核本体规则：个人香氛 / 发香喷雾 -> 便携使用,https://www.diptyque-cn.com/p/eau-des-sens-hair-mist-1.html,derived_from_approved_rule,需求,derived_intent,controlled_ontology_rule
HAIRMIST3::玫瑰香调发香喷雾,玫瑰香调发香喷雾,个人香氛,HAS_FUNCTION,Function,发丝留香,product_form,已审核本体规则：个人香氛 / 发香喷雾 -> 发丝留香,https://www.diptyque-cn.com/p/parfum-pour-les-cheveux-eau-rose-1.html,derived_from_approved_rule,功能,derived_intent,controlled_ontology_rule
HAIRMIST3::玫瑰香调发香喷雾,玫瑰香调发香喷雾,个人香氛,SERVES_NEED,UserNeed,个人用香,product_form,已审核本体规则：个人香氛 / 发香喷雾 -> 个人用香,https://www.diptyque-cn.com/p/parfum-pour-les-cheveux-eau-rose-1.html,derived_from_approved_rule,需求,derived_intent,controlled_ontology_rule
HAIRMIST3::玫瑰香调发香喷雾,玫瑰香调发香喷雾,个人香氛,SERVES_NEED,UserNeed,便携使用,product_form,已审核本体规则：个人香氛 / 发香喷雾 -> 便携使用,https://www.diptyque-cn.com/p/parfum-pour-les-cheveux-eau-rose-1.html,derived_from_approved_rule,需求,derived_intent,controlled_ontology_rule
HAIRMIST4::杜桑发香喷雾,杜桑发香喷雾,个人香氛,HAS_FUNCTION,Function,发丝留香,product_form,已审核本体规则：个人香氛 / 发香喷雾 -> 发丝留香,https://www.diptyque-cn.com/p/do-son-hair-mist-1.html,derived_from_approved_rule,功能,derived_intent,controlled_ontology_rule
HAIRMIST4::杜桑发香喷雾,杜桑发香喷雾,个人香氛,SERVES_NEED,UserNeed,个人用香,product_form,已审核本体规则：个人香氛 / 发香喷雾 -> 个人用香,https://www.diptyque-cn.com/p/do-son-hair-mist-1.html,derived_from_approved_rule,需求,derived_intent,controlled_ontology_rule
HAIRMIST4::杜桑发香喷雾,杜桑发香喷雾,个人香氛,SERVES_NEED,UserNeed,便携使用,product_form,已审核本体规则：个人香氛 / 发香喷雾 -> 便携使用,https://www.diptyque-cn.com/p/do-son-hair-mist-1.html,derived_from_approved_rule,需求,derived_intent,controlled_ontology_rule
HAIRMIST6::纸上发香喷雾,纸上发香喷雾,个人香氛,SERVES_NEED,UserNeed,便携使用,pdp_long_description,轻盈细腻的发香喷雾为发丝营造了一层几乎无法触及但滋养的薄纱，为香氛日常添加了美好的一环，随时随地令发丝散发迷人气息。,https://www.diptyque-cn.com/p/papier-hair-mist.html,approved,需求,fact,controlled_source_pattern
HAIRMIST6::纸上发香喷雾,纸上发香喷雾,个人香氛,HAS_FUNCTION,Function,发丝留香,product_form,已审核本体规则：个人香氛 / 发香喷雾 -> 发丝留香,https://www.diptyque-cn.com/p/papier-hair-mist.html,derived_from_approved_rule,功能,derived_intent,controlled_ontology_rule
HAIRMIST6::纸上发香喷雾,纸上发香喷雾,个人香氛,SERVES_NEED,UserNeed,个人用香,product_form,已审核本体规则：个人香氛 / 发香喷雾 -> 个人用香,https://www.diptyque-cn.com/p/papier-hair-mist.html,derived_from_approved_rule,需求,derived_intent,controlled_ontology_rule
HAIRMIST7::希腊无花果香调发香喷雾,希腊无花果香调发香喷雾,个人香氛,HAS_FUNCTION,Function,留香,story_text,轻盈细腻的发香喷雾，在秀发上留下一层轻若无物却又馥郁芬芳的香气面纱。,https://www.diptyque-cn.com/p/philohmist-hair-mist.html,approved,功能,fact,controlled_source_pattern
HAIRMIST7::希腊无花果香调发香喷雾,希腊无花果香调发香喷雾,个人香氛,HAS_FUNCTION,Function,发丝留香,product_form,已审核本体规则：个人香氛 / 发香喷雾 -> 发丝留香,https://www.diptyque-cn.com/p/philohmist-hair-mist.html,derived_from_approved_rule,功能,derived_intent,controlled_ontology_rule
HAIRMIST7::希腊无花果香调发香喷雾,希腊无花果香调发香喷雾,个人香氛,SERVES_NEED,UserNeed,个人用香,product_form,已审核本体规则：个人香氛 / 发香喷雾 -> 个人用香,https://www.diptyque-cn.com/p/philohmist-hair-mist.html,derived_from_approved_rule,需求,derived_intent,controlled_ontology_rule
HAIRMIST7::希腊无花果香调发香喷雾,希腊无花果香调发香喷雾,个人香氛,SERVES_NEED,UserNeed,便携使用,product_form,已审核本体规则：个人香氛 / 发香喷雾 -> 便携使用,https://www.diptyque-cn.com/p/philohmist-hair-mist.html,derived_from_approved_rule,需求,derived_intent,controlled_ontology_rule
HAIRMIST::肌肤之花发香喷雾,肌肤之花发香喷雾,个人香氛,SERVES_NEED,UserNeed,便携使用,pdp_long_description,肌肤之花发香喷雾轻盈而细腻，为香氛日常添加了美好的一环，随时随地令发丝散发迷人气息。,https://www.diptyque-cn.com/p/fleur-de-peau-hair-mist.html,approved,需求,fact,controlled_source_pattern
HAIRMIST::肌肤之花发香喷雾,肌肤之花发香喷雾,个人香氛,HAS_FUNCTION,Function,发丝留香,product_form,已审核本体规则：个人香氛 / 发香喷雾 -> 发丝留香,https://www.diptyque-cn.com/p/fleur-de-peau-hair-mist.html,derived_from_approved_rule,功能,derived_intent,controlled_ontology_rule
HAIRMIST::肌肤之花发香喷雾,肌肤之花发香喷雾,个人香氛,SERVES_NEED,UserNeed,个人用香,product_form,已审核本体规则：个人香氛 / 发香喷雾 -> 个人用香,https://www.diptyque-cn.com/p/fleur-de-peau-hair-mist.html,derived_from_approved_rule,需求,derived_intent,controlled_ontology_rule
HAIRORPHHMIST::奥费恩发香喷雾,奥费恩发香喷雾,个人香氛,HAS_FUNCTION,Function,留香,formule_text,留下雪松、香豆与杜松子交织而成的木质香气。,https://www.diptyque-cn.com/p/orphhmist-hair-mist.html,approved,功能,fact,controlled_source_pattern
HAIRORPHHMIST::奥费恩发香喷雾,奥费恩发香喷雾,个人香氛,HAS_FUNCTION,Function,发丝留香,product_form,已审核本体规则：个人香氛 / 发香喷雾 -> 发丝留香,https://www.diptyque-cn.com/p/orphhmist-hair-mist.html,derived_from_approved_rule,功能,derived_intent,controlled_ontology_rule
HAIRORPHHMIST::奥费恩发香喷雾,奥费恩发香喷雾,个人香氛,SERVES_NEED,UserNeed,个人用香,product_form,已审核本体规则：个人香氛 / 发香喷雾 -> 个人用香,https://www.diptyque-cn.com/p/orphhmist-hair-mist.html,derived_from_approved_rule,需求,derived_intent,controlled_ontology_rule
HAIRORPHHMIST::奥费恩发香喷雾,奥费恩发香喷雾,个人香氛,SERVES_NEED,UserNeed,便携使用,product_form,已审核本体规则：个人香氛 / 发香喷雾 -> 便携使用,https://www.diptyque-cn.com/p/orphhmist-hair-mist.html,derived_from_approved_rule,需求,derived_intent,controlled_ontology_rule
HANDCRE1::玫瑰香调护手霜,玫瑰香调护手霜,身体护理,HAS_FUNCTION,Function,润肤,product_form,已审核本体规则：身体护理 / 护手霜 -> 润肤,https://www.diptyque-cn.com/p/eau-rose-hand-cream-1.html,derived_from_approved_rule,功能,derived_intent,controlled_ontology_rule
HANDCRE1::玫瑰香调护手霜,玫瑰香调护手霜,身体护理,SERVES_NEED,UserNeed,肌肤护理,product_form,已审核本体规则：身体护理 / 护手霜 -> 肌肤护理,https://www.diptyque-cn.com/p/eau-rose-hand-cream-1.html,derived_from_approved_rule,需求,derived_intent,controlled_ontology_rule
HANDCRE2::杜桑护手霜,杜桑护手霜,身体护理,HAS_FUNCTION,Function,润肤,product_form,已审核本体规则：身体护理 / 护手霜 -> 润肤,https://www.diptyque-cn.com/p/do-son-hand-cream-45-ml-1.html,derived_from_approved_rule,功能,derived_intent,controlled_ontology_rule
HANDCRE2::杜桑护手霜,杜桑护手霜,身体护理,SERVES_NEED,UserNeed,肌肤护理,product_form,已审核本体规则：身体护理 / 护手霜 -> 肌肤护理,https://www.diptyque-cn.com/p/do-son-hand-cream-45-ml-1.html,derived_from_approved_rule,需求,derived_intent,controlled_ontology_rule
HANDCRE3::巴黎之水护手霜,巴黎之水护手霜,身体护理,HAS_FUNCTION,Function,润肤,product_form,已审核本体规则：身体护理 / 护手霜 -> 润肤,https://www.diptyque-cn.com/p/creme-de-parfum-pour-les-mains-eau-capitale-45-ml-1.html,derived_from_approved_rule,功能,derived_intent,controlled_ontology_rule
HANDCRE3::巴黎之水护手霜,巴黎之水护手霜,身体护理,SERVES_NEED,UserNeed,肌肤护理,product_form,已审核本体规则：身体护理 / 护手霜 -> 肌肤护理,https://www.diptyque-cn.com/p/creme-de-parfum-pour-les-mains-eau-capitale-45-ml-1.html,derived_from_approved_rule,需求,derived_intent,controlled_ontology_rule
HANDCRE4::肌肤之花护手霜,肌肤之花护手霜,身体护理,HAS_FUNCTION,Function,润肤,product_form,已审核本体规则：身体护理 / 护手霜 -> 润肤,https://www.diptyque-cn.com/p/fleur-de-peau-hand-cream-45-ml-1.html,derived_from_approved_rule,功能,derived_intent,controlled_ontology_rule
HANDCRE4::肌肤之花护手霜,肌肤之花护手霜,身体护理,SERVES_NEED,UserNeed,肌肤护理,product_form,已审核本体规则：身体护理 / 护手霜 -> 肌肤护理,https://www.diptyque-cn.com/p/fleur-de-peau-hand-cream-45-ml-1.html,derived_from_approved_rule,需求,derived_intent,controlled_ontology_rule
HANDCREBAUMEMAIN3::柔滑护手霜,柔滑护手霜,身体护理,HAS_FUNCTION,Function,润肤,formule_text,这是一种卓越的润肤成分，质感清爽不粘腻，适合脆弱、干燥肌肤。,https://www.diptyque-cn.com/p/luxurious-hand-balm-45ml-3.html,approved,功能,fact,controlled_source_pattern
HANDCREBAUMEMAIN3::柔滑护手霜,柔滑护手霜,身体护理,HAS_FUNCTION,Function,留香,formule_text,香气： 多汁的杏桃散发清新香气，并由犹如杏仁般柔滑的香豆气息所包覆。,https://www.diptyque-cn.com/p/luxurious-hand-balm-45ml-3.html,approved,功能,fact,controlled_source_pattern
HANDCREBAUMEMAIN3::柔滑护手霜,柔滑护手霜,身体护理,SERVES_NEED,UserNeed,肌肤护理,product_form,已审核本体规则：身体护理 / 护手霜 -> 肌肤护理,https://www.diptyque-cn.com/p/luxurious-hand-balm-45ml-3.html,derived_from_approved_rule,需求,derived_intent,controlled_ontology_rule
HANDLOT1::丝绒护手乳,丝绒护手乳,身体护理,HAS_FUNCTION,Function,润肤,product_form,已审核本体规则：身体护理 / 护手乳 -> 润肤,https://www.diptyque-cn.com/p/velvet-hand-lotion-glass-1.html,derived_from_approved_rule,功能,derived_intent,controlled_ontology_rule
HANDLOT1::丝绒护手乳,丝绒护手乳,身体护理,SERVES_NEED,UserNeed,肌肤护理,product_form,已审核本体规则：身体护理 / 护手乳 -> 肌肤护理,https://www.diptyque-cn.com/p/velvet-hand-lotion-glass-1.html,derived_from_approved_rule,需求,derived_intent,controlled_ontology_rule
HANDLOT2::丝绒护手乳补充装,丝绒护手乳补充装,身体护理,HAS_FUNCTION,Function,润肤,product_form,已审核本体规则：身体护理 / 护手乳 -> 润肤,https://www.diptyque-cn.com/p/refill-velvet-hand-lotion-1.html,derived_from_approved_rule,功能,derived_intent,controlled_ontology_rule
HANDLOT2::丝绒护手乳补充装,丝绒护手乳补充装,身体护理,SERVES_NEED,UserNeed,肌肤护理,product_form,已审核本体规则：身体护理 / 护手乳 -> 肌肤护理,https://www.diptyque-cn.com/p/refill-velvet-hand-lotion-1.html,derived_from_approved_rule,需求,derived_intent,controlled_ontology_rule
HANDORPHHCREAM::奥费恩香氛护手霜,奥费恩香氛护手霜,身体护理,HAS_FUNCTION,Function,润肤,product_form,已审核本体规则：身体护理 / 护手霜 -> 润肤,https://www.diptyque-cn.com/p/orphhcream-hand-cream-1.html,derived_from_approved_rule,功能,derived_intent,controlled_ontology_rule
HANDORPHHCREAM::奥费恩香氛护手霜,奥费恩香氛护手霜,身体护理,SERVES_NEED,UserNeed,肌肤护理,product_form,已审核本体规则：身体护理 / 护手霜 -> 肌肤护理,https://www.diptyque-cn.com/p/orphhcream-hand-cream-1.html,derived_from_approved_rule,需求,derived_intent,controlled_ontology_rule
HBSGELCN::佛手柑香调赋活洁肤露,佛手柑香调赋活洁肤露,身体护理,HAS_FUNCTION,Function,洁肤,pdp_short_description,清洁肌肤的同时，更唤醒身心、激发灵感想象，仿佛听见意大利卡拉布里亚瀑布的回响。,https://www.diptyque-cn.com/p/cleansing-hand-and-body-gel.html,approved,功能,fact,controlled_source_pattern
HBSGELCN::佛手柑香调赋活洁肤露,佛手柑香调赋活洁肤露,身体护理,SERVES_NEED,UserNeed,肌肤护理,product_form,已审核本体规则：身体护理 / 洁肤露 -> 肌肤护理,https://www.diptyque-cn.com/p/cleansing-hand-and-body-gel.html,derived_from_approved_rule,需求,derived_intent,controlled_ontology_rule
HOMECANDLEPWT1::金色烛芯修剪器,金色烛芯修剪器,家居香氛,HAS_CARE_INSTRUCTION,CareInstruction,修剪烛芯,pdp_short_description,此款专业的烛芯修剪器用于定期修剪烛芯，确保蜡烛在整个使用过程中达到最佳燃烧状态，并预防黑烟产生。,https://www.diptyque-cn.com/p/gold-wick-trimmer-for-candles.html,approved,保养,fact,controlled_source_pattern
HOMECANDLEPWT1::金色烛芯修剪器,金色烛芯修剪器,家居香氛,HAS_FUNCTION,Function,扩香,product_form,已审核本体规则：家居香氛 / 香氛蜡烛配饰 -> 扩香,https://www.diptyque-cn.com/p/gold-wick-trimmer-for-candles.html,derived_from_approved_rule,功能,derived_intent,controlled_ontology_rule
HOMECANDLEPWT1::金色烛芯修剪器,金色烛芯修剪器,家居香氛,SERVES_NEED,UserNeed,空间氛围,product_form,已审核本体规则：家居香氛 / 香氛蜡烛配饰 -> 空间氛围,https://www.diptyque-cn.com/p/gold-wick-trimmer-for-candles.html,derived_from_approved_rule,需求,derived_intent,controlled_ontology_rule
HOMECANDLEPWT1::金色烛芯修剪器,金色烛芯修剪器,家居香氛,SERVES_NEED,UserNeed,香氛养护,product_form,已审核本体规则：家居香氛 / 香氛蜡烛配饰 -> 香氛养护,https://www.diptyque-cn.com/p/gold-wick-trimmer-for-candles.html,derived_from_approved_rule,需求,derived_intent,controlled_ontology_rule
HOMECANDLEPWT2::金色防烟灭烛罩,金色防烟灭烛罩,家居香氛,HAS_FUNCTION,Function,扩香,product_form,已审核本体规则：家居香氛 / 香氛蜡烛配饰 -> 扩香,https://www.diptyque-cn.com/p/gold-snuffer-for-candles.html,derived_from_approved_rule,功能,derived_intent,controlled_ontology_rule
HOMECANDLEPWT2::金色防烟灭烛罩,金色防烟灭烛罩,家居香氛,SERVES_NEED,UserNeed,空间氛围,product_form,已审核本体规则：家居香氛 / 香氛蜡烛配饰 -> 空间氛围,https://www.diptyque-cn.com/p/gold-snuffer-for-candles.html,derived_from_approved_rule,需求,derived_intent,controlled_ontology_rule
HOMECANDLEPWT2::金色防烟灭烛罩,金色防烟灭烛罩,家居香氛,SERVES_NEED,UserNeed,香氛养护,product_form,已审核本体规则：家居香氛 / 香氛蜡烛配饰 -> 香氛养护,https://www.diptyque-cn.com/p/gold-snuffer-for-candles.html,derived_from_approved_rule,需求,derived_intent,controlled_ontology_rule
HOMECARDIF1::圣日尔曼大道34号车载扩香器香氛套装,圣日尔曼大道34号车载扩香器香氛套装,家居香氛,HAS_FUNCTION,Function,扩香,usage_tips_text,香气扩散的开始或停止都迅速而不留痕迹，让你可以根据自己的喜好选择和改变香型。 扩香器的可调节金属片使你可以控制车内香气的浓度。,https://www.diptyque-cn.com/p/car-diffuser-with-34-boulevard-saint-germain-insert-2.html,approved,功能,fact,controlled_source_pattern
HOMECARDIF1::圣日尔曼大道34号车载扩香器香氛套装,圣日尔曼大道34号车载扩香器香氛套装,家居香氛,HAS_SCENE,UseScene,车内,pdp_short_description,只需轻松固定于车内出风口，便可即刻享受扩香体验。,https://www.diptyque-cn.com/p/car-diffuser-with-34-boulevard-saint-germain-insert-2.html,approved,场景,fact,controlled_source_pattern
HOMECARDIF1::圣日尔曼大道34号车载扩香器香氛套装,圣日尔曼大道34号车载扩香器香氛套装,家居香氛,SERVES_NEED,UserNeed,空间氛围,product_form,已审核本体规则：家居香氛 / 车载扩香器 -> 空间氛围,https://www.diptyque-cn.com/p/car-diffuser-with-34-boulevard-saint-germain-insert-2.html,derived_from_approved_rule,需求,derived_intent,controlled_ontology_rule
HOMECARDIF1::圣日尔曼大道34号车载扩香器香氛套装,圣日尔曼大道34号车载扩香器香氛套装,家居香氛,SERVES_NEED,UserNeed,车内香氛,product_form,已审核本体规则：家居香氛 / 车载扩香器 -> 车内香氛,https://www.diptyque-cn.com/p/car-diffuser-with-34-boulevard-saint-germain-insert-2.html,derived_from_approved_rule,需求,derived_intent,controlled_ontology_rule
HOMECARDIF2::浆果香车载扩香器香氛套装,浆果香车载扩香器香氛套装,家居香氛,HAS_FUNCTION,Function,扩香,usage_tips_text,香气扩散的开始或停止都迅速而不留痕迹，让你可以根据自己的喜好选择和改变香型。 扩香器的可调节金属片使你可以控制车内香气的浓度。,https://www.diptyque-cn.com/p/car-diffuser-with-baies-insert.html,approved,功能,fact,controlled_source_pattern
HOMECARDIF2::浆果香车载扩香器香氛套装,浆果香车载扩香器香氛套装,家居香氛,HAS_SCENE,UseScene,车内,pdp_short_description,只需轻松固定于车内出风口，便可即刻享受扩香体验。,https://www.diptyque-cn.com/p/car-diffuser-with-baies-insert.html,approved,场景,fact,controlled_source_pattern
HOMECARDIF2::浆果香车载扩香器香氛套装,浆果香车载扩香器香氛套装,家居香氛,SERVES_NEED,UserNeed,空间氛围,product_form,已审核本体规则：家居香氛 / 车载扩香器 -> 空间氛围,https://www.diptyque-cn.com/p/car-diffuser-with-baies-insert.html,derived_from_approved_rule,需求,derived_intent,controlled_ontology_rule
HOMECARDIF2::浆果香车载扩香器香氛套装,浆果香车载扩香器香氛套装,家居香氛,SERVES_NEED,UserNeed,车内香氛,product_form,已审核本体规则：家居香氛 / 车载扩香器 -> 车内香氛,https://www.diptyque-cn.com/p/car-diffuser-with-baies-insert.html,derived_from_approved_rule,需求,derived_intent,controlled_ontology_rule
HOMECARDIF3::无花果车载扩香器香氛套装,无花果车载扩香器香氛套装,家居香氛,HAS_FUNCTION,Function,扩香,usage_tips_text,香气扩散的开始或停止都迅速而不留痕迹，让你可以根据自己的喜好选择和改变香型。 扩香器的可调节金属片使你可以控制车内香气的浓度。,https://www.diptyque-cn.com/p/diffuseur-pour-la-voiture-et-sa-cartouche-parfumee-figuier-2.html,approved,功能,fact,controlled_source_pattern
HOMECARDIF3::无花果车载扩香器香氛套装,无花果车载扩香器香氛套装,家居香氛,HAS_SCENE,UseScene,车内,pdp_short_description,只需轻松固定于车内出风口，便可即刻享受扩香体验。,https://www.diptyque-cn.com/p/diffuseur-pour-la-voiture-et-sa-cartouche-parfumee-figuier-2.html,approved,场景,fact,controlled_source_pattern
HOMECARDIF3::无花果车载扩香器香氛套装,无花果车载扩香器香氛套装,家居香氛,SERVES_NEED,UserNeed,空间氛围,product_form,已审核本体规则：家居香氛 / 车载扩香器 -> 空间氛围,https://www.diptyque-cn.com/p/diffuseur-pour-la-voiture-et-sa-cartouche-parfumee-figuier-2.html,derived_from_approved_rule,需求,derived_intent,controlled_ontology_rule
HOMECARDIF3::无花果车载扩香器香氛套装,无花果车载扩香器香氛套装,家居香氛,SERVES_NEED,UserNeed,车内香氛,product_form,已审核本体规则：家居香氛 / 车载扩香器 -> 车内香氛,https://www.diptyque-cn.com/p/diffuseur-pour-la-voiture-et-sa-cartouche-parfumee-figuier-2.html,derived_from_approved_rule,需求,derived_intent,controlled_ontology_rule
HOMECARDIF4::玫瑰车载扩香器香氛套装,玫瑰车载扩香器香氛套装,家居香氛,HAS_FUNCTION,Function,扩香,usage_tips_text,香气扩散的开始或停止都迅速而不留痕迹，让你可以根据自己的喜好选择和改变香型。 扩香器的可调节金属片使你可以控制车内香气的浓度。,https://www.diptyque-cn.com/p/car-diffuser-with-roses-insert.html,approved,功能,fact,controlled_source_pattern
HOMECARDIF4::玫瑰车载扩香器香氛套装,玫瑰车载扩香器香氛套装,家居香氛,HAS_SCENE,UseScene,车内,pdp_short_description,只需轻松固定于车内出风口，便可即刻享受扩香体验。,https://www.diptyque-cn.com/p/car-diffuser-with-roses-insert.html,approved,场景,fact,controlled_source_pattern
HOMECARDIF4::玫瑰车载扩香器香氛套装,玫瑰车载扩香器香氛套装,家居香氛,SERVES_NEED,UserNeed,空间氛围,product_form,已审核本体规则：家居香氛 / 车载扩香器 -> 空间氛围,https://www.diptyque-cn.com/p/car-diffuser-with-roses-insert.html,derived_from_approved_rule,需求,derived_intent,controlled_ontology_rule
HOMECARDIF4::玫瑰车载扩香器香氛套装,玫瑰车载扩香器香氛套装,家居香氛,SERVES_NEED,UserNeed,车内香氛,product_form,已审核本体规则：家居香氛 / 车载扩香器 -> 车内香氛,https://www.diptyque-cn.com/p/car-diffuser-with-roses-insert.html,derived_from_approved_rule,需求,derived_intent,controlled_ontology_rule
HOMECARDIF5::含羞草车载扩香器香氛套装,含羞草车载扩香器香氛套装,家居香氛,HAS_FUNCTION,Function,扩香,usage_tips_text,香气扩散的开始或停止都迅速而不留痕迹，让你可以根据自己的喜好选择和改变香型。 扩香器的可调节金属片使你可以控制车内香气的浓度。,https://www.diptyque-cn.com/p/mimosa-car-diffuser-and-insert.html,approved,功能,fact,controlled_source_pattern
HOMECARDIF5::含羞草车载扩香器香氛套装,含羞草车载扩香器香氛套装,家居香氛,HAS_SCENE,UseScene,车内,pdp_short_description,只需轻松固定于车内出风口，便可即刻享受扩香体验。,https://www.diptyque-cn.com/p/mimosa-car-diffuser-and-insert.html,approved,场景,fact,controlled_source_pattern
HOMECARDIF5::含羞草车载扩香器香氛套装,含羞草车载扩香器香氛套装,家居香氛,SERVES_NEED,UserNeed,空间氛围,product_form,已审核本体规则：家居香氛 / 车载扩香器 -> 空间氛围,https://www.diptyque-cn.com/p/mimosa-car-diffuser-and-insert.html,derived_from_approved_rule,需求,derived_intent,controlled_ontology_rule
HOMECARDIF5::含羞草车载扩香器香氛套装,含羞草车载扩香器香氛套装,家居香氛,SERVES_NEED,UserNeed,车内香氛,product_form,已审核本体规则：家居香氛 / 车载扩香器 -> 车内香氛,https://www.diptyque-cn.com/p/mimosa-car-diffuser-and-insert.html,derived_from_approved_rule,需求,derived_intent,controlled_ontology_rule
HOMECARDIF6::玫瑰室内喷雾,玫瑰 - 室内喷雾,家居香氛,HAS_FUNCTION,Function,扩香,product_form,已审核本体规则：家居香氛 / 室内喷雾 -> 扩香,https://www.diptyque-cn.com/p/roses-room-spray-2.html,derived_from_approved_rule,功能,derived_intent,controlled_ontology_rule
HOMECARDIF6::玫瑰室内喷雾,玫瑰 - 室内喷雾,家居香氛,SERVES_NEED,UserNeed,空间氛围,product_form,已审核本体规则：家居香氛 / 室内喷雾 -> 空间氛围,https://www.diptyque-cn.com/p/roses-room-spray-2.html,derived_from_approved_rule,需求,derived_intent,controlled_ontology_rule
HOMECOF3BG10::迷你香氛蜡烛礼盒甄选礼赠,迷你香氛蜡烛礼盒 - 甄选礼赠,家居香氛,HAS_FUNCTION,Function,留香,pdp_long_description,无花果：地中海边宽广的无花果树林散发出阵阵木质香气。正午的太阳与暖风带来浓郁的树木气息，还伴随着清新的无花果实的香气;。,https://www.diptyque-cn.com/p/set-of-mini-candles-berries-fig-tree-roses.html,approved,功能,fact,controlled_source_pattern
HOMECOF3BG10::迷你香氛蜡烛礼盒甄选礼赠,迷你香氛蜡烛礼盒 - 甄选礼赠,家居香氛,HAS_FUNCTION,Function,扩香,product_form,已审核本体规则：家居香氛 / 迷你香氛蜡烛 -> 扩香,https://www.diptyque-cn.com/p/set-of-mini-candles-berries-fig-tree-roses.html,derived_from_approved_rule,功能,derived_intent,controlled_ontology_rule
HOMECOF3BG10::迷你香氛蜡烛礼盒甄选礼赠,迷你香氛蜡烛礼盒 - 甄选礼赠,家居香氛,SERVES_NEED,UserNeed,空间氛围,product_form,已审核本体规则：家居香氛 / 迷你香氛蜡烛 -> 空间氛围,https://www.diptyque-cn.com/p/set-of-mini-candles-berries-fig-tree-roses.html,derived_from_approved_rule,需求,derived_intent,controlled_ontology_rule
HOMECULBUTOB::浆果香摇摆扩香器,浆果香 - 摇摆扩香器,家居香氛,HAS_CARE_INSTRUCTION,CareInstruction,清洁方法,usage_tips_text,请使用不会造成划痕的软布擦拭本品表面积尘。,https://www.diptyque-cn.com/p/baies-berries-the-culbuto-oscillating-diffuser.html,approved,保养,fact,controlled_source_pattern
HOMECULBUTOB::浆果香摇摆扩香器,浆果香 - 摇摆扩香器,家居香氛,HAS_FUNCTION,Function,扩香,product_form,已审核本体规则：家居香氛 / 室内香氛 -> 扩香,https://www.diptyque-cn.com/p/baies-berries-the-culbuto-oscillating-diffuser.html,derived_from_approved_rule,功能,derived_intent,controlled_ontology_rule
HOMECULBUTOB::浆果香摇摆扩香器,浆果香 - 摇摆扩香器,家居香氛,SERVES_NEED,UserNeed,空间氛围,product_form,已审核本体规则：家居香氛 / 室内香氛 -> 空间氛围,https://www.diptyque-cn.com/p/baies-berries-the-culbuto-oscillating-diffuser.html,derived_from_approved_rule,需求,derived_intent,controlled_ontology_rule
HOMEELECDIFCN::电子扩香器,电子扩香器,家居香氛,HAS_FUNCTION,Function,扩香,pdp_short_description,兼具精美外观及现代技术，通过冷式扩香系统扩散香气。,https://www.diptyque-cn.com/p/un-air-de-diptyque-home-electric-diffuser.html,approved,功能,fact,controlled_source_pattern
HOMEELECDIFCN::电子扩香器,电子扩香器,家居香氛,SERVES_NEED,UserNeed,空间氛围,product_form,已审核本体规则：家居香氛 / 电子扩香器 -> 空间氛围,https://www.diptyque-cn.com/p/un-air-de-diptyque-home-electric-diffuser.html,derived_from_approved_rule,需求,derived_intent,controlled_ontology_rule
HOMEELECPLUG::便携式电子扩香器,便携式电子扩香器,家居香氛,HAS_FUNCTION,Function,留香,pdp_long_description,便携扩香，所在之处香气萦绕。,https://www.diptyque-cn.com/p/electric-wall-diffuser.html,approved,功能,fact,controlled_source_pattern
HOMEELECPLUG::便携式电子扩香器,便携式电子扩香器,家居香氛,HAS_FUNCTION,Function,扩香,pdp_short_description,兼具精美外观及现代技术，通过冷式扩香系统扩散香气。,https://www.diptyque-cn.com/p/electric-wall-diffuser.html,approved,功能,fact,controlled_source_pattern
HOMEELECPLUG::便携式电子扩香器,便携式电子扩香器,家居香氛,SERVES_NEED,UserNeed,空间氛围,product_form,已审核本体规则：家居香氛 / 电子扩香器 -> 空间氛围,https://www.diptyque-cn.com/p/electric-wall-diffuser.html,derived_from_approved_rule,需求,derived_intent,controlled_ontology_rule
HOMEFDC190::香氛蜡烛樱花,香氛蜡烛-樱花,家居香氛,HAS_FUNCTION,Function,扩香,product_form,已审核本体规则：家居香氛 / 经典香氛蜡烛 -> 扩香,https://www.diptyque-cn.com/p/fleur-de-cerisier-190g.html,derived_from_approved_rule,功能,derived_intent,controlled_ontology_rule
HOMEFDC190::香氛蜡烛樱花,香氛蜡烛-樱花,家居香氛,SERVES_NEED,UserNeed,空间氛围,product_form,已审核本体规则：家居香氛 / 经典香氛蜡烛 -> 空间氛围,https://www.diptyque-cn.com/p/fleur-de-cerisier-190g.html,derived_from_approved_rule,需求,derived_intent,controlled_ontology_rule
HOMEHGFOCARB2A::圣日尔曼大道34号扩香精,圣日尔曼大道34号扩香精,家居香氛,HAS_FUNCTION,Function,留香,caracteristics_text,-旨在以一种温和而缓慢的方式散发香气，是在小空间维持几个月香气的理想选择（<20平方米） -一个周期大约持续时间：1小时 -可以用相同的香氛填充两次。,https://www.diptyque-cn.com/p/sablier-34-boulevard-saint-germain-2-1.html,approved,功能,fact,controlled_source_pattern
HOMEHGFOCARB2A::圣日尔曼大道34号扩香精,圣日尔曼大道34号扩香精,家居香氛,HAS_FUNCTION,Function,扩香,product_form,已审核本体规则：家居香氛 / 扩香精 -> 扩香,https://www.diptyque-cn.com/p/sablier-34-boulevard-saint-germain-2-1.html,derived_from_approved_rule,功能,derived_intent,controlled_ontology_rule
HOMEHGFOCARB2A::圣日尔曼大道34号扩香精,圣日尔曼大道34号扩香精,家居香氛,SERVES_NEED,UserNeed,空间氛围,product_form,已审核本体规则：家居香氛 / 扩香精 -> 空间氛围,https://www.diptyque-cn.com/p/sablier-34-boulevard-saint-germain-2-1.html,derived_from_approved_rule,需求,derived_intent,controlled_ontology_rule
HOMEHGFOCARB2B::晚香玉扩香精,晚香玉扩香精,家居香氛,HAS_FUNCTION,Function,留香,caracteristics_text,-旨在以一种温和而缓慢的方式散发香气，是在小空间维持几个月香气的理想选择（<20平方米） -一个周期大约持续时间：1小时 -可以用相同的香氛填充两次。,https://www.diptyque-cn.com/p/tubereuse-tuberose-hourglass-diffuser.html,approved,功能,fact,controlled_source_pattern
HOMEHGFOCARB2B::晚香玉扩香精,晚香玉扩香精,家居香氛,HAS_FUNCTION,Function,扩香,product_form,已审核本体规则：家居香氛 / 扩香精 -> 扩香,https://www.diptyque-cn.com/p/tubereuse-tuberose-hourglass-diffuser.html,derived_from_approved_rule,功能,derived_intent,controlled_ontology_rule
HOMEHGFOCARB2B::晚香玉扩香精,晚香玉扩香精,家居香氛,SERVES_NEED,UserNeed,空间氛围,product_form,已审核本体规则：家居香氛 / 扩香精 -> 空间氛围,https://www.diptyque-cn.com/p/tubereuse-tuberose-hourglass-diffuser.html,derived_from_approved_rule,需求,derived_intent,controlled_ontology_rule
HOMEHGFOCARB2C::玫瑰扩香精,玫瑰扩香精,家居香氛,HAS_FUNCTION,Function,留香,caracteristics_text,-旨在以一种温和而缓慢的方式散发香气，是在小空间维持几个月香气的理想选择（<20平方米） -一个周期大约持续时间：1小时 -可以用相同的香氛填充两次。,https://www.diptyque-cn.com/p/sablier-roses-2-1.html,approved,功能,fact,controlled_source_pattern
HOMEHGFOCARB2C::玫瑰扩香精,玫瑰扩香精,家居香氛,HAS_FUNCTION,Function,扩香,product_form,已审核本体规则：家居香氛 / 扩香精 -> 扩香,https://www.diptyque-cn.com/p/sablier-roses-2-1.html,derived_from_approved_rule,功能,derived_intent,controlled_ontology_rule
HOMEHGFOCARB2C::玫瑰扩香精,玫瑰扩香精,家居香氛,SERVES_NEED,UserNeed,空间氛围,product_form,已审核本体规则：家居香氛 / 扩香精 -> 空间氛围,https://www.diptyque-cn.com/p/sablier-roses-2-1.html,derived_from_approved_rule,需求,derived_intent,controlled_ontology_rule
HOMEHGFOCARB2D::希腊无花果扩香精,希腊无花果扩香精,家居香氛,HAS_FUNCTION,Function,留香,pdp_long_description,香水缓缓滴落，散发出淡淡香味。一整棵令人着迷的无花果树在此呈现:树皮的温暖，树叶的清新，果实汁液的乳香气息。,https://www.diptyque-cn.com/p/sablier-figuier-2-1.html,approved,功能,fact,controlled_source_pattern
HOMEHGFOCARB2D::希腊无花果扩香精,希腊无花果扩香精,家居香氛,HAS_FUNCTION,Function,扩香,product_form,已审核本体规则：家居香氛 / 扩香精 -> 扩香,https://www.diptyque-cn.com/p/sablier-figuier-2-1.html,derived_from_approved_rule,功能,derived_intent,controlled_ontology_rule
HOMEHGFOCARB2D::希腊无花果扩香精,希腊无花果扩香精,家居香氛,SERVES_NEED,UserNeed,空间氛围,product_form,已审核本体规则：家居香氛 / 扩香精 -> 空间氛围,https://www.diptyque-cn.com/p/sablier-figuier-2-1.html,derived_from_approved_rule,需求,derived_intent,controlled_ontology_rule
HOMEHGFOCARB2E::橙花扩香精,橙花扩香精,家居香氛,HAS_FUNCTION,Function,留香,caracteristics_text,-旨在以一种温和而缓慢的方式散发香气，是在小空间维持几个月香气的理想选择（<20平方米） -一个周期大约持续时间：1小时 -可以用相同的香氛填充两次。,https://www.diptyque-cn.com/p/sablier-fleur-d-oranger-2-1.html,approved,功能,fact,controlled_source_pattern
HOMEHGFOCARB2E::橙花扩香精,橙花扩香精,家居香氛,HAS_FUNCTION,Function,扩香,product_form,已审核本体规则：家居香氛 / 扩香精 -> 扩香,https://www.diptyque-cn.com/p/sablier-fleur-d-oranger-2-1.html,derived_from_approved_rule,功能,derived_intent,controlled_ontology_rule
HOMEHGFOCARB2E::橙花扩香精,橙花扩香精,家居香氛,SERVES_NEED,UserNeed,空间氛围,product_form,已审核本体规则：家居香氛 / 扩香精 -> 空间氛围,https://www.diptyque-cn.com/p/sablier-fleur-d-oranger-2-1.html,derived_from_approved_rule,需求,derived_intent,controlled_ontology_rule
HOMEHGFOCARB2F::生姜扩香精,生姜扩香精,家居香氛,HAS_FUNCTION,Function,留香,pdp_long_description,香水缓缓滴落，散发出淡淡香味。新鲜切开的生姜，带来纯粹热烈的辛辣香气。,https://www.diptyque-cn.com/p/gingembre-ginger-hourglass-diffuser-2-1.html,approved,功能,fact,controlled_source_pattern
HOMEHGFOCARB2F::生姜扩香精,生姜扩香精,家居香氛,HAS_FUNCTION,Function,扩香,product_form,已审核本体规则：家居香氛 / 扩香精 -> 扩香,https://www.diptyque-cn.com/p/gingembre-ginger-hourglass-diffuser-2-1.html,derived_from_approved_rule,功能,derived_intent,controlled_ontology_rule
HOMEHGFOCARB2F::生姜扩香精,生姜扩香精,家居香氛,SERVES_NEED,UserNeed,空间氛围,product_form,已审核本体规则：家居香氛 / 扩香精 -> 空间氛围,https://www.diptyque-cn.com/p/gingembre-ginger-hourglass-diffuser-2-1.html,derived_from_approved_rule,需求,derived_intent,controlled_ontology_rule
HOMEHGFOCARB2G::圣日尔曼大道34号香氛皂,圣日尔曼大道34号 - 香氛皂,身体护理,HAS_FUNCTION,Function,洁肤,product_form,已审核本体规则：身体护理 / 香氛皂 -> 洁肤,https://www.diptyque-cn.com/p/savon-34-boulevard-saint-germain-1.html,derived_from_approved_rule,功能,derived_intent,controlled_ontology_rule
HOMEHGFOCARB2G::圣日尔曼大道34号香氛皂,圣日尔曼大道34号 - 香氛皂,身体护理,SERVES_NEED,UserNeed,肌肤护理,product_form,已审核本体规则：身体护理 / 香氛皂 -> 肌肤护理,https://www.diptyque-cn.com/p/savon-34-boulevard-saint-germain-1.html,derived_from_approved_rule,需求,derived_intent,controlled_ontology_rule
HOMEHGFOCARB2H::感官之水香氛皂,感官之水 - 香氛皂,身体护理,HAS_FUNCTION,Function,洁肤,product_form,已审核本体规则：身体护理 / 香氛皂 -> 洁肤,https://www.diptyque-cn.com/p/eau-des-sens.html,derived_from_approved_rule,功能,derived_intent,controlled_ontology_rule
HOMEHGFOCARB2H::感官之水香氛皂,感官之水 - 香氛皂,身体护理,SERVES_NEED,UserNeed,肌肤护理,product_form,已审核本体规则：身体护理 / 香氛皂 -> 肌肤护理,https://www.diptyque-cn.com/p/eau-des-sens.html,derived_from_approved_rule,需求,derived_intent,controlled_ontology_rule
HOMEHGFOCARB2I::圣日尔曼大道34号扩香精补充瓶,圣日尔曼大道34号扩香精补充瓶,家居香氛,HAS_FUNCTION,Function,扩香,product_form,已审核本体规则：家居香氛 / 扩香精 -> 扩香,https://www.diptyque-cn.com/p/sablier-34-boulevard-saint-germain-recharge-2-1.html,derived_from_approved_rule,功能,derived_intent,controlled_ontology_rule
HOMEHGFOCARB2I::圣日尔曼大道34号扩香精补充瓶,圣日尔曼大道34号扩香精补充瓶,家居香氛,SERVES_NEED,UserNeed,空间氛围,product_form,已审核本体规则：家居香氛 / 扩香精 -> 空间氛围,https://www.diptyque-cn.com/p/sablier-34-boulevard-saint-germain-recharge-2-1.html,derived_from_approved_rule,需求,derived_intent,controlled_ontology_rule
HOMEHGFOCARB2J::晚香玉扩香精补充瓶,晚香玉扩香精补充瓶,家居香氛,HAS_FUNCTION,Function,扩香,product_form,已审核本体规则：家居香氛 / 扩香精 -> 扩香,https://www.diptyque-cn.com/p/tubereuse-tuberose-hourglass-diffuser-refill.html,derived_from_approved_rule,功能,derived_intent,controlled_ontology_rule
HOMEHGFOCARB2J::晚香玉扩香精补充瓶,晚香玉扩香精补充瓶,家居香氛,SERVES_NEED,UserNeed,空间氛围,product_form,已审核本体规则：家居香氛 / 扩香精 -> 空间氛围,https://www.diptyque-cn.com/p/tubereuse-tuberose-hourglass-diffuser-refill.html,derived_from_approved_rule,需求,derived_intent,controlled_ontology_rule
HOMEHGFOCARB2K::希腊无花果扩香精补充瓶,希腊无花果扩香精补充瓶,家居香氛,HAS_FUNCTION,Function,留香,pdp_long_description,香水缓缓滴落，散发出淡淡香味。一整棵令人着迷的无花果树在此呈现：树皮的温暖，树叶的清新，果实汁液的乳香气息。,https://www.diptyque-cn.com/p/figuier-fig-tree-hourglass-diffuser-refill-2-1.html,approved,功能,fact,controlled_source_pattern
HOMEHGFOCARB2K::希腊无花果扩香精补充瓶,希腊无花果扩香精补充瓶,家居香氛,HAS_FUNCTION,Function,扩香,product_form,已审核本体规则：家居香氛 / 扩香精 -> 扩香,https://www.diptyque-cn.com/p/figuier-fig-tree-hourglass-diffuser-refill-2-1.html,derived_from_approved_rule,功能,derived_intent,controlled_ontology_rule
HOMEHGFOCARB2K::希腊无花果扩香精补充瓶,希腊无花果扩香精补充瓶,家居香氛,SERVES_NEED,UserNeed,空间氛围,product_form,已审核本体规则：家居香氛 / 扩香精 -> 空间氛围,https://www.diptyque-cn.com/p/figuier-fig-tree-hourglass-diffuser-refill-2-1.html,derived_from_approved_rule,需求,derived_intent,controlled_ontology_rule
HOMEHGFOCARB2L::玫瑰扩香精补充瓶,玫瑰扩香精补充瓶,家居香氛,HAS_FUNCTION,Function,扩香,product_form,已审核本体规则：家居香氛 / 扩香精 -> 扩香,https://www.diptyque-cn.com/p/roses-hourglass-diffuser-refill-2-1.html,derived_from_approved_rule,功能,derived_intent,controlled_ontology_rule
HOMEHGFOCARB2L::玫瑰扩香精补充瓶,玫瑰扩香精补充瓶,家居香氛,SERVES_NEED,UserNeed,空间氛围,product_form,已审核本体规则：家居香氛 / 扩香精 -> 空间氛围,https://www.diptyque-cn.com/p/roses-hourglass-diffuser-refill-2-1.html,derived_from_approved_rule,需求,derived_intent,controlled_ontology_rule
HOMEHGFOCARB2M::橙花扩香精补充瓶,橙花扩香精补充瓶,家居香氛,HAS_FUNCTION,Function,扩香,product_form,已审核本体规则：家居香氛 / 扩香精 -> 扩香,https://www.diptyque-cn.com/p/fleur-d-oranger-orange-blossom-hourglass-diffuser-refill-2-1.html,derived_from_approved_rule,功能,derived_intent,controlled_ontology_rule
HOMEHGFOCARB2M::橙花扩香精补充瓶,橙花扩香精补充瓶,家居香氛,SERVES_NEED,UserNeed,空间氛围,product_form,已审核本体规则：家居香氛 / 扩香精 -> 空间氛围,https://www.diptyque-cn.com/p/fleur-d-oranger-orange-blossom-hourglass-diffuser-refill-2-1.html,derived_from_approved_rule,需求,derived_intent,controlled_ontology_rule
HOMEHGFOCARB2N::含羞草室内扩香摆件补充装,含羞草 - 室内扩香摆件补充装,家居香氛,HAS_FUNCTION,Function,扩香,product_form,已审核本体规则：家居香氛 / 室内扩香摆件 -> 扩香,https://www.diptyque-cn.com/p/mimosa-home-fragrance-diffuser-refill.html,derived_from_approved_rule,功能,derived_intent,controlled_ontology_rule
HOMEHGFOCARB2N::含羞草室内扩香摆件补充装,含羞草 - 室内扩香摆件补充装,家居香氛,SERVES_NEED,UserNeed,空间氛围,product_form,已审核本体规则：家居香氛 / 室内扩香摆件 -> 空间氛围,https://www.diptyque-cn.com/p/mimosa-home-fragrance-diffuser-refill.html,derived_from_approved_rule,需求,derived_intent,controlled_ontology_rule
HOMEHGFOCARB2O::浆果香室内扩香摆件补充装,浆果香 - 室内扩香摆件补充装,家居香氛,HAS_FUNCTION,Function,扩香,product_form,已审核本体规则：家居香氛 / 室内扩香摆件 -> 扩香,https://www.diptyque-cn.com/p/baies-berries-home-fragrance-diffuser-refill.html,derived_from_approved_rule,功能,derived_intent,controlled_ontology_rule
HOMEHGFOCARB2O::浆果香室内扩香摆件补充装,浆果香 - 室内扩香摆件补充装,家居香氛,SERVES_NEED,UserNeed,空间氛围,product_form,已审核本体规则：家居香氛 / 室内扩香摆件 -> 空间氛围,https://www.diptyque-cn.com/p/baies-berries-home-fragrance-diffuser-refill.html,derived_from_approved_rule,需求,derived_intent,controlled_ontology_rule
HOMEHGFOCARB2P::杜桑香氛皂,杜桑 - 香氛皂,身体护理,HAS_FUNCTION,Function,留香,pdp_long_description,在沐浴时，细腻的香氛泡沫散发杜桑带来的阵阵晚香玉的香气。,https://www.diptyque-cn.com/p/do-son-perfumed-soap-1.html,approved,功能,fact,controlled_source_pattern
HOMEHGFOCARB2P::杜桑香氛皂,杜桑 - 香氛皂,身体护理,HAS_FUNCTION,Function,洁肤,product_form,已审核本体规则：身体护理 / 香氛皂 -> 洁肤,https://www.diptyque-cn.com/p/do-son-perfumed-soap-1.html,derived_from_approved_rule,功能,derived_intent,controlled_ontology_rule
HOMEHGFOCARB2P::杜桑香氛皂,杜桑 - 香氛皂,身体护理,SERVES_NEED,UserNeed,肌肤护理,product_form,已审核本体规则：身体护理 / 香氛皂 -> 肌肤护理,https://www.diptyque-cn.com/p/do-son-perfumed-soap-1.html,derived_from_approved_rule,需求,derived_intent,controlled_ontology_rule
HOMELDDRGDISHSOAP1::橙花餐具清洁液,橙花餐具清洁液,家居香氛,HAS_CARE_INSTRUCTION,CareInstruction,清洁方法,usage_tips_text,家居清洁护理系列使用建议： -餐具浸泡于温水后，只需加入1到2滴清洁液即可 随后以清水洗净。 -清洁重污餐具时，Diptyque餐具刷可以成为橙花餐具清洁液的美妙搭档。 -燃气灶的喷嘴往往较难清洁，可将其置于一碗清水稀释过的清洁液中浸泡一晚。,https://www.diptyque-cn.com/p/dishwashing-liquid-with-orange-blossom-500ml.html,approved,保养,fact,controlled_source_pattern
HOMELDDRGDISHSOAP1::橙花餐具清洁液,橙花餐具清洁液,家居香氛,HAS_FUNCTION,Function,清洁,product_form,已审核本体规则：家居香氛 / 餐具清洁液 -> 清洁,https://www.diptyque-cn.com/p/dishwashing-liquid-with-orange-blossom-500ml.html,derived_from_approved_rule,功能,derived_intent,controlled_ontology_rule
HOMELDDRGDISHSOAP1::橙花餐具清洁液,橙花餐具清洁液,家居香氛,SERVES_NEED,UserNeed,家居清洁,product_form,已审核本体规则：家居香氛 / 餐具清洁液 -> 家居清洁,https://www.diptyque-cn.com/p/dishwashing-liquid-with-orange-blossom-500ml.html,derived_from_approved_rule,需求,derived_intent,controlled_ontology_rule
HOMELDDRGDISHSOAP2::橙花餐具清洁液补充装,橙花餐具清洁液补充装,家居香氛,HAS_CARE_INSTRUCTION,CareInstruction,清洁方法,usage_tips_text,家居清洁护理系列使用建议： -餐具浸泡于温水后，只需加入1到2滴清洁液即可 随后以清水洗净。 -清洁重污餐具时，Diptyque餐具刷可以成为橙花餐具清洁液的美妙搭档。 -燃气灶的喷嘴往往较难清洁，可将其置于一碗清水稀释过的清洁液中浸泡一晚。,https://www.diptyque-cn.com/p/refill-dishwashing-liquid-with-orange-blossom-500ml.html,approved,保养,fact,controlled_source_pattern
HOMELDDRGDISHSOAP2::橙花餐具清洁液补充装,橙花餐具清洁液补充装,家居香氛,HAS_FUNCTION,Function,清洁,product_form,已审核本体规则：家居香氛 / 餐具清洁液 -> 清洁,https://www.diptyque-cn.com/p/refill-dishwashing-liquid-with-orange-blossom-500ml.html,derived_from_approved_rule,功能,derived_intent,controlled_ontology_rule
HOMELDDRGDISHSOAP2::橙花餐具清洁液补充装,橙花餐具清洁液补充装,家居香氛,SERVES_NEED,UserNeed,家居清洁,product_form,已审核本体规则：家居香氛 / 餐具清洁液 -> 家居清洁,https://www.diptyque-cn.com/p/refill-dishwashing-liquid-with-orange-blossom-500ml.html,derived_from_approved_rule,需求,derived_intent,controlled_ontology_rule
HOMELDDRGLEATHWOOD::蜂蜡皮革及木制品护理剂,蜂蜡皮革及木制品护理剂,家居香氛,HAS_FUNCTION,Function,香氛用品养护,product_form,已审核本体规则：家居香氛 / 护理剂 -> 香氛用品养护,https://www.diptyque-cn.com/p/leather-and-wood-care-lotion-with-beeswax-250ml.html,derived_from_approved_rule,功能,derived_intent,controlled_ontology_rule
HOMELDDRGLEATHWOOD::蜂蜡皮革及木制品护理剂,蜂蜡皮革及木制品护理剂,家居香氛,SERVES_NEED,UserNeed,香氛养护,product_form,已审核本体规则：家居香氛 / 护理剂 -> 香氛养护,https://www.diptyque-cn.com/p/leather-and-wood-care-lotion-with-beeswax-250ml.html,derived_from_approved_rule,需求,derived_intent,controlled_ontology_rule
HOMELDDRGMULTCLEAN1::多用途家居清洁喷雾,多用途家居清洁喷雾,家居香氛,HAS_FUNCTION,Function,留香,pdp_long_description,柔和细腻的香醋气息，混合着薰衣草、雪松及无花果香调，散发天然清新的美妙香气。,https://www.diptyque-cn.com/p/multi-surface-cleaner-with-vinegar-500ml.html,approved,功能,fact,controlled_source_pattern
HOMELDDRGMULTCLEAN1::多用途家居清洁喷雾,多用途家居清洁喷雾,家居香氛,HAS_CARE_INSTRUCTION,CareInstruction,清洁方法,usage_tips_text,多用途家居清洁喷雾使用建议： -有效去除油渍及污垢，亦可用于地板清洁。请勿用于天然石材表面。 -是清洁橱柜、冰箱内部、门把手、家用电器、 开关及电话听筒等处的理想选择。 -进行深层清洁时，可将多用途家居清洁喷雾留置于物体表面30分钟， 再以湿海绵及清水擦净，可在家中留下淡淡的香气。,https://www.diptyque-cn.com/p/multi-surface-cleaner-with-vinegar-500ml.html,approved,保养,fact,controlled_source_pattern
HOMELDDRGMULTCLEAN1::多用途家居清洁喷雾,多用途家居清洁喷雾,家居香氛,HAS_FUNCTION,Function,清洁,product_form,已审核本体规则：家居香氛 / 清洁喷雾 -> 清洁,https://www.diptyque-cn.com/p/multi-surface-cleaner-with-vinegar-500ml.html,derived_from_approved_rule,功能,derived_intent,controlled_ontology_rule
HOMELDDRGMULTCLEAN1::多用途家居清洁喷雾,多用途家居清洁喷雾,家居香氛,SERVES_NEED,UserNeed,家居清洁,product_form,已审核本体规则：家居香氛 / 清洁喷雾 -> 家居清洁,https://www.diptyque-cn.com/p/multi-surface-cleaner-with-vinegar-500ml.html,derived_from_approved_rule,需求,derived_intent,controlled_ontology_rule
HOMELDDRGMULTCLEAN2::多用途家居清洁喷雾补充装,多用途家居清洁喷雾补充装,家居香氛,HAS_FUNCTION,Function,留香,pdp_long_description,柔和细腻的香醋气息，混合着薰衣草、雪松及无花果香调，散发天然清新的美妙香气。,https://www.diptyque-cn.com/p/refill-multi-surface-cleaner-with-vinegar-500ml.html,approved,功能,fact,controlled_source_pattern
HOMELDDRGMULTCLEAN2::多用途家居清洁喷雾补充装,多用途家居清洁喷雾补充装,家居香氛,HAS_CARE_INSTRUCTION,CareInstruction,清洁方法,usage_tips_text,多用途家居清洁喷雾使用建议： -有效去除油渍及污垢，亦可用于地板清洁。请勿用于天然石材表面。 -是清洁橱柜、冰箱内部、门把手、家用电器、 开关及电话听筒等处的理想选择。 -进行深层清洁时，可将多用途家居清洁喷雾留置于物体表面30分钟， 再以湿海绵及清水擦净，可在家中留下淡淡的香气。,https://www.diptyque-cn.com/p/refill-multi-surface-cleaner-with-vinegar-500ml.html,approved,保养,fact,controlled_source_pattern
HOMELDDRGMULTCLEAN2::多用途家居清洁喷雾补充装,多用途家居清洁喷雾补充装,家居香氛,HAS_FUNCTION,Function,清洁,product_form,已审核本体规则：家居香氛 / 清洁喷雾 -> 清洁,https://www.diptyque-cn.com/p/refill-multi-surface-cleaner-with-vinegar-500ml.html,derived_from_approved_rule,功能,derived_intent,controlled_ontology_rule
HOMELDDRGMULTCLEAN2::多用途家居清洁喷雾补充装,多用途家居清洁喷雾补充装,家居香氛,SERVES_NEED,UserNeed,家居清洁,product_form,已审核本体规则：家居香氛 / 清洁喷雾 -> 家居清洁,https://www.diptyque-cn.com/p/refill-multi-surface-cleaner-with-vinegar-500ml.html,derived_from_approved_rule,需求,derived_intent,controlled_ontology_rule
HOMELDDRGODORCANDL::罗勒除味蜡烛,罗勒除味蜡烛,家居香氛,HAS_CARE_INSTRUCTION,CareInstruction,首次燃烧,usage_tips_text,罗勒除味蜡烛使用建议： -第一次燃烧蜡烛时，请确保持续燃烧2-3小时，使蜡烛表面完全液化，以防止烛芯周围的蜡面凹陷。,https://www.diptyque-cn.com/p/odor-removing-candle-with-basil-190g.html,approved,保养,fact,controlled_source_pattern
HOMELDDRGODORCANDL::罗勒除味蜡烛,罗勒除味蜡烛,家居香氛,HAS_CARE_INSTRUCTION,CareInstruction,修剪烛芯,usage_tips_text,-用烛芯修剪器定期修剪烛芯至3-5mm的理想长度。 -请确保在每次使用后蜡烛后都将烛芯调整至直立状态并处于中央位置，以确保蜡烛均匀燃烧。,https://www.diptyque-cn.com/p/odor-removing-candle-with-basil-190g.html,approved,保养,fact,controlled_source_pattern
HOMELDDRGODORCANDL::罗勒除味蜡烛,罗勒除味蜡烛,家居香氛,HAS_CARE_INSTRUCTION,CareInstruction,控制燃烧时长,usage_tips_text,罗勒除味蜡烛使用建议： -第一次燃烧蜡烛时，请确保持续燃烧2-3小时，使蜡烛表面完全液化，以防止烛芯周围的蜡面凹陷。 -用烛芯修剪器定期修剪烛芯至3-5mm的理想长度。 -请确保在每次使用后蜡烛后都将烛芯调整至直立状态并处于中央位置，以确保蜡烛均匀燃烧。 建议在开始烹饪的30分钟前点燃除味蜡烛 并于烹饪结束后继续燃烧30分钟。,https://www.diptyque-cn.com/p/odor-removing-candle-with-basil-190g.html,approved,保养,fact,controlled_source_pattern
HOMELDDRGODORCANDL::罗勒除味蜡烛,罗勒除味蜡烛,家居香氛,HAS_CARE_INSTRUCTION,CareInstruction,无人照看警示,caracteristics_text,-请勿将燃烧中的蜡烛遗留在无人照看的场所。,https://www.diptyque-cn.com/p/odor-removing-candle-with-basil-190g.html,approved,保养,fact,controlled_source_pattern
HOMELDDRGODORCANDL::罗勒除味蜡烛,罗勒除味蜡烛,家居香氛,HAS_FUNCTION,Function,扩香,product_form,已审核本体规则：家居香氛 / 室内香氛 -> 扩香,https://www.diptyque-cn.com/p/odor-removing-candle-with-basil-190g.html,derived_from_approved_rule,功能,derived_intent,controlled_ontology_rule
HOMELDDRGODORCANDL::罗勒除味蜡烛,罗勒除味蜡烛,家居香氛,SERVES_NEED,UserNeed,空间氛围,product_form,已审核本体规则：家居香氛 / 室内香氛 -> 空间氛围,https://www.diptyque-cn.com/p/odor-removing-candle-with-basil-190g.html,derived_from_approved_rule,需求,derived_intent,controlled_ontology_rule
HOMEREEDDIFRO::玫瑰室内扩香摆件补充装,玫瑰室内扩香摆件补充装,家居香氛,HAS_FUNCTION,Function,扩香,product_form,已审核本体规则：家居香氛 / 室内扩香摆件 -> 扩香,https://www.diptyque-cn.com/p/roses-home-fragrance-diffuser-refill-1.html,derived_from_approved_rule,功能,derived_intent,controlled_ontology_rule
HOMEREEDDIFRO::玫瑰室内扩香摆件补充装,玫瑰室内扩香摆件补充装,家居香氛,SERVES_NEED,UserNeed,空间氛围,product_form,已审核本体规则：家居香氛 / 室内扩香摆件 -> 空间氛围,https://www.diptyque-cn.com/p/roses-home-fragrance-diffuser-refill-1.html,derived_from_approved_rule,需求,derived_intent,controlled_ontology_rule
HOMEREEDREFILL200A::圣日尔曼大道34号室内扩香摆件补充装,圣日尔曼大道34号室内扩香摆件补充装,家居香氛,HAS_FUNCTION,Function,扩香,product_form,已审核本体规则：家居香氛 / 室内扩香摆件 -> 扩香,https://www.diptyque-cn.com/p/34-boulevard-saint-germain-home-fragrance-diffuser-refill-1.html,derived_from_approved_rule,功能,derived_intent,controlled_ontology_rule
HOMEREEDREFILL200A::圣日尔曼大道34号室内扩香摆件补充装,圣日尔曼大道34号室内扩香摆件补充装,家居香氛,SERVES_NEED,UserNeed,空间氛围,product_form,已审核本体规则：家居香氛 / 室内扩香摆件 -> 空间氛围,https://www.diptyque-cn.com/p/34-boulevard-saint-germain-home-fragrance-diffuser-refill-1.html,derived_from_approved_rule,需求,derived_intent,controlled_ontology_rule
HOMEREEDREFILL200D::雪松木衣物香氛陶瓷家居清洁护理系列,雪松木衣物香氛陶瓷 - 家居清洁护理系列,家居香氛,HAS_FUNCTION,Function,扩香,product_form,已审核本体规则：家居香氛 / 室内香氛 -> 扩香,https://www.diptyque-cn.com/p/ceramic-for-wool-and-delicate-textiles-with-cedarwood.html,derived_from_approved_rule,功能,derived_intent,controlled_ontology_rule
HOMEREEDREFILL200D::雪松木衣物香氛陶瓷家居清洁护理系列,雪松木衣物香氛陶瓷 - 家居清洁护理系列,家居香氛,SERVES_NEED,UserNeed,空间氛围,product_form,已审核本体规则：家居香氛 / 室内香氛 -> 空间氛围,https://www.diptyque-cn.com/p/ceramic-for-wool-and-delicate-textiles-with-cedarwood.html,derived_from_approved_rule,需求,derived_intent,controlled_ontology_rule
HOMEREEDREFILL200E::浆果香摇摆扩香器补充装,浆果香 - 摇摆扩香器补充装,家居香氛,HAS_FUNCTION,Function,扩香,product_form,已审核本体规则：家居香氛 / 室内香氛 -> 扩香,https://www.diptyque-cn.com/p/baies-berries-refill-for-the-culbuto-oscillating-diffuser.html,derived_from_approved_rule,功能,derived_intent,controlled_ontology_rule
HOMEREEDREFILL200E::浆果香摇摆扩香器补充装,浆果香 - 摇摆扩香器补充装,家居香氛,SERVES_NEED,UserNeed,空间氛围,product_form,已审核本体规则：家居香氛 / 室内香氛 -> 空间氛围,https://www.diptyque-cn.com/p/baies-berries-refill-for-the-culbuto-oscillating-diffuser.html,derived_from_approved_rule,需求,derived_intent,controlled_ontology_rule
HOMEREEDREFILL200F::无花果室内扩香摆件补充装,无花果室内扩香摆件补充装,家居香氛,HAS_FUNCTION,Function,扩香,product_form,已审核本体规则：家居香氛 / 室内扩香摆件 -> 扩香,https://www.diptyque-cn.com/p/fig-tree-home-fragrance-diffuser-refill.html,derived_from_approved_rule,功能,derived_intent,controlled_ontology_rule
HOMEREEDREFILL200F::无花果室内扩香摆件补充装,无花果室内扩香摆件补充装,家居香氛,SERVES_NEED,UserNeed,空间氛围,product_form,已审核本体规则：家居香氛 / 室内扩香摆件 -> 空间氛围,https://www.diptyque-cn.com/p/fig-tree-home-fragrance-diffuser-refill.html,derived_from_approved_rule,需求,derived_intent,controlled_ontology_rule
HOMEREEDREFILL200H::玫瑰香调香氛皂,玫瑰香调 - 香氛皂,身体护理,HAS_FUNCTION,Function,洁肤,product_form,已审核本体规则：身体护理 / 香氛皂 -> 洁肤,https://www.diptyque-cn.com/p/eau-rose-perfumed-soap.html,derived_from_approved_rule,功能,derived_intent,controlled_ontology_rule
HOMEREEDREFILL200H::玫瑰香调香氛皂,玫瑰香调 - 香氛皂,身体护理,SERVES_NEED,UserNeed,肌肤护理,product_form,已审核本体规则：身体护理 / 香氛皂 -> 肌肤护理,https://www.diptyque-cn.com/p/eau-rose-perfumed-soap.html,derived_from_approved_rule,需求,derived_intent,controlled_ontology_rule
HOMEREEDREFILL2L2::浆果香室内扩香摆件补充瓶,浆果香室内扩香摆件补充瓶,家居香氛,SERVES_NEED,UserNeed,空间氛围,pdp_long_description,室内扩香摆件是对Diptyque独家专业技艺的诠释，为每一处室内空间提供持久且精致的嗅觉体验，营造诗意氛围。,https://www.diptyque-cn.com/p/refreedb2l-home-fragrance-diffuser-refill.html,approved,需求,fact,controlled_source_pattern
HOMEREEDREFILL2L2::浆果香室内扩香摆件补充瓶,浆果香室内扩香摆件补充瓶,家居香氛,HAS_CARE_INSTRUCTION,CareInstruction,首次燃烧,usage_tips_text,首次使用时，请将藤条于精油中浸泡5至6小时后，略微抽出，待藤条上的精油尽数滴入玻璃瓶樽中后，将沥干的藤条翻转插入瓶中，扩香周期由此开启。,https://www.diptyque-cn.com/p/refreedb2l-home-fragrance-diffuser-refill.html,approved,保养,fact,controlled_source_pattern
HOMEREEDREFILL2L2::浆果香室内扩香摆件补充瓶,浆果香室内扩香摆件补充瓶,家居香氛,HAS_FUNCTION,Function,扩香,product_form,已审核本体规则：家居香氛 / 室内扩香摆件 -> 扩香,https://www.diptyque-cn.com/p/refreedb2l-home-fragrance-diffuser-refill.html,derived_from_approved_rule,功能,derived_intent,controlled_ontology_rule
HOMEREEDREFILL2L3::圣日尔曼大道34号室内扩香摆件补充瓶,圣日尔曼大道34号室内扩香摆件补充瓶,家居香氛,SERVES_NEED,UserNeed,空间氛围,pdp_long_description,室内扩香摆件是对Diptyque独家专业技艺的诠释，为每一处室内空间提供持久且精致的嗅觉体验，营造诗意氛围。,https://www.diptyque-cn.com/p/refreed34b2l-home-fragrance-diffuser-refill.html,approved,需求,fact,controlled_source_pattern
HOMEREEDREFILL2L3::圣日尔曼大道34号室内扩香摆件补充瓶,圣日尔曼大道34号室内扩香摆件补充瓶,家居香氛,HAS_CARE_INSTRUCTION,CareInstruction,首次燃烧,usage_tips_text,首次使用时，请将藤条于精油中浸泡5至6小时后，略微抽出，待藤条上的精油尽数滴入玻璃瓶樽中后，将沥干的藤条翻转插入瓶中，扩香周期由此开启。,https://www.diptyque-cn.com/p/refreed34b2l-home-fragrance-diffuser-refill.html,approved,保养,fact,controlled_source_pattern
HOMEREEDREFILL2L3::圣日尔曼大道34号室内扩香摆件补充瓶,圣日尔曼大道34号室内扩香摆件补充瓶,家居香氛,HAS_FUNCTION,Function,扩香,product_form,已审核本体规则：家居香氛 / 室内扩香摆件 -> 扩香,https://www.diptyque-cn.com/p/refreed34b2l-home-fragrance-diffuser-refill.html,derived_from_approved_rule,功能,derived_intent,controlled_ontology_rule
HOMERSP1::圣日尔曼大道34号室内喷雾,圣日尔曼大道34号室内喷雾,家居香氛,HAS_FUNCTION,Function,扩香,product_form,已审核本体规则：家居香氛 / 室内喷雾 -> 扩香,https://www.diptyque-cn.com/p/34-boulevard-saint-germain-room-spray-1.html,derived_from_approved_rule,功能,derived_intent,controlled_ontology_rule
HOMERSP1::圣日尔曼大道34号室内喷雾,圣日尔曼大道34号室内喷雾,家居香氛,SERVES_NEED,UserNeed,空间氛围,product_form,已审核本体规则：家居香氛 / 室内喷雾 -> 空间氛围,https://www.diptyque-cn.com/p/34-boulevard-saint-germain-room-spray-1.html,derived_from_approved_rule,需求,derived_intent,controlled_ontology_rule
HOMERSP2::生姜室内喷雾,生姜室内喷雾,家居香氛,HAS_FUNCTION,Function,扩香,product_form,已审核本体规则：家居香氛 / 室内喷雾 -> 扩香,https://www.diptyque-cn.com/p/gingembre-ginger-room-spray.html,derived_from_approved_rule,功能,derived_intent,controlled_ontology_rule
HOMERSP2::生姜室内喷雾,生姜室内喷雾,家居香氛,SERVES_NEED,UserNeed,空间氛围,product_form,已审核本体规则：家居香氛 / 室内喷雾 -> 空间氛围,https://www.diptyque-cn.com/p/gingembre-ginger-room-spray.html,derived_from_approved_rule,需求,derived_intent,controlled_ontology_rule
HOMERSP3::含羞草室内喷雾,含羞草室内喷雾,家居香氛,HAS_FUNCTION,Function,扩香,product_form,已审核本体规则：家居香氛 / 室内喷雾 -> 扩香,https://www.diptyque-cn.com/p/vaporisateur-d-interieur-mimosa-1.html,derived_from_approved_rule,功能,derived_intent,controlled_ontology_rule
HOMERSP3::含羞草室内喷雾,含羞草室内喷雾,家居香氛,SERVES_NEED,UserNeed,空间氛围,product_form,已审核本体规则：家居香氛 / 室内喷雾 -> 空间氛围,https://www.diptyque-cn.com/p/vaporisateur-d-interieur-mimosa-1.html,derived_from_approved_rule,需求,derived_intent,controlled_ontology_rule
HOMERSP4::玫瑰香调固体香膏,玫瑰香调 - 固体香膏,个人香氛,HAS_FUNCTION,Function,便携补香,product_form,已审核本体规则：个人香氛 / 香膏 -> 便携补香,https://www.diptyque-cn.com/p/eau-rose-refillable-solid-perfume-2.html,derived_from_approved_rule,功能,derived_intent,controlled_ontology_rule
HOMERSP4::玫瑰香调固体香膏,玫瑰香调 - 固体香膏,个人香氛,SERVES_NEED,UserNeed,个人用香,product_form,已审核本体规则：个人香氛 / 香膏 -> 个人用香,https://www.diptyque-cn.com/p/eau-rose-refillable-solid-perfume-2.html,derived_from_approved_rule,需求,derived_intent,controlled_ontology_rule
HOMERSP4::玫瑰香调固体香膏,玫瑰香调 - 固体香膏,个人香氛,SERVES_NEED,UserNeed,便携使用,product_form,已审核本体规则：个人香氛 / 香膏 -> 便携使用,https://www.diptyque-cn.com/p/eau-rose-refillable-solid-perfume-2.html,derived_from_approved_rule,需求,derived_intent,controlled_ontology_rule
HOMERSP5::杜桑固体香膏,杜桑 - 固体香膏,个人香氛,HAS_FUNCTION,Function,便携补香,product_form,已审核本体规则：个人香氛 / 香膏 -> 便携补香,https://www.diptyque-cn.com/p/do-son-refillable-solid-perfume-4.html,derived_from_approved_rule,功能,derived_intent,controlled_ontology_rule
HOMERSP5::杜桑固体香膏,杜桑 - 固体香膏,个人香氛,SERVES_NEED,UserNeed,个人用香,product_form,已审核本体规则：个人香氛 / 香膏 -> 个人用香,https://www.diptyque-cn.com/p/do-son-refillable-solid-perfume-4.html,derived_from_approved_rule,需求,derived_intent,controlled_ontology_rule
HOMERSP5::杜桑固体香膏,杜桑 - 固体香膏,个人香氛,SERVES_NEED,UserNeed,便携使用,product_form,已审核本体规则：个人香氛 / 香膏 -> 便携使用,https://www.diptyque-cn.com/p/do-son-refillable-solid-perfume-4.html,derived_from_approved_rule,需求,derived_intent,controlled_ontology_rule
HOMERSP6::奥费恩固体香膏,奥费恩 - 固体香膏,个人香氛,HAS_FUNCTION,Function,便携补香,product_form,已审核本体规则：个人香氛 / 香膏 -> 便携补香,https://www.diptyque-cn.com/p/orpheon-refillable-solid-perfume.html,derived_from_approved_rule,功能,derived_intent,controlled_ontology_rule
HOMERSP6::奥费恩固体香膏,奥费恩 - 固体香膏,个人香氛,SERVES_NEED,UserNeed,个人用香,product_form,已审核本体规则：个人香氛 / 香膏 -> 个人用香,https://www.diptyque-cn.com/p/orpheon-refillable-solid-perfume.html,derived_from_approved_rule,需求,derived_intent,controlled_ontology_rule
HOMERSP6::奥费恩固体香膏,奥费恩 - 固体香膏,个人香氛,SERVES_NEED,UserNeed,便携使用,product_form,已审核本体规则：个人香氛 / 香膏 -> 便携使用,https://www.diptyque-cn.com/p/orpheon-refillable-solid-perfume.html,derived_from_approved_rule,需求,derived_intent,controlled_ontology_rule
HOMERSP7::生姜扩香精补充瓶,生姜 - 扩香精补充瓶,家居香氛,HAS_FUNCTION,Function,留香,pdp_long_description,香水缓缓滴落，散发出淡淡香味。新鲜切开的生姜，带来纯粹热烈的辛辣香气。,https://www.diptyque-cn.com/p/gingembre-ginger-hourglass-diffuser-refill-2-1.html,approved,功能,fact,controlled_source_pattern
HOMERSP7::生姜扩香精补充瓶,生姜 - 扩香精补充瓶,家居香氛,HAS_FUNCTION,Function,扩香,product_form,已审核本体规则：家居香氛 / 扩香精 -> 扩香,https://www.diptyque-cn.com/p/gingembre-ginger-hourglass-diffuser-refill-2-1.html,derived_from_approved_rule,功能,derived_intent,controlled_ontology_rule
HOMERSP7::生姜扩香精补充瓶,生姜 - 扩香精补充瓶,家居香氛,SERVES_NEED,UserNeed,空间氛围,product_form,已审核本体规则：家居香氛 / 扩香精 -> 空间氛围,https://www.diptyque-cn.com/p/gingembre-ginger-hourglass-diffuser-refill-2-1.html,derived_from_approved_rule,需求,derived_intent,controlled_ontology_rule
HOMERSP8::浆果香扩香精,浆果香 - 扩香精,家居香氛,HAS_FUNCTION,Function,留香,caracteristics_text,-旨在以一种温和而缓慢的方式散发香气，是在小空间维持几个月香气的理想选择（<20平方米） -一个周期大约持续时间：1小时 -可以用相同的香氛填充两次。,https://www.diptyque-cn.com/p/baies-berries-hourglass-diffuser-1.html,approved,功能,fact,controlled_source_pattern
HOMERSP8::浆果香扩香精,浆果香 - 扩香精,家居香氛,HAS_FUNCTION,Function,扩香,product_form,已审核本体规则：家居香氛 / 扩香精 -> 扩香,https://www.diptyque-cn.com/p/baies-berries-hourglass-diffuser-1.html,derived_from_approved_rule,功能,derived_intent,controlled_ontology_rule
HOMERSP8::浆果香扩香精,浆果香 - 扩香精,家居香氛,SERVES_NEED,UserNeed,空间氛围,product_form,已审核本体规则：家居香氛 / 扩香精 -> 空间氛围,https://www.diptyque-cn.com/p/baies-berries-hourglass-diffuser-1.html,derived_from_approved_rule,需求,derived_intent,controlled_ontology_rule
HOMERSP9::含羞草扩香精,含羞草 - 扩香精,家居香氛,HAS_FUNCTION,Function,留香,caracteristics_text,-旨在以一种温和而缓慢的方式散发香气，是在小空间维持几个月香气的理想选择（<20平方米） -一个周期大约持续时间：1小时 -可以用相同的香氛填充两次。,https://www.diptyque-cn.com/p/mimosa-hourglass-diffuser-1.html,approved,功能,fact,controlled_source_pattern
HOMERSP9::含羞草扩香精,含羞草 - 扩香精,家居香氛,HAS_FUNCTION,Function,扩香,product_form,已审核本体规则：家居香氛 / 扩香精 -> 扩香,https://www.diptyque-cn.com/p/mimosa-hourglass-diffuser-1.html,derived_from_approved_rule,功能,derived_intent,controlled_ontology_rule
HOMERSP9::含羞草扩香精,含羞草 - 扩香精,家居香氛,SERVES_NEED,UserNeed,空间氛围,product_form,已审核本体规则：家居香氛 / 扩香精 -> 空间氛围,https://www.diptyque-cn.com/p/mimosa-hourglass-diffuser-1.html,derived_from_approved_rule,需求,derived_intent,controlled_ontology_rule
HOMERSP::无花果室内喷雾,无花果 - 室内喷雾,家居香氛,HAS_FUNCTION,Function,扩香,product_form,已审核本体规则：家居香氛 / 室内喷雾 -> 扩香,https://www.diptyque-cn.com/p/figuier-fig-tree-room-spray.html,derived_from_approved_rule,功能,derived_intent,controlled_ontology_rule
HOMERSP::无花果室内喷雾,无花果 - 室内喷雾,家居香氛,SERVES_NEED,UserNeed,空间氛围,product_form,已审核本体规则：家居香氛 / 室内喷雾 -> 空间氛围,https://www.diptyque-cn.com/p/figuier-fig-tree-room-spray.html,derived_from_approved_rule,需求,derived_intent,controlled_ontology_rule
HOMERSP::浆果香室内喷雾,浆果香 - 室内喷雾,家居香氛,HAS_FUNCTION,Function,扩香,product_form,已审核本体规则：家居香氛 / 室内喷雾 -> 扩香,https://www.diptyque-cn.com/p/baies-berries-room-spray.html,derived_from_approved_rule,功能,derived_intent,controlled_ontology_rule
HOMERSP::浆果香室内喷雾,浆果香 - 室内喷雾,家居香氛,SERVES_NEED,UserNeed,空间氛围,product_form,已审核本体规则：家居香氛 / 室内喷雾 -> 空间氛围,https://www.diptyque-cn.com/p/baies-berries-room-spray.html,derived_from_approved_rule,需求,derived_intent,controlled_ontology_rule
HOMERSP::琥珀室内喷雾,琥珀 - 室内喷雾,家居香氛,HAS_FUNCTION,Function,扩香,product_form,已审核本体规则：家居香氛 / 室内喷雾 -> 扩香,https://www.diptyque-cn.com/p/ambre-amber-room-spray.html,derived_from_approved_rule,功能,derived_intent,controlled_ontology_rule
HOMERSP::琥珀室内喷雾,琥珀 - 室内喷雾,家居香氛,SERVES_NEED,UserNeed,空间氛围,product_form,已审核本体规则：家居香氛 / 室内喷雾 -> 空间氛围,https://www.diptyque-cn.com/p/ambre-amber-room-spray.html,derived_from_approved_rule,需求,derived_intent,controlled_ontology_rule
HOMESCO1::圣日尔曼大道34号室内香氛蜡,圣日尔曼大道34号室内香氛蜡,家居香氛,HAS_FUNCTION,Function,留香,story_text,Diptyque室内香氛蜡由Jean-Marc Gady工作室设计，散发Diptyque经典香氛。每一款香氛蜡均镌刻上香气的名字，嵌入品牌经典的椭圆陶瓷外环。黑色挂绳便于将香氛蜡悬挂于衣橱或衣帽间。怡人香气慢慢释放，香气持续可达三个月左右。,https://www.diptyque-cn.com/p/palet-parfume-34-boulevard-saint-germain-1.html,approved,功能,fact,controlled_source_pattern
HOMESCO1::圣日尔曼大道34号室内香氛蜡,圣日尔曼大道34号室内香氛蜡,家居香氛,HAS_SCENE,UseScene,车内,usage_tips_text,不建议放置于车内或高温环境下。,https://www.diptyque-cn.com/p/palet-parfume-34-boulevard-saint-germain-1.html,approved,场景,fact,controlled_source_pattern
HOMESCO1::圣日尔曼大道34号室内香氛蜡,圣日尔曼大道34号室内香氛蜡,家居香氛,HAS_FUNCTION,Function,扩香,product_form,已审核本体规则：家居香氛 / 室内香氛蜡 -> 扩香,https://www.diptyque-cn.com/p/palet-parfume-34-boulevard-saint-germain-1.html,derived_from_approved_rule,功能,derived_intent,controlled_ontology_rule
HOMESCO1::圣日尔曼大道34号室内香氛蜡,圣日尔曼大道34号室内香氛蜡,家居香氛,SERVES_NEED,UserNeed,空间氛围,product_form,已审核本体规则：家居香氛 / 室内香氛蜡 -> 空间氛围,https://www.diptyque-cn.com/p/palet-parfume-34-boulevard-saint-germain-1.html,derived_from_approved_rule,需求,derived_intent,controlled_ontology_rule
HOMESCO2::浆果香室内香氛蜡,浆果香室内香氛蜡,家居香氛,HAS_FUNCTION,Function,留香,story_text,Diptyque室内香氛蜡由Jean-Marc Gady工作室设计，散发Diptyque经典香氛。每一款香氛蜡均镌刻上香气的名字，嵌入品牌经典的椭圆陶瓷外环。黑色挂绳便于将香氛蜡悬挂于衣橱或衣帽间。怡人香气慢慢释放，香气持续可达三个月左右。,https://www.diptyque-cn.com/p/baies-berries-scented-oval.html,approved,功能,fact,controlled_source_pattern
HOMESCO2::浆果香室内香氛蜡,浆果香室内香氛蜡,家居香氛,HAS_SCENE,UseScene,车内,usage_tips_text,不建议放置于车内或高温环境下。,https://www.diptyque-cn.com/p/baies-berries-scented-oval.html,approved,场景,fact,controlled_source_pattern
HOMESCO2::浆果香室内香氛蜡,浆果香室内香氛蜡,家居香氛,HAS_FUNCTION,Function,扩香,product_form,已审核本体规则：家居香氛 / 室内香氛蜡 -> 扩香,https://www.diptyque-cn.com/p/baies-berries-scented-oval.html,derived_from_approved_rule,功能,derived_intent,controlled_ontology_rule
HOMESCO2::浆果香室内香氛蜡,浆果香室内香氛蜡,家居香氛,SERVES_NEED,UserNeed,空间氛围,product_form,已审核本体规则：家居香氛 / 室内香氛蜡 -> 空间氛围,https://www.diptyque-cn.com/p/baies-berries-scented-oval.html,derived_from_approved_rule,需求,derived_intent,controlled_ontology_rule
HOMESCO3::希腊无花果室内香氛蜡,希腊无花果室内香氛蜡,家居香氛,HAS_FUNCTION,Function,留香,story_text,Diptyque室内香氛蜡由Jean-Marc Gady工作室设计，散发Diptyque经典香氛。每一款香氛蜡均镌刻上香气的名字，嵌入品牌经典的椭圆陶瓷外环。黑色挂绳便于将香氛蜡悬挂于衣橱或衣帽间。怡人香气慢慢释放，香气持续可达三个月左右。,https://www.diptyque-cn.com/p/figuier-fig-tree-scented-oval.html,approved,功能,fact,controlled_source_pattern
HOMESCO3::希腊无花果室内香氛蜡,希腊无花果室内香氛蜡,家居香氛,HAS_SCENE,UseScene,车内,usage_tips_text,不建议放置于车内或高温环境下。,https://www.diptyque-cn.com/p/figuier-fig-tree-scented-oval.html,approved,场景,fact,controlled_source_pattern
HOMESCO3::希腊无花果室内香氛蜡,希腊无花果室内香氛蜡,家居香氛,HAS_FUNCTION,Function,扩香,product_form,已审核本体规则：家居香氛 / 室内香氛蜡 -> 扩香,https://www.diptyque-cn.com/p/figuier-fig-tree-scented-oval.html,derived_from_approved_rule,功能,derived_intent,controlled_ontology_rule
HOMESCO3::希腊无花果室内香氛蜡,希腊无花果室内香氛蜡,家居香氛,SERVES_NEED,UserNeed,空间氛围,product_form,已审核本体规则：家居香氛 / 室内香氛蜡 -> 空间氛围,https://www.diptyque-cn.com/p/figuier-fig-tree-scented-oval.html,derived_from_approved_rule,需求,derived_intent,controlled_ontology_rule
HOMESCO4::玫瑰室内香氛蜡,玫瑰室内香氛蜡,家居香氛,HAS_FUNCTION,Function,留香,story_text,Diptyque室内香氛蜡由Jean-Marc Gady工作室设计，散发Diptyque经典香氛。每一款香氛蜡均镌刻上香气的名字，嵌入品牌经典的椭圆陶瓷外环。黑色挂绳便于将香氛蜡悬挂于衣橱或衣帽间。怡人香气慢慢释放，香气持续可达三个月左右。,https://www.diptyque-cn.com/p/roses-scented-oval.html,approved,功能,fact,controlled_source_pattern
HOMESCO4::玫瑰室内香氛蜡,玫瑰室内香氛蜡,家居香氛,HAS_SCENE,UseScene,车内,usage_tips_text,不建议放置于车内或高温环境下。,https://www.diptyque-cn.com/p/roses-scented-oval.html,approved,场景,fact,controlled_source_pattern
HOMESCO4::玫瑰室内香氛蜡,玫瑰室内香氛蜡,家居香氛,HAS_FUNCTION,Function,扩香,product_form,已审核本体规则：家居香氛 / 室内香氛蜡 -> 扩香,https://www.diptyque-cn.com/p/roses-scented-oval.html,derived_from_approved_rule,功能,derived_intent,controlled_ontology_rule
HOMESCO4::玫瑰室内香氛蜡,玫瑰室内香氛蜡,家居香氛,SERVES_NEED,UserNeed,空间氛围,product_form,已审核本体规则：家居香氛 / 室内香氛蜡 -> 空间氛围,https://www.diptyque-cn.com/p/roses-scented-oval.html,derived_from_approved_rule,需求,derived_intent,controlled_ontology_rule
HOMETB600::大号香氛蜡烛晚香玉,大号香氛蜡烛-晚香玉,家居香氛,HAS_SCENE,UseScene,中大型房间,caracteristics_text,-适合中型及大型房间 -香气渐进而持久（约20分钟后达到理想效果）。,https://www.diptyque-cn.com/p/tubereuse-tuberose-candle-600g.html,approved,场景,fact,controlled_source_pattern
HOMETB600::大号香氛蜡烛晚香玉,大号香氛蜡烛-晚香玉,家居香氛,HAS_CARE_INSTRUCTION,CareInstruction,首次燃烧,usage_tips_text,-第一次燃烧蜡烛时，请确保持续燃烧2-3小时，使蜡烛表面完全液化，以防止烛芯周围的蜡面凹陷。,https://www.diptyque-cn.com/p/tubereuse-tuberose-candle-600g.html,approved,保养,fact,controlled_source_pattern
HOMETB600::大号香氛蜡烛晚香玉,大号香氛蜡烛-晚香玉,家居香氛,HAS_CARE_INSTRUCTION,CareInstruction,修剪烛芯,usage_tips_text,-用烛芯修剪器定期修剪烛芯至3-5mm的理想长度。 -请确保在每次使用后蜡烛后都将烛芯调整至直立状态并处于中央位置，以确保蜡烛均匀燃烧。,https://www.diptyque-cn.com/p/tubereuse-tuberose-candle-600g.html,approved,保养,fact,controlled_source_pattern
HOMETB600::大号香氛蜡烛晚香玉,大号香氛蜡烛-晚香玉,家居香氛,HAS_CARE_INSTRUCTION,CareInstruction,控制燃烧时长,usage_tips_text,-同时点燃3根烛芯，让蜡烛燃烧得更均匀。 -第一次燃烧蜡烛时，请确保持续燃烧2-3小时，使蜡烛表面完全液化，以防止烛芯周围的蜡面凹陷。,https://www.diptyque-cn.com/p/tubereuse-tuberose-candle-600g.html,approved,保养,fact,controlled_source_pattern
HOMETB600::大号香氛蜡烛晚香玉,大号香氛蜡烛-晚香玉,家居香氛,HAS_CARE_INSTRUCTION,CareInstruction,无人照看警示,caracteristics_text,-请勿将燃烧中的蜡烛遗留在无人照看的场所。,https://www.diptyque-cn.com/p/tubereuse-tuberose-candle-600g.html,approved,保养,fact,controlled_source_pattern
HOMETB600::大号香氛蜡烛晚香玉,大号香氛蜡烛-晚香玉,家居香氛,HAS_FUNCTION,Function,扩香,product_form,已审核本体规则：家居香氛 / 大号香氛蜡烛 -> 扩香,https://www.diptyque-cn.com/p/tubereuse-tuberose-candle-600g.html,derived_from_approved_rule,功能,derived_intent,controlled_ontology_rule
HOMETB600::大号香氛蜡烛晚香玉,大号香氛蜡烛-晚香玉,家居香氛,SERVES_NEED,UserNeed,空间氛围,product_form,已审核本体规则：家居香氛 / 大号香氛蜡烛 -> 空间氛围,https://www.diptyque-cn.com/p/tubereuse-tuberose-candle-600g.html,derived_from_approved_rule,需求,derived_intent,controlled_ontology_rule
HOMEVDRG150::罗勒除味室内喷雾,罗勒除味室内喷雾,家居香氛,HAS_FUNCTION,Function,清洁,pdp_long_description,轻轻一喷，去除异味的同时，散发罗勒、薄荷及番茄叶的芬芳。,https://www.diptyque-cn.com/p/la-droguerie-anti-odour-spray-with-basil.html,approved,功能,fact,controlled_source_pattern
HOMEVDRG150::罗勒除味室内喷雾,罗勒除味室内喷雾,家居香氛,SERVES_NEED,UserNeed,空间清新,pdp_long_description,轻轻一喷，去除异味的同时，散发罗勒、薄荷及番茄叶的芬芳。,https://www.diptyque-cn.com/p/la-droguerie-anti-odour-spray-with-basil.html,approved,需求,fact,controlled_source_pattern
HOMEVDRG150::罗勒除味室内喷雾,罗勒除味室内喷雾,家居香氛,HAS_FUNCTION,Function,扩香,product_form,已审核本体规则：家居香氛 / 室内香氛 -> 扩香,https://www.diptyque-cn.com/p/la-droguerie-anti-odour-spray-with-basil.html,derived_from_approved_rule,功能,derived_intent,controlled_ontology_rule
HOMEVDRG150::罗勒除味室内喷雾,罗勒除味室内喷雾,家居香氛,SERVES_NEED,UserNeed,空间氛围,product_form,已审核本体规则：家居香氛 / 室内香氛 -> 空间氛围,https://www.diptyque-cn.com/p/la-droguerie-anti-odour-spray-with-basil.html,derived_from_approved_rule,需求,derived_intent,controlled_ontology_rule
ORPHEON2022::奥费恩淡香精,奥费恩淡香精,个人香氛,HAS_FUNCTION,Function,留香,product_form,已审核本体规则：个人香氛 / 淡香精 -> 留香,https://www.diptyque-cn.com/p/orpheon-eau-de-parfum-75ml.html,derived_from_approved_rule,功能,derived_intent,controlled_ontology_rule
ORPHEON2022::奥费恩淡香精,奥费恩淡香精,个人香氛,SERVES_NEED,UserNeed,个人用香,product_form,已审核本体规则：个人香氛 / 淡香精 -> 个人用香,https://www.diptyque-cn.com/p/orpheon-eau-de-parfum-75ml.html,derived_from_approved_rule,需求,derived_intent,controlled_ontology_rule
S2024DECO01385::灯笼玻璃烛罩,灯笼玻璃烛罩,艺术家居,HAS_CARE_INSTRUCTION,CareInstruction,清洁方法,usage_tips_text,建议用蘸有少许水分的软布擦拭。,https://www.diptyque-cn.com/p/traveling-lantern-for-classic-and-medium-candles-deco01385.html,approved,保养,fact,controlled_source_pattern
S2024DECO01385::灯笼玻璃烛罩,灯笼玻璃烛罩,艺术家居,HAS_FUNCTION,Function,保护烛焰,product_form,已审核本体规则：艺术家居 / 烛罩 -> 保护烛焰,https://www.diptyque-cn.com/p/traveling-lantern-for-classic-and-medium-candles-deco01385.html,derived_from_approved_rule,功能,derived_intent,controlled_ontology_rule
S2024DECO01385::灯笼玻璃烛罩,灯笼玻璃烛罩,艺术家居,SERVES_NEED,UserNeed,家居美化,product_form,已审核本体规则：艺术家居 / 烛罩 -> 家居美化,https://www.diptyque-cn.com/p/traveling-lantern-for-classic-and-medium-candles-deco01385.html,derived_from_approved_rule,需求,derived_intent,controlled_ontology_rule
S2024DECO01385::灯笼玻璃烛罩,灯笼玻璃烛罩,艺术家居,SERVES_NEED,UserNeed,香氛养护,product_form,已审核本体规则：艺术家居 / 烛罩 -> 香氛养护,https://www.diptyque-cn.com/p/traveling-lantern-for-classic-and-medium-candles-deco01385.html,derived_from_approved_rule,需求,derived_intent,controlled_ontology_rule
S2024DECO01385::灯笼玻璃烛罩,灯笼玻璃烛罩,艺术家居,HAS_MATERIAL,Material,不锈钢,caracteristics_text,材质：硼矽玻璃，不锈钢,https://www.diptyque-cn.com/p/traveling-lantern-for-classic-and-medium-candles-deco01385.html,approved,材质,fact,controlled_source_pattern
S2024DECO01385::灯笼玻璃烛罩,灯笼玻璃烛罩,艺术家居,HAS_MATERIAL,Material,硼硅玻璃,caracteristics_text,材质：硼矽玻璃，不锈钢,https://www.diptyque-cn.com/p/traveling-lantern-for-classic-and-medium-candles-deco01385.html,approved,材质,fact,controlled_source_pattern
S2024DECO01388::黑色金字塔陶瓷烛盖,黑色金字塔陶瓷烛盖,艺术家居,HAS_CARE_INSTRUCTION,CareInstruction,清洁方法,usage_tips_text,建议用蘸有少许水分的软布擦拭。,https://www.diptyque-cn.com/p/pyramid-lid-for-extra-large-candles-deco01388.html,approved,保养,fact,controlled_source_pattern
S2024DECO01388::黑色金字塔陶瓷烛盖,黑色金字塔陶瓷烛盖,艺术家居,HAS_FUNCTION,Function,保护烛焰,product_form,已审核本体规则：艺术家居 / 烛盖和灭烛罩 -> 保护烛焰,https://www.diptyque-cn.com/p/pyramid-lid-for-extra-large-candles-deco01388.html,derived_from_approved_rule,功能,derived_intent,controlled_ontology_rule
S2024DECO01388::黑色金字塔陶瓷烛盖,黑色金字塔陶瓷烛盖,艺术家居,SERVES_NEED,UserNeed,家居美化,product_form,已审核本体规则：艺术家居 / 烛盖和灭烛罩 -> 家居美化,https://www.diptyque-cn.com/p/pyramid-lid-for-extra-large-candles-deco01388.html,derived_from_approved_rule,需求,derived_intent,controlled_ontology_rule
S2024DECO01388::黑色金字塔陶瓷烛盖,黑色金字塔陶瓷烛盖,艺术家居,SERVES_NEED,UserNeed,香氛养护,product_form,已审核本体规则：艺术家居 / 烛盖和灭烛罩 -> 香氛养护,https://www.diptyque-cn.com/p/pyramid-lid-for-extra-large-candles-deco01388.html,derived_from_approved_rule,需求,derived_intent,controlled_ontology_rule
S2024DECO01388::黑色金字塔陶瓷烛盖,黑色金字塔陶瓷烛盖,艺术家居,HAS_MATERIAL,Material,陶瓷,caracteristics_text,材质：陶瓷,https://www.diptyque-cn.com/p/pyramid-lid-for-extra-large-candles-deco01388.html,approved,材质,fact,controlled_source_pattern
SETSUM26CLDARCN::夏日惊喜礼盒（限量版）,夏日惊喜礼盒（限量版）,个人香氛,HAS_FUNCTION,Function,礼赠组合,product_form,已审核本体规则：个人香氛 / 礼盒 -> 礼赠组合,https://www.diptyque-cn.com/p/sum26cldarcn-set-1.html,derived_from_approved_rule,功能,derived_intent,controlled_ontology_rule
SETSUM26CLDARCN::夏日惊喜礼盒（限量版）,夏日惊喜礼盒（限量版）,个人香氛,SERVES_NEED,UserNeed,个人用香,product_form,已审核本体规则：个人香氛 / 礼盒 -> 个人用香,https://www.diptyque-cn.com/p/sum26cldarcn-set-1.html,derived_from_approved_rule,需求,derived_intent,controlled_ontology_rule
SETSUM26CLDARCN::夏日惊喜礼盒（限量版）,夏日惊喜礼盒（限量版）,个人香氛,SERVES_NEED,UserNeed,送礼,product_form,已审核本体规则：个人香氛 / 礼盒 -> 送礼,https://www.diptyque-cn.com/p/sum26cldarcn-set-1.html,derived_from_approved_rule,需求,derived_intent,controlled_ontology_rule
SOLIDPERFUME1::肌肤之花香膏,肌肤之花香膏,个人香氛,HAS_FUNCTION,Function,便携补香,product_form,已审核本体规则：个人香氛 / 香膏 -> 便携补香,https://www.diptyque-cn.com/p/solidfleur-refillable-solid-perfume.html,derived_from_approved_rule,功能,derived_intent,controlled_ontology_rule
SOLIDPERFUME1::肌肤之花香膏,肌肤之花香膏,个人香氛,SERVES_NEED,UserNeed,个人用香,product_form,已审核本体规则：个人香氛 / 香膏 -> 个人用香,https://www.diptyque-cn.com/p/solidfleur-refillable-solid-perfume.html,derived_from_approved_rule,需求,derived_intent,controlled_ontology_rule
SOLIDPERFUME1::肌肤之花香膏,肌肤之花香膏,个人香氛,SERVES_NEED,UserNeed,便携使用,product_form,已审核本体规则：个人香氛 / 香膏 -> 便携使用,https://www.diptyque-cn.com/p/solidfleur-refillable-solid-perfume.html,derived_from_approved_rule,需求,derived_intent,controlled_ontology_rule
SOLIDPERFUME2::含羞草扩香精补充瓶,含羞草 - 扩香精补充瓶,家居香氛,HAS_FUNCTION,Function,扩香,product_form,已审核本体规则：家居香氛 / 扩香精 -> 扩香,https://www.diptyque-cn.com/p/mimosa-hourglass-diffuser-refill.html,derived_from_approved_rule,功能,derived_intent,controlled_ontology_rule
SOLIDPERFUME2::含羞草扩香精补充瓶,含羞草 - 扩香精补充瓶,家居香氛,SERVES_NEED,UserNeed,空间氛围,product_form,已审核本体规则：家居香氛 / 扩香精 -> 空间氛围,https://www.diptyque-cn.com/p/mimosa-hourglass-diffuser-refill.html,derived_from_approved_rule,需求,derived_intent,controlled_ontology_rule
SOLIDPERFUME3::晚香玉室内扩香摆件补充装,晚香玉 - 室内扩香摆件补充装,家居香氛,HAS_FUNCTION,Function,扩香,product_form,已审核本体规则：家居香氛 / 室内扩香摆件 -> 扩香,https://www.diptyque-cn.com/p/tubereuse-tuberose-home-fragrance-diffuser-refill.html,derived_from_approved_rule,功能,derived_intent,controlled_ontology_rule
SOLIDPERFUME3::晚香玉室内扩香摆件补充装,晚香玉 - 室内扩香摆件补充装,家居香氛,SERVES_NEED,UserNeed,空间氛围,product_form,已审核本体规则：家居香氛 / 室内扩香摆件 -> 空间氛围,https://www.diptyque-cn.com/p/tubereuse-tuberose-home-fragrance-diffuser-refill.html,derived_from_approved_rule,需求,derived_intent,controlled_ontology_rule
SOLIDPERFUME4::橙花室内扩香摆件补充装,橙花 - 室内扩香摆件补充装,家居香氛,HAS_FUNCTION,Function,扩香,product_form,已审核本体规则：家居香氛 / 室内扩香摆件 -> 扩香,https://www.diptyque-cn.com/p/orange-blossom-home-fragrance-diffuser-refill.html,derived_from_approved_rule,功能,derived_intent,controlled_ontology_rule
SOLIDPERFUME4::橙花室内扩香摆件补充装,橙花 - 室内扩香摆件补充装,家居香氛,SERVES_NEED,UserNeed,空间氛围,product_form,已审核本体规则：家居香氛 / 室内扩香摆件 -> 空间氛围,https://www.diptyque-cn.com/p/orange-blossom-home-fragrance-diffuser-refill.html,derived_from_approved_rule,需求,derived_intent,controlled_ontology_rule
SOLIDPERFUME5::玫瑰香调香膏补充装,玫瑰香调香膏补充装,个人香氛,HAS_FUNCTION,Function,便携补香,product_form,已审核本体规则：个人香氛 / 香膏 -> 便携补香,https://www.diptyque-cn.com/p/eau-rose-refills-solid-perfume.html,derived_from_approved_rule,功能,derived_intent,controlled_ontology_rule
SOLIDPERFUME5::玫瑰香调香膏补充装,玫瑰香调香膏补充装,个人香氛,SERVES_NEED,UserNeed,个人用香,product_form,已审核本体规则：个人香氛 / 香膏 -> 个人用香,https://www.diptyque-cn.com/p/eau-rose-refills-solid-perfume.html,derived_from_approved_rule,需求,derived_intent,controlled_ontology_rule
SOLIDPERFUME5::玫瑰香调香膏补充装,玫瑰香调香膏补充装,个人香氛,SERVES_NEED,UserNeed,便携使用,product_form,已审核本体规则：个人香氛 / 香膏 -> 便携使用,https://www.diptyque-cn.com/p/eau-rose-refills-solid-perfume.html,derived_from_approved_rule,需求,derived_intent,controlled_ontology_rule
SOLIDPERFUME6::杜桑香膏补充装,杜桑香膏补充装,个人香氛,HAS_FUNCTION,Function,便携补香,product_form,已审核本体规则：个人香氛 / 香膏 -> 便携补香,https://www.diptyque-cn.com/p/do-son-refills-solid-perfume-1.html,derived_from_approved_rule,功能,derived_intent,controlled_ontology_rule
SOLIDPERFUME6::杜桑香膏补充装,杜桑香膏补充装,个人香氛,SERVES_NEED,UserNeed,个人用香,product_form,已审核本体规则：个人香氛 / 香膏 -> 个人用香,https://www.diptyque-cn.com/p/do-son-refills-solid-perfume-1.html,derived_from_approved_rule,需求,derived_intent,controlled_ontology_rule
SOLIDPERFUME6::杜桑香膏补充装,杜桑香膏补充装,个人香氛,SERVES_NEED,UserNeed,便携使用,product_form,已审核本体规则：个人香氛 / 香膏 -> 便携使用,https://www.diptyque-cn.com/p/do-son-refills-solid-perfume-1.html,derived_from_approved_rule,需求,derived_intent,controlled_ontology_rule
SOLIDPERFUME7::奥费恩香膏补充装,奥费恩香膏补充装,个人香氛,HAS_FUNCTION,Function,便携补香,product_form,已审核本体规则：个人香氛 / 香膏 -> 便携补香,https://www.diptyque-cn.com/p/orpheon-refills-for-solid-perfume.html,derived_from_approved_rule,功能,derived_intent,controlled_ontology_rule
SOLIDPERFUME7::奥费恩香膏补充装,奥费恩香膏补充装,个人香氛,SERVES_NEED,UserNeed,个人用香,product_form,已审核本体规则：个人香氛 / 香膏 -> 个人用香,https://www.diptyque-cn.com/p/orpheon-refills-for-solid-perfume.html,derived_from_approved_rule,需求,derived_intent,controlled_ontology_rule
SOLIDPERFUME7::奥费恩香膏补充装,奥费恩香膏补充装,个人香氛,SERVES_NEED,UserNeed,便携使用,product_form,已审核本体规则：个人香氛 / 香膏 -> 便携使用,https://www.diptyque-cn.com/p/orpheon-refills-for-solid-perfume.html,derived_from_approved_rule,需求,derived_intent,controlled_ontology_rule
SOLIDPERFUME8::肌肤之花香膏补充装,肌肤之花香膏补充装,个人香氛,HAS_FUNCTION,Function,便携补香,product_form,已审核本体规则：个人香氛 / 香膏 -> 便携补香,https://www.diptyque-cn.com/p/rsolidefdp-refillable-solid-perfume.html,derived_from_approved_rule,功能,derived_intent,controlled_ontology_rule
SOLIDPERFUME8::肌肤之花香膏补充装,肌肤之花香膏补充装,个人香氛,SERVES_NEED,UserNeed,个人用香,product_form,已审核本体规则：个人香氛 / 香膏 -> 个人用香,https://www.diptyque-cn.com/p/rsolidefdp-refillable-solid-perfume.html,derived_from_approved_rule,需求,derived_intent,controlled_ontology_rule
SOLIDPERFUME8::肌肤之花香膏补充装,肌肤之花香膏补充装,个人香氛,SERVES_NEED,UserNeed,便携使用,product_form,已审核本体规则：个人香氛 / 香膏 -> 便携使用,https://www.diptyque-cn.com/p/rsolidefdp-refillable-solid-perfume.html,derived_from_approved_rule,需求,derived_intent,controlled_ontology_rule
concept::家居香氛::室内扩香摆件::琥珀室内扩香摆件补充瓶,琥珀室内扩香摆件补充瓶,家居香氛,SERVES_NEED,UserNeed,空间氛围,pdp_long_description,室内扩香摆件是对Diptyque独家专业技艺的诠释，为每一处室内空间提供持久且精致的嗅觉体验，营造诗意氛围。,https://www.diptyque-cn.com/p/refreedab2l-home-fragrance-diffuser-refill.html,approved,需求,fact,controlled_source_pattern
concept::家居香氛::室内扩香摆件::琥珀室内扩香摆件补充瓶,琥珀室内扩香摆件补充瓶,家居香氛,HAS_CARE_INSTRUCTION,CareInstruction,首次燃烧,usage_tips_text,首次使用时，请将藤条于精油中浸泡5至6小时后，略微抽出，待藤条上的精油尽数滴入玻璃瓶樽中后，将沥干的藤条翻转插入瓶中，扩香周期由此开启。,https://www.diptyque-cn.com/p/refreedab2l-home-fragrance-diffuser-refill.html,approved,保养,fact,controlled_source_pattern
concept::家居香氛::室内扩香摆件::琥珀室内扩香摆件补充瓶,琥珀室内扩香摆件补充瓶,家居香氛,HAS_FUNCTION,Function,扩香,product_form,已审核本体规则：家居香氛 / 室内扩香摆件 -> 扩香,https://www.diptyque-cn.com/p/refreedab2l-home-fragrance-diffuser-refill.html,derived_from_approved_rule,功能,derived_intent,controlled_ontology_rule
concept::家居香氛::烛台香氛蜡烛::浆果香烛台香氛蜡烛,浆果香烛台香氛蜡烛,家居香氛,HAS_CARE_INSTRUCTION,CareInstruction,控制燃烧时长,usage_tips_text,燃烧时长约8小时。 请勿在贵重物品表面点燃烛台香氛蜡烛。 建议将烛台香氛蜡烛放置于底座或碟子中点燃。 燃烧时长约20小时。,https://www.diptyque-cn.com/p/baies-berries-scented-dinner-candle-75g.html,approved,保养,fact,controlled_source_pattern
concept::家居香氛::烛台香氛蜡烛::浆果香烛台香氛蜡烛,浆果香烛台香氛蜡烛,家居香氛,HAS_FUNCTION,Function,扩香,product_form,已审核本体规则：家居香氛 / 烛台香氛蜡烛 -> 扩香,https://www.diptyque-cn.com/p/baies-berries-scented-dinner-candle-75g.html,derived_from_approved_rule,功能,derived_intent,controlled_ontology_rule
concept::家居香氛::烛台香氛蜡烛::浆果香烛台香氛蜡烛,浆果香烛台香氛蜡烛,家居香氛,SERVES_NEED,UserNeed,空间氛围,product_form,已审核本体规则：家居香氛 / 烛台香氛蜡烛 -> 空间氛围,https://www.diptyque-cn.com/p/baies-berries-scented-dinner-candle-75g.html,derived_from_approved_rule,需求,derived_intent,controlled_ontology_rule
concept::家居香氛::烛台香氛蜡烛::炭木香烛台香氛蜡烛,炭木香烛台香氛蜡烛,家居香氛,HAS_FUNCTION,Function,留香,pdp_short_description,冬日降临，壁炉中燃烧着炭火，缓缓散发出浓郁的烟熏香气。,https://www.diptyque-cn.com/p/feu-de-bois-wood-fire-scented-dinner-candle-75g.html,approved,功能,fact,controlled_source_pattern
concept::家居香氛::烛台香氛蜡烛::炭木香烛台香氛蜡烛,炭木香烛台香氛蜡烛,家居香氛,HAS_CARE_INSTRUCTION,CareInstruction,控制燃烧时长,usage_tips_text,燃烧时长约8小时。 请勿在贵重物品表面点燃烛台香氛蜡烛。 建议将烛台香氛蜡烛放置于底座或碟子中点燃。 燃烧时长约20小时。,https://www.diptyque-cn.com/p/feu-de-bois-wood-fire-scented-dinner-candle-75g.html,approved,保养,fact,controlled_source_pattern
concept::家居香氛::烛台香氛蜡烛::炭木香烛台香氛蜡烛,炭木香烛台香氛蜡烛,家居香氛,HAS_FUNCTION,Function,扩香,product_form,已审核本体规则：家居香氛 / 烛台香氛蜡烛 -> 扩香,https://www.diptyque-cn.com/p/feu-de-bois-wood-fire-scented-dinner-candle-75g.html,derived_from_approved_rule,功能,derived_intent,controlled_ontology_rule
concept::家居香氛::烛台香氛蜡烛::炭木香烛台香氛蜡烛,炭木香烛台香氛蜡烛,家居香氛,SERVES_NEED,UserNeed,空间氛围,product_form,已审核本体规则：家居香氛 / 烛台香氛蜡烛 -> 空间氛围,https://www.diptyque-cn.com/p/feu-de-bois-wood-fire-scented-dinner-candle-75g.html,derived_from_approved_rule,需求,derived_intent,controlled_ontology_rule
concept::艺术家居::收纳托盘::椭圆漆木收纳托盘,椭圆漆木收纳托盘,艺术家居,HAS_CARE_INSTRUCTION,CareInstruction,清洁方法,usage_tips_text,-若液体发生溢出等情况，请立即将漆面擦拭干净。,https://www.diptyque-cn.com/p/lacquered-wood-tray-l.html,approved,保养,fact,controlled_source_pattern
concept::艺术家居::收纳托盘::椭圆漆木收纳托盘,椭圆漆木收纳托盘,艺术家居,HAS_FUNCTION,Function,收纳,product_form,已审核本体规则：艺术家居 / 收纳托盘 -> 收纳,https://www.diptyque-cn.com/p/lacquered-wood-tray-l.html,derived_from_approved_rule,功能,derived_intent,controlled_ontology_rule
concept::艺术家居::收纳托盘::椭圆漆木收纳托盘,椭圆漆木收纳托盘,艺术家居,SERVES_NEED,UserNeed,家居美化,product_form,已审核本体规则：艺术家居 / 收纳托盘 -> 家居美化,https://www.diptyque-cn.com/p/lacquered-wood-tray-l.html,derived_from_approved_rule,需求,derived_intent,controlled_ontology_rule
concept::艺术家居::收纳托盘::椭圆漆木收纳托盘,椭圆漆木收纳托盘,艺术家居,SERVES_NEED,UserNeed,收纳整理,product_form,已审核本体规则：艺术家居 / 收纳托盘 -> 收纳整理,https://www.diptyque-cn.com/p/lacquered-wood-tray-l.html,derived_from_approved_rule,需求,derived_intent,controlled_ontology_rule
concept::身体护理::润肤乳::肌肤之花润肤乳,肌肤之花润肤乳,身体护理,HAS_FUNCTION,Function,润肤,product_form,已审核本体规则：身体护理 / 润肤乳 -> 润肤,https://www.diptyque-cn.com/p/fleur-de-peau-hand-and-body-lotion.html,derived_from_approved_rule,功能,derived_intent,controlled_ontology_rule
concept::身体护理::润肤乳::肌肤之花润肤乳,肌肤之花润肤乳,身体护理,SERVES_NEED,UserNeed,肌肤护理,product_form,已审核本体规则：身体护理 / 润肤乳 -> 肌肤护理,https://www.diptyque-cn.com/p/fleur-de-peau-hand-and-body-lotion.html,derived_from_approved_rule,需求,derived_intent,controlled_ontology_rule
