legacy_source,legacy_target,legacy_edge_type,legacy_source_type,legacy_target_type,action,new_source,new_target,new_predicate,reason
note_family:木质,note:广藿香,HAS_NOTE,NoteFamily,NoteIngredient,retain_navigation_only,,,,Legacy note-family taxonomy may remain outside the Schema v1 fact import.
note_family:木质,note:愈创木,HAS_NOTE,NoteFamily,NoteIngredient,retain_navigation_only,,,,Legacy note-family taxonomy may remain outside the Schema v1 fact import.
note_family:木质,note:无花果木,HAS_NOTE,NoteFamily,NoteIngredient,retain_navigation_only,,,,Legacy note-family taxonomy may remain outside the Schema v1 fact import.
note_family:木质,note:无花果树汁,HAS_NOTE,NoteFamily,NoteIngredient,retain_navigation_only,,,,Legacy note-family taxonomy may remain outside the Schema v1 fact import.
note_family:木质,note:柏树,HAS_NOTE,NoteFamily,NoteIngredient,retain_navigation_only,,,,Legacy note-family taxonomy may remain outside the Schema v1 fact import.
note_family:木质,note:檀香,HAS_NOTE,NoteFamily,NoteIngredient,retain_navigation_only,,,,Legacy note-family taxonomy may remain outside the Schema v1 fact import.
note_family:木质,note:海地香根草,HAS_NOTE,NoteFamily,NoteIngredient,retain_navigation_only,,,,Legacy note-family taxonomy may remain outside the Schema v1 fact import.
note_family:木质,note:爪哇香根草,HAS_NOTE,NoteFamily,NoteIngredient,retain_navigation_only,,,,Legacy note-family taxonomy may remain outside the Schema v1 fact import.
note_family:木质,note:琥珀木质香,HAS_NOTE,NoteFamily,NoteIngredient,retain_navigation_only,,,,Legacy note-family taxonomy may remain outside the Schema v1 fact import.
note_family:木质,note:皮革,HAS_NOTE,NoteFamily,NoteIngredient,retain_navigation_only,,,,Legacy note-family taxonomy may remain outside the Schema v1 fact import.
note_family:木质,note:紫檀木,HAS_NOTE,NoteFamily,NoteIngredient,retain_navigation_only,,,,Legacy note-family taxonomy may remain outside the Schema v1 fact import.
note_family:木质,note:红雪松香精,HAS_NOTE,NoteFamily,NoteIngredient,retain_navigation_only,,,,Legacy note-family taxonomy may remain outside the Schema v1 fact import.
note_family:木质,note:阿特拉斯雪松,HAS_NOTE,NoteFamily,NoteIngredient,retain_navigation_only,,,,Legacy note-family taxonomy may remain outside the Schema v1 fact import.
note_family:木质,note:雪松,HAS_NOTE,NoteFamily,NoteIngredient,retain_navigation_only,,,,Legacy note-family taxonomy may remain outside the Schema v1 fact import.
note_family:木质,note:雪松香精,HAS_NOTE,NoteFamily,NoteIngredient,retain_navigation_only,,,,Legacy note-family taxonomy may remain outside the Schema v1 fact import.
note_family:木质,note:香根草,HAS_NOTE,NoteFamily,NoteIngredient,retain_navigation_only,,,,Legacy note-family taxonomy may remain outside the Schema v1 fact import.
note_family:木质,note:香桃木,HAS_NOTE,NoteFamily,NoteIngredient,retain_navigation_only,,,,Legacy note-family taxonomy may remain outside the Schema v1 fact import.
note_family:果香,note:无花果汁,HAS_NOTE,NoteFamily,NoteIngredient,retain_navigation_only,,,,Legacy note-family taxonomy may remain outside the Schema v1 fact import.
note_family:果香,note:玫瑰浆果,HAS_NOTE,NoteFamily,NoteIngredient,retain_navigation_only,,,,Legacy note-family taxonomy may remain outside the Schema v1 fact import.
note_family:果香,note:荔枝,HAS_NOTE,NoteFamily,NoteIngredient,retain_navigation_only,,,,Legacy note-family taxonomy may remain outside the Schema v1 fact import.
note_family:果香,note:覆盆子,HAS_NOTE,NoteFamily,NoteIngredient,retain_navigation_only,,,,Legacy note-family taxonomy may remain outside the Schema v1 fact import.
note_family:果香,note:黑醋栗花蕾,HAS_NOTE,NoteFamily,NoteIngredient,retain_navigation_only,,,,Legacy note-family taxonomy may remain outside the Schema v1 fact import.
note_family:柑橘,note:佛手柑,HAS_NOTE,NoteFamily,NoteIngredient,retain_navigation_only,,,,Legacy note-family taxonomy may remain outside the Schema v1 fact import.
note_family:柑橘,note:柚子,HAS_NOTE,NoteFamily,NoteIngredient,retain_navigation_only,,,,Legacy note-family taxonomy may remain outside the Schema v1 fact import.
note_family:柑橘,note:柠檬,HAS_NOTE,NoteFamily,NoteIngredient,retain_navigation_only,,,,Legacy note-family taxonomy may remain outside the Schema v1 fact import.
note_family:柑橘,note:红柑,HAS_NOTE,NoteFamily,NoteIngredient,retain_navigation_only,,,,Legacy note-family taxonomy may remain outside the Schema v1 fact import.
note_family:柑橘,note:苦橙,HAS_NOTE,NoteFamily,NoteIngredient,retain_navigation_only,,,,Legacy note-family taxonomy may remain outside the Schema v1 fact import.
note_family:柑橘,note:苦橙花,HAS_NOTE,NoteFamily,NoteIngredient,retain_navigation_only,,,,Legacy note-family taxonomy may remain outside the Schema v1 fact import.
note_family:柑橘,note:葡萄柚,HAS_NOTE,NoteFamily,NoteIngredient,retain_navigation_only,,,,Legacy note-family taxonomy may remain outside the Schema v1 fact import.
note_family:柑橘,note:青柑,HAS_NOTE,NoteFamily,NoteIngredient,retain_navigation_only,,,,Legacy note-family taxonomy may remain outside the Schema v1 fact import.
note_family:柑橘,note:青橘,HAS_NOTE,NoteFamily,NoteIngredient,retain_navigation_only,,,,Legacy note-family taxonomy may remain outside the Schema v1 fact import.
note_family:树脂琥珀,note:乳香,HAS_NOTE,NoteFamily,NoteIngredient,retain_navigation_only,,,,Legacy note-family taxonomy may remain outside the Schema v1 fact import.
note_family:树脂琥珀,note:安息香,HAS_NOTE,NoteFamily,NoteIngredient,retain_navigation_only,,,,Legacy note-family taxonomy may remain outside the Schema v1 fact import.
note_family:树脂琥珀,note:岩玫瑰,HAS_NOTE,NoteFamily,NoteIngredient,retain_navigation_only,,,,Legacy note-family taxonomy may remain outside the Schema v1 fact import.
note_family:树脂琥珀,note:岩蔷薇,HAS_NOTE,NoteFamily,NoteIngredient,retain_navigation_only,,,,Legacy note-family taxonomy may remain outside the Schema v1 fact import.
note_family:树脂琥珀,note:没药,HAS_NOTE,NoteFamily,NoteIngredient,retain_navigation_only,,,,Legacy note-family taxonomy may remain outside the Schema v1 fact import.
note_family:树脂琥珀,note:焚香,HAS_NOTE,NoteFamily,NoteIngredient,retain_navigation_only,,,,Legacy note-family taxonomy may remain outside the Schema v1 fact import.
note_family:树脂琥珀,note:琥珀,HAS_NOTE,NoteFamily,NoteIngredient,retain_navigation_only,,,,Legacy note-family taxonomy may remain outside the Schema v1 fact import.
note_family:树脂琥珀,note:琥珀木质香,HAS_NOTE,NoteFamily,NoteIngredient,retain_navigation_only,,,,Legacy note-family taxonomy may remain outside the Schema v1 fact import.
note_family:树脂琥珀,note:白松香,HAS_NOTE,NoteFamily,NoteIngredient,retain_navigation_only,,,,Legacy note-family taxonomy may remain outside the Schema v1 fact import.
note_family:树脂琥珀,note:秘鲁香脂,HAS_NOTE,NoteFamily,NoteIngredient,retain_navigation_only,,,,Legacy note-family taxonomy may remain outside the Schema v1 fact import.
note_family:树脂琥珀,note:红没药,HAS_NOTE,NoteFamily,NoteIngredient,retain_navigation_only,,,,Legacy note-family taxonomy may remain outside the Schema v1 fact import.
note_family:树脂琥珀,note:龙涎香,HAS_NOTE,NoteFamily,NoteIngredient,retain_navigation_only,,,,Legacy note-family taxonomy may remain outside the Schema v1 fact import.
note_family:海洋矿物,note:焦土香精,HAS_NOTE,NoteFamily,NoteIngredient,retain_navigation_only,,,,Legacy note-family taxonomy may remain outside the Schema v1 fact import.
note_family:海洋矿物,note:白陶土香精,HAS_NOTE,NoteFamily,NoteIngredient,retain_navigation_only,,,,Legacy note-family taxonomy may remain outside the Schema v1 fact import.
note_family:花香,note:仙客来,HAS_NOTE,NoteFamily,NoteIngredient,retain_navigation_only,,,,Legacy note-family taxonomy may remain outside the Schema v1 fact import.
note_family:花香,note:依兰,HAS_NOTE,NoteFamily,NoteIngredient,retain_navigation_only,,,,Legacy note-family taxonomy may remain outside the Schema v1 fact import.
note_family:花香,note:依兰香精,HAS_NOTE,NoteFamily,NoteIngredient,retain_navigation_only,,,,Legacy note-family taxonomy may remain outside the Schema v1 fact import.
note_family:花香,note:千叶玫瑰,HAS_NOTE,NoteFamily,NoteIngredient,retain_navigation_only,,,,Legacy note-family taxonomy may remain outside the Schema v1 fact import.
note_family:花香,note:含羞草,HAS_NOTE,NoteFamily,NoteIngredient,retain_navigation_only,,,,Legacy note-family taxonomy may remain outside the Schema v1 fact import.
note_family:花香,note:土耳其玫瑰,HAS_NOTE,NoteFamily,NoteIngredient,retain_navigation_only,,,,Legacy note-family taxonomy may remain outside the Schema v1 fact import.
note_family:花香,note:大马士革及千叶玫瑰,HAS_NOTE,NoteFamily,NoteIngredient,retain_navigation_only,,,,Legacy note-family taxonomy may remain outside the Schema v1 fact import.
note_family:花香,note:大马士革玫瑰,HAS_NOTE,NoteFamily,NoteIngredient,retain_navigation_only,,,,Legacy note-family taxonomy may remain outside the Schema v1 fact import.
note_family:花香,note:天竺葵,HAS_NOTE,NoteFamily,NoteIngredient,retain_navigation_only,,,,Legacy note-family taxonomy may remain outside the Schema v1 fact import.
note_family:花香,note:康乃馨,HAS_NOTE,NoteFamily,NoteIngredient,retain_navigation_only,,,,Legacy note-family taxonomy may remain outside the Schema v1 fact import.
note_family:花香,note:晚香玉,HAS_NOTE,NoteFamily,NoteIngredient,retain_navigation_only,,,,Legacy note-family taxonomy may remain outside the Schema v1 fact import.
note_family:花香,note:橙花,HAS_NOTE,NoteFamily,NoteIngredient,retain_navigation_only,,,,Legacy note-family taxonomy may remain outside the Schema v1 fact import.
note_family:花香,note:橙花油,HAS_NOTE,NoteFamily,NoteIngredient,retain_navigation_only,,,,Legacy note-family taxonomy may remain outside the Schema v1 fact import.
note_family:花香,note:水仙,HAS_NOTE,NoteFamily,NoteIngredient,retain_navigation_only,,,,Legacy note-family taxonomy may remain outside the Schema v1 fact import.
note_family:花香,note:永生花,HAS_NOTE,NoteFamily,NoteIngredient,retain_navigation_only,,,,Legacy note-family taxonomy may remain outside the Schema v1 fact import.
note_family:花香,note:波旁玫瑰,HAS_NOTE,NoteFamily,NoteIngredient,retain_navigation_only,,,,Legacy note-family taxonomy may remain outside the Schema v1 fact import.
note_family:花香,note:洋甘菊,HAS_NOTE,NoteFamily,NoteIngredient,retain_navigation_only,,,,Legacy note-family taxonomy may remain outside the Schema v1 fact import.
note_family:花香,note:玉兰,HAS_NOTE,NoteFamily,NoteIngredient,retain_navigation_only,,,,Legacy note-family taxonomy may remain outside the Schema v1 fact import.
note_family:花香,note:玫瑰,HAS_NOTE,NoteFamily,NoteIngredient,retain_navigation_only,,,,Legacy note-family taxonomy may remain outside the Schema v1 fact import.
note_family:花香,note:玫瑰浆果,HAS_NOTE,NoteFamily,NoteIngredient,retain_navigation_only,,,,Legacy note-family taxonomy may remain outside the Schema v1 fact import.
note_family:花香,note:玫瑰醚,HAS_NOTE,NoteFamily,NoteIngredient,retain_navigation_only,,,,Legacy note-family taxonomy may remain outside the Schema v1 fact import.
note_family:花香,note:白小苍兰,HAS_NOTE,NoteFamily,NoteIngredient,retain_navigation_only,,,,Legacy note-family taxonomy may remain outside the Schema v1 fact import.
note_family:花香,note:紫藤,HAS_NOTE,NoteFamily,NoteIngredient,retain_navigation_only,,,,Legacy note-family taxonomy may remain outside the Schema v1 fact import.
note_family:花香,note:苦橙花,HAS_NOTE,NoteFamily,NoteIngredient,retain_navigation_only,,,,Legacy note-family taxonomy may remain outside the Schema v1 fact import.
note_family:花香,note:茉莉,HAS_NOTE,NoteFamily,NoteIngredient,retain_navigation_only,,,,Legacy note-family taxonomy may remain outside the Schema v1 fact import.
note_family:花香,note:茉莉香精,HAS_NOTE,NoteFamily,NoteIngredient,retain_navigation_only,,,,Legacy note-family taxonomy may remain outside the Schema v1 fact import.
note_family:花香,note:金银花,HAS_NOTE,NoteFamily,NoteIngredient,retain_navigation_only,,,,Legacy note-family taxonomy may remain outside the Schema v1 fact import.
note_family:花香,note:鸢尾,HAS_NOTE,NoteFamily,NoteIngredient,retain_navigation_only,,,,Legacy note-family taxonomy may remain outside the Schema v1 fact import.
note_family:花香,note:黄葵,HAS_NOTE,NoteFamily,NoteIngredient,retain_navigation_only,,,,Legacy note-family taxonomy may remain outside the Schema v1 fact import.
note_family:茶香美食,note:抹茶香精,HAS_NOTE,NoteFamily,NoteIngredient,retain_navigation_only,,,,Legacy note-family taxonomy may remain outside the Schema v1 fact import.
note_family:茶香美食,note:白茶香精,HAS_NOTE,NoteFamily,NoteIngredient,retain_navigation_only,,,,Legacy note-family taxonomy may remain outside the Schema v1 fact import.
note_family:茶香美食,note:蜂蜜,HAS_NOTE,NoteFamily,NoteIngredient,retain_navigation_only,,,,Legacy note-family taxonomy may remain outside the Schema v1 fact import.
note_family:茶香美食,note:蜂蜡,HAS_NOTE,NoteFamily,NoteIngredient,retain_navigation_only,,,,Legacy note-family taxonomy may remain outside the Schema v1 fact import.
note_family:茶香美食,note:阿拉比卡咖啡,HAS_NOTE,NoteFamily,NoteIngredient,retain_navigation_only,,,,Legacy note-family taxonomy may remain outside the Schema v1 fact import.
note_family:茶香美食,note:零陵香豆,HAS_NOTE,NoteFamily,NoteIngredient,retain_navigation_only,,,,Legacy note-family taxonomy may remain outside the Schema v1 fact import.
note_family:茶香美食,note:香草,HAS_NOTE,NoteFamily,NoteIngredient,retain_navigation_only,,,,Legacy note-family taxonomy may remain outside the Schema v1 fact import.
note_family:茶香美食,note:香草香精,HAS_NOTE,NoteFamily,NoteIngredient,retain_navigation_only,,,,Legacy note-family taxonomy may remain outside the Schema v1 fact import.
note_family:茶香美食,note:香豆,HAS_NOTE,NoteFamily,NoteIngredient,retain_navigation_only,,,,Legacy note-family taxonomy may remain outside the Schema v1 fact import.
note_family:茶香美食,note:马黛茶,HAS_NOTE,NoteFamily,NoteIngredient,retain_navigation_only,,,,Legacy note-family taxonomy may remain outside the Schema v1 fact import.
note_family:茶香美食,note:马黛茶香精,HAS_NOTE,NoteFamily,NoteIngredient,retain_navigation_only,,,,Legacy note-family taxonomy may remain outside the Schema v1 fact import.
note_family:茶香美食,note:麦麸香精,HAS_NOTE,NoteFamily,NoteIngredient,retain_navigation_only,,,,Legacy note-family taxonomy may remain outside the Schema v1 fact import.
note_family:草本绿香,note:当归根,HAS_NOTE,NoteFamily,NoteIngredient,retain_navigation_only,,,,Legacy note-family taxonomy may remain outside the Schema v1 fact import.
note_family:草本绿香,note:无花果叶,HAS_NOTE,NoteFamily,NoteIngredient,retain_navigation_only,,,,Legacy note-family taxonomy may remain outside the Schema v1 fact import.
note_family:草本绿香,note:杜松子,HAS_NOTE,NoteFamily,NoteIngredient,retain_navigation_only,,,,Legacy note-family taxonomy may remain outside the Schema v1 fact import.
note_family:草本绿香,note:柠檬桉,HAS_NOTE,NoteFamily,NoteIngredient,retain_navigation_only,,,,Legacy note-family taxonomy may remain outside the Schema v1 fact import.
note_family:草本绿香,note:柠檬草,HAS_NOTE,NoteFamily,NoteIngredient,retain_navigation_only,,,,Legacy note-family taxonomy may remain outside the Schema v1 fact import.
note_family:草本绿香,note:洋蓟,HAS_NOTE,NoteFamily,NoteIngredient,retain_navigation_only,,,,Legacy note-family taxonomy may remain outside the Schema v1 fact import.
note_family:草本绿香,note:百里香,HAS_NOTE,NoteFamily,NoteIngredient,retain_navigation_only,,,,Legacy note-family taxonomy may remain outside the Schema v1 fact import.
note_family:草本绿香,note:紫罗兰叶,HAS_NOTE,NoteFamily,NoteIngredient,retain_navigation_only,,,,Legacy note-family taxonomy may remain outside the Schema v1 fact import.
note_family:草本绿香,note:苔藓香精,HAS_NOTE,NoteFamily,NoteIngredient,retain_navigation_only,,,,Legacy note-family taxonomy may remain outside the Schema v1 fact import.
note_family:草本绿香,note:苦橙叶,HAS_NOTE,NoteFamily,NoteIngredient,retain_navigation_only,,,,Legacy note-family taxonomy may remain outside the Schema v1 fact import.
note_family:草本绿香,note:莎草油,HAS_NOTE,NoteFamily,NoteIngredient,retain_navigation_only,,,,Legacy note-family taxonomy may remain outside the Schema v1 fact import.
note_family:草本绿香,note:菖蒲,HAS_NOTE,NoteFamily,NoteIngredient,retain_navigation_only,,,,Legacy note-family taxonomy may remain outside the Schema v1 fact import.
note_family:草本绿香,note:薄荷,HAS_NOTE,NoteFamily,NoteIngredient,retain_navigation_only,,,,Legacy note-family taxonomy may remain outside the Schema v1 fact import.
note_family:草本绿香,note:迷迭香,HAS_NOTE,NoteFamily,NoteIngredient,retain_navigation_only,,,,Legacy note-family taxonomy may remain outside the Schema v1 fact import.
note_family:草本绿香,note:黑醋栗叶,HAS_NOTE,NoteFamily,NoteIngredient,retain_navigation_only,,,,Legacy note-family taxonomy may remain outside the Schema v1 fact import.
note_family:草本绿香,note:鼠尾草,HAS_NOTE,NoteFamily,NoteIngredient,retain_navigation_only,,,,Legacy note-family taxonomy may remain outside the Schema v1 fact import.
note_family:辛香,note:丁香,HAS_NOTE,NoteFamily,NoteIngredient,retain_navigation_only,,,,Legacy note-family taxonomy may remain outside the Schema v1 fact import.
note_family:辛香,note:姜,HAS_NOTE,NoteFamily,NoteIngredient,retain_navigation_only,,,,Legacy note-family taxonomy may remain outside the Schema v1 fact import.
note_family:辛香,note:小茴香,HAS_NOTE,NoteFamily,NoteIngredient,retain_navigation_only,,,,Legacy note-family taxonomy may remain outside the Schema v1 fact import.
note_family:辛香,note:小豆蔻,HAS_NOTE,NoteFamily,NoteIngredient,retain_navigation_only,,,,Legacy note-family taxonomy may remain outside the Schema v1 fact import.
note_family:辛香,note:生姜,HAS_NOTE,NoteFamily,NoteIngredient,retain_navigation_only,,,,Legacy note-family taxonomy may remain outside the Schema v1 fact import.
note_family:辛香,note:粉红胡椒,HAS_NOTE,NoteFamily,NoteIngredient,retain_navigation_only,,,,Legacy note-family taxonomy may remain outside the Schema v1 fact import.
note_family:辛香,note:肉桂,HAS_NOTE,NoteFamily,NoteIngredient,retain_navigation_only,,,,Legacy note-family taxonomy may remain outside the Schema v1 fact import.
note_family:辛香,note:肉豆蔻,HAS_NOTE,NoteFamily,NoteIngredient,retain_navigation_only,,,,Legacy note-family taxonomy may remain outside the Schema v1 fact import.
note_family:辛香,note:香芹籽,HAS_NOTE,NoteFamily,NoteIngredient,retain_navigation_only,,,,Legacy note-family taxonomy may remain outside the Schema v1 fact import.
note_family:辛香,note:香菜,HAS_NOTE,NoteFamily,NoteIngredient,retain_navigation_only,,,,Legacy note-family taxonomy may remain outside the Schema v1 fact import.
note_family:辛香,note:黑胡椒,HAS_NOTE,NoteFamily,NoteIngredient,retain_navigation_only,,,,Legacy note-family taxonomy may remain outside the Schema v1 fact import.
note_family:麝香粉香,note:白麝香,HAS_NOTE,NoteFamily,NoteIngredient,retain_navigation_only,,,,Legacy note-family taxonomy may remain outside the Schema v1 fact import.
note_family:麝香粉香,note:麝香,HAS_NOTE,NoteFamily,NoteIngredient,retain_navigation_only,,,,Legacy note-family taxonomy may remain outside the Schema v1 fact import.
note_family:麝香粉香,note:黄葵籽,HAS_NOTE,NoteFamily,NoteIngredient,retain_navigation_only,,,,Legacy note-family taxonomy may remain outside the Schema v1 fact import.
domain:香调,note_family:木质,HAS_NOTE_FAMILY,OntologyDomain,NoteFamily,retain_navigation_only,,,,Legacy note-family taxonomy may remain outside the Schema v1 fact import.
domain:香调,note_family:果香,HAS_NOTE_FAMILY,OntologyDomain,NoteFamily,retain_navigation_only,,,,Legacy note-family taxonomy may remain outside the Schema v1 fact import.
domain:香调,note_family:柑橘,HAS_NOTE_FAMILY,OntologyDomain,NoteFamily,retain_navigation_only,,,,Legacy note-family taxonomy may remain outside the Schema v1 fact import.
domain:香调,note_family:树脂琥珀,HAS_NOTE_FAMILY,OntologyDomain,NoteFamily,retain_navigation_only,,,,Legacy note-family taxonomy may remain outside the Schema v1 fact import.
domain:香调,note_family:海洋矿物,HAS_NOTE_FAMILY,OntologyDomain,NoteFamily,retain_navigation_only,,,,Legacy note-family taxonomy may remain outside the Schema v1 fact import.
domain:香调,note_family:花香,HAS_NOTE_FAMILY,OntologyDomain,NoteFamily,retain_navigation_only,,,,Legacy note-family taxonomy may remain outside the Schema v1 fact import.
domain:香调,note_family:茶香美食,HAS_NOTE_FAMILY,OntologyDomain,NoteFamily,retain_navigation_only,,,,Legacy note-family taxonomy may remain outside the Schema v1 fact import.
domain:香调,note_family:草本绿香,HAS_NOTE_FAMILY,OntologyDomain,NoteFamily,retain_navigation_only,,,,Legacy note-family taxonomy may remain outside the Schema v1 fact import.
domain:香调,note_family:辛香,HAS_NOTE_FAMILY,OntologyDomain,NoteFamily,retain_navigation_only,,,,Legacy note-family taxonomy may remain outside the Schema v1 fact import.
domain:香调,note_family:麝香粉香,HAS_NOTE_FAMILY,OntologyDomain,NoteFamily,retain_navigation_only,,,,Legacy note-family taxonomy may remain outside the Schema v1 fact import.
collection:含羞草,product:CANDLEMI::迷你香氛蜡烛含羞草,HAS_PRODUCT,CollectionOrScent,Product,replace_and_reverse,product:CANDLEMI:5d50d29e1e,scent:home:71ed7bd5bfc3,HAS_SCENT,Approved ProductConcept -> ScentIdentity fact replaces legacy collection parent edge.
collection:含羞草,product:CANDLEMI::香氛蜡烛含羞草,HAS_PRODUCT,CollectionOrScent,Product,replace_and_reverse,product:CANDLEMI:0fc9a46126,scent:home:71ed7bd5bfc3,HAS_SCENT,Approved ProductConcept -> ScentIdentity fact replaces legacy collection parent edge.
collection:含羞草,product:CAPSULES7::含羞草扩香器香氛补充包,HAS_PRODUCT,CollectionOrScent,Product,replace_and_reverse,product:CAPSULES7,scent:home:71ed7bd5bfc3,HAS_SCENT,Approved ProductConcept -> ScentIdentity fact replaces legacy collection parent edge.
collection:含羞草,product:HOMECARDIF5::含羞草车载扩香器香氛套装,HAS_PRODUCT,CollectionOrScent,Product,replace_and_reverse,product:HOMECARDIF5,scent:home:71ed7bd5bfc3,HAS_SCENT,Approved ProductConcept -> ScentIdentity fact replaces legacy collection parent edge.
collection:含羞草,product:HOMEHGFOCARB2N::含羞草室内扩香摆件补充装,HAS_PRODUCT,CollectionOrScent,Product,replace_and_reverse,product:HOMEHGFOCARB2N,scent:home:71ed7bd5bfc3,HAS_SCENT,Approved ProductConcept -> ScentIdentity fact replaces legacy collection parent edge.
collection:含羞草,product:HOMERSP3::含羞草室内喷雾,HAS_PRODUCT,CollectionOrScent,Product,replace_and_reverse,product:HOMERSP3,scent:home:71ed7bd5bfc3,HAS_SCENT,Approved ProductConcept -> ScentIdentity fact replaces legacy collection parent edge.
collection:含羞草,product:HOMERSP9::含羞草扩香精,HAS_PRODUCT,CollectionOrScent,Product,replace_and_reverse,product:HOMERSP9,scent:home:71ed7bd5bfc3,HAS_SCENT,Approved ProductConcept -> ScentIdentity fact replaces legacy collection parent edge.
collection:含羞草,product:SOLIDPERFUME2::含羞草扩香精补充瓶,HAS_PRODUCT,CollectionOrScent,Product,replace_and_reverse,product:SOLIDPERFUME2,scent:home:71ed7bd5bfc3,HAS_SCENT,Approved ProductConcept -> ScentIdentity fact replaces legacy collection parent edge.
collection:圣日尔曼大道34号,product:CANDLE34B1500::超大号香氛蜡烛圣日尔曼大道34号,HAS_PRODUCT,CollectionOrScent,Product,replace_and_reverse,product:CANDLE34B1500,scent:home:d1bf12d71e9b,HAS_SCENT,Approved ProductConcept -> ScentIdentity fact replaces legacy collection parent edge.
collection:圣日尔曼大道34号,product:CANDLE34B300::中号香氛蜡烛圣日尔曼大道34号,HAS_PRODUCT,CollectionOrScent,Product,replace_and_reverse,product:CANDLE34B300,scent:home:d1bf12d71e9b,HAS_SCENT,Approved ProductConcept -> ScentIdentity fact replaces legacy collection parent edge.
collection:圣日尔曼大道34号,product:CANDLE34B600::大号香氛蜡烛圣日尔曼大道34号,HAS_PRODUCT,CollectionOrScent,Product,replace_and_reverse,product:CANDLE34B600,scent:home:d1bf12d71e9b,HAS_SCENT,Approved ProductConcept -> ScentIdentity fact replaces legacy collection parent edge.
collection:圣日尔曼大道34号,product:CAPSULES1::圣日尔曼大道34号扩香器香氛补充包,HAS_PRODUCT,CollectionOrScent,Product,replace_and_reverse,product:CAPSULES1,scent:home:d1bf12d71e9b,HAS_SCENT,Approved ProductConcept -> ScentIdentity fact replaces legacy collection parent edge.
collection:圣日尔曼大道34号,product:EDP34BEDP75::圣日尔曼大道34号淡香精,HAS_PRODUCT,CollectionOrScent,Product,replace_and_reverse,product:EDP34BEDP75,scent:signature:e64ef421b4b7,HAS_SCENT,Approved ProductConcept -> ScentIdentity fact replaces legacy collection parent edge.
collection:圣日尔曼大道34号,product:EDT34B::圣日尔曼大道34号淡香水,HAS_PRODUCT,CollectionOrScent,Product,replace_and_reverse,product:EDT34B,scent:signature:e64ef421b4b7,HAS_SCENT,Approved ProductConcept -> ScentIdentity fact replaces legacy collection parent edge.
collection:圣日尔曼大道34号,product:HOMECARDIF1::圣日尔曼大道34号车载扩香器香氛套装,HAS_PRODUCT,CollectionOrScent,Product,replace_and_reverse,product:HOMECARDIF1,scent:home:d1bf12d71e9b,HAS_SCENT,Approved ProductConcept -> ScentIdentity fact replaces legacy collection parent edge.
collection:圣日尔曼大道34号,product:HOMEHGFOCARB2A::圣日尔曼大道34号扩香精,HAS_PRODUCT,CollectionOrScent,Product,replace_and_reverse,product:HOMEHGFOCARB2A,scent:home:d1bf12d71e9b,HAS_SCENT,Approved ProductConcept -> ScentIdentity fact replaces legacy collection parent edge.
collection:圣日尔曼大道34号,product:HOMEHGFOCARB2G::圣日尔曼大道34号香氛皂,HAS_PRODUCT,CollectionOrScent,Product,replace_and_reverse,product:HOMEHGFOCARB2G,scent:signature:e64ef421b4b7,HAS_SCENT,Approved ProductConcept -> ScentIdentity fact replaces legacy collection parent edge.
collection:圣日尔曼大道34号,product:HOMEHGFOCARB2I::圣日尔曼大道34号扩香精补充瓶,HAS_PRODUCT,CollectionOrScent,Product,replace_and_reverse,product:HOMEHGFOCARB2I,scent:home:d1bf12d71e9b,HAS_SCENT,Approved ProductConcept -> ScentIdentity fact replaces legacy collection parent edge.
collection:圣日尔曼大道34号,product:HOMEREEDREFILL200A::圣日尔曼大道34号室内扩香摆件补充装,HAS_PRODUCT,CollectionOrScent,Product,replace_and_reverse,product:HOMEREEDREFILL200A,scent:home:d1bf12d71e9b,HAS_SCENT,Approved ProductConcept -> ScentIdentity fact replaces legacy collection parent edge.
collection:圣日尔曼大道34号,product:HOMEREEDREFILL2L3::圣日尔曼大道34号室内扩香摆件补充瓶,HAS_PRODUCT,CollectionOrScent,Product,replace_and_reverse,product:HOMEREEDREFILL2L3,scent:home:d1bf12d71e9b,HAS_SCENT,Approved ProductConcept -> ScentIdentity fact replaces legacy collection parent edge.
collection:圣日尔曼大道34号,product:HOMERSP1::圣日尔曼大道34号室内喷雾,HAS_PRODUCT,CollectionOrScent,Product,replace_and_reverse,product:HOMERSP1,scent:home:d1bf12d71e9b,HAS_SCENT,Approved ProductConcept -> ScentIdentity fact replaces legacy collection parent edge.
collection:圣日尔曼大道34号,product:HOMESCO1::圣日尔曼大道34号室内香氛蜡,HAS_PRODUCT,CollectionOrScent,Product,replace_and_reverse,product:HOMESCO1,scent:home:d1bf12d71e9b,HAS_SCENT,Approved ProductConcept -> ScentIdentity fact replaces legacy collection parent edge.
collection:大千之蕴,product:EDPBOISCOR100::暖木之息淡香精,HAS_PRODUCT,CollectionOrScent,Product,retire_collection_umbrella_edge,,,,"大千之蕴 is a collection umbrella, not a ScentIdentity."
collection:大千之蕴,product:EDPCOFPARFPMINI::大千之蕴淡香精系列体验套装,HAS_PRODUCT,CollectionOrScent,Product,retire_collection_umbrella_edge,,,,"大千之蕴 is a collection umbrella, not a ScentIdentity."
collection:大千之蕴,product:EDPCORAIL100::暗影珊瑚淡香精,HAS_PRODUCT,CollectionOrScent,Product,retire_collection_umbrella_edge,,,,"大千之蕴 is a collection umbrella, not a ScentIdentity."
collection:大千之蕴,product:EDPLILYPHEA100::睡莲悠悠淡香精,HAS_PRODUCT,CollectionOrScent,Product,retire_collection_umbrella_edge,,,,"大千之蕴 is a collection umbrella, not a ScentIdentity."
collection:大千之蕴,product:EDPLUNAMAR100::潮汐月影淡香精,HAS_PRODUCT,CollectionOrScent,Product,retire_collection_umbrella_edge,,,,"大千之蕴 is a collection umbrella, not a ScentIdentity."
collection:大千之蕴,product:EDPPREM06100::宝石之眼淡香精,HAS_PRODUCT,CollectionOrScent,Product,retire_collection_umbrella_edge,,,,"大千之蕴 is a collection umbrella, not a ScentIdentity."
collection:大千之蕴,product:EDPROSEROC100::沙漠玫瑰淡香精,HAS_PRODUCT,CollectionOrScent,Product,retire_collection_umbrella_edge,,,,"大千之蕴 is a collection umbrella, not a ScentIdentity."
collection:奥费恩,product:BODYGEL2::奥费恩洁肤露,HAS_PRODUCT,CollectionOrScent,Product,replace_and_reverse,product:BODYGEL2,scent:orpheon,HAS_SCENT,Approved ProductConcept -> ScentIdentity fact replaces legacy collection parent edge.
collection:奥费恩,product:BODYORPHBLOTION::奥费恩香调润肤乳,HAS_PRODUCT,CollectionOrScent,Product,replace_and_reverse,product:BODYORPHBLOTION,scent:orpheon,HAS_SCENT,Approved ProductConcept -> ScentIdentity fact replaces legacy collection parent edge.
collection:奥费恩,product:DIPXM25LARGEEDPOR::典藏版奥费恩淡香精,HAS_PRODUCT,CollectionOrScent,Product,replace_and_reverse,product:DIPXM25LARGEEDPOR,scent:orpheon,HAS_SCENT,Approved ProductConcept -> ScentIdentity fact replaces legacy collection parent edge.
collection:奥费恩,product:EDTORPHEDT100::奥费恩淡香水,HAS_PRODUCT,CollectionOrScent,Product,replace_and_reverse,product:EDTORPHEDT100,scent:orpheon,HAS_SCENT,Approved ProductConcept -> ScentIdentity fact replaces legacy collection parent edge.
collection:奥费恩,product:HAIRORPHHMIST::奥费恩发香喷雾,HAS_PRODUCT,CollectionOrScent,Product,replace_and_reverse,product:HAIRORPHHMIST,scent:orpheon,HAS_SCENT,Approved ProductConcept -> ScentIdentity fact replaces legacy collection parent edge.
collection:奥费恩,product:HANDORPHHCREAM::奥费恩香氛护手霜,HAS_PRODUCT,CollectionOrScent,Product,replace_and_reverse,product:HANDORPHHCREAM,scent:orpheon,HAS_SCENT,Approved ProductConcept -> ScentIdentity fact replaces legacy collection parent edge.
collection:奥费恩,product:HOMERSP6::奥费恩固体香膏,HAS_PRODUCT,CollectionOrScent,Product,replace_and_reverse,product:HOMERSP6,scent:orpheon,HAS_SCENT,Approved ProductConcept -> ScentIdentity fact replaces legacy collection parent edge.
collection:奥费恩,product:ORPHEON2022::奥费恩淡香精,HAS_PRODUCT,CollectionOrScent,Product,replace_and_reverse,product:ORPHEON2022,scent:orpheon,HAS_SCENT,Approved ProductConcept -> ScentIdentity fact replaces legacy collection parent edge.
collection:奥费恩,product:SOLIDPERFUME7::奥费恩香膏补充装,HAS_PRODUCT,CollectionOrScent,Product,replace_and_reverse,product:SOLIDPERFUME7,scent:orpheon,HAS_SCENT,Approved ProductConcept -> ScentIdentity fact replaces legacy collection parent edge.
collection:巴黎之水,product:EDPCAPITAP75C::巴黎之水淡香精,HAS_PRODUCT,CollectionOrScent,Product,replace_and_reverse,product:EDPCAPITAP75C,scent:signature:d3edd0766aea,HAS_SCENT,Approved ProductConcept -> ScentIdentity fact replaces legacy collection parent edge.
collection:巴黎之水,product:HAIRMIST1::巴黎之水发香喷雾,HAS_PRODUCT,CollectionOrScent,Product,replace_and_reverse,product:HAIRMIST1,scent:signature:d3edd0766aea,HAS_SCENT,Approved ProductConcept -> ScentIdentity fact replaces legacy collection parent edge.
collection:巴黎之水,product:HANDCRE3::巴黎之水护手霜,HAS_PRODUCT,CollectionOrScent,Product,replace_and_reverse,product:HANDCRE3,scent:signature:d3edd0766aea,HAS_SCENT,Approved ProductConcept -> ScentIdentity fact replaces legacy collection parent edge.
collection:希腊无花果,product:BODYGEL1::希腊无花果香调洁肤露,HAS_PRODUCT,CollectionOrScent,Product,replace_and_reverse,product:BODYGEL1,scent:signature:5fff5f41e126,HAS_SCENT,Approved ProductConcept -> ScentIdentity fact replaces legacy collection parent edge.
collection:希腊无花果,product:CAPSULES6::希腊无花果扩香器香氛补充包,HAS_PRODUCT,CollectionOrScent,Product,replace_and_reverse,product:CAPSULES6,scent:home:a0feff139222,HAS_SCENT,Approved ProductConcept -> ScentIdentity fact replaces legacy collection parent edge.
collection:希腊无花果,product:CAPSULES9::希腊无花果香调润肤乳,HAS_PRODUCT,CollectionOrScent,Product,replace_and_reverse,product:CAPSULES9,scent:signature:5fff5f41e126,HAS_SCENT,Approved ProductConcept -> ScentIdentity fact replaces legacy collection parent edge.
collection:希腊无花果,product:EDPPHILOP75C::希腊无花果香调淡香精,HAS_PRODUCT,CollectionOrScent,Product,replace_and_reverse,product:EDPPHILOP75C,scent:signature:5fff5f41e126,HAS_SCENT,Approved ProductConcept -> ScentIdentity fact replaces legacy collection parent edge.
collection:希腊无花果,product:EDTPHILO::希腊无花果香调淡香水,HAS_PRODUCT,CollectionOrScent,Product,replace_and_reverse,product:EDTPHILO,scent:signature:5fff5f41e126,HAS_SCENT,Approved ProductConcept -> ScentIdentity fact replaces legacy collection parent edge.
collection:希腊无花果,product:HAIRMIST7::希腊无花果香调发香喷雾,HAS_PRODUCT,CollectionOrScent,Product,replace_and_reverse,product:HAIRMIST7,scent:signature:5fff5f41e126,HAS_SCENT,Approved ProductConcept -> ScentIdentity fact replaces legacy collection parent edge.
collection:希腊无花果,product:HOMEHGFOCARB2D::希腊无花果扩香精,HAS_PRODUCT,CollectionOrScent,Product,replace_and_reverse,product:HOMEHGFOCARB2D,scent:home:a0feff139222,HAS_SCENT,Approved ProductConcept -> ScentIdentity fact replaces legacy collection parent edge.
collection:希腊无花果,product:HOMEHGFOCARB2K::希腊无花果扩香精补充瓶,HAS_PRODUCT,CollectionOrScent,Product,replace_and_reverse,product:HOMEHGFOCARB2K,scent:home:a0feff139222,HAS_SCENT,Approved ProductConcept -> ScentIdentity fact replaces legacy collection parent edge.
collection:希腊无花果,product:HOMESCO3::希腊无花果室内香氛蜡,HAS_PRODUCT,CollectionOrScent,Product,replace_and_reverse,product:HOMESCO3,scent:home:a0feff139222,HAS_SCENT,Approved ProductConcept -> ScentIdentity fact replaces legacy collection parent edge.
collection:影中之水,product:BODYOMBBGEL::影中之水香氛洁肤露,HAS_PRODUCT,CollectionOrScent,Product,replace_and_reverse,product:BODYOMBBGEL,scent:signature:c4f4dbfc1457,HAS_SCENT,Approved ProductConcept -> ScentIdentity fact replaces legacy collection parent edge.
collection:影中之水,product:BODYOMBBLOTION::影中之水香氛润肤乳,HAS_PRODUCT,CollectionOrScent,Product,replace_and_reverse,product:BODYOMBBLOTION,scent:signature:c4f4dbfc1457,HAS_SCENT,Approved ProductConcept -> ScentIdentity fact replaces legacy collection parent edge.
collection:影中之水,product:EDPOMBREP75C::影中之水淡香精,HAS_PRODUCT,CollectionOrScent,Product,replace_and_reverse,product:EDPOMBREP75C,scent:signature:c4f4dbfc1457,HAS_SCENT,Approved ProductConcept -> ScentIdentity fact replaces legacy collection parent edge.
collection:影中之水,product:EDTOMBRE::影中之水淡香水,HAS_PRODUCT,CollectionOrScent,Product,replace_and_reverse,product:EDTOMBRE,scent:signature:c4f4dbfc1457,HAS_SCENT,Approved ProductConcept -> ScentIdentity fact replaces legacy collection parent edge.
collection:感官之水,product:BODYSENSBLOT::感官之水香氛润肤乳,HAS_PRODUCT,CollectionOrScent,Product,replace_and_reverse,product:BODYSENSBLOT,scent:signature:023796ea560e,HAS_SCENT,Approved ProductConcept -> ScentIdentity fact replaces legacy collection parent edge.
collection:感官之水,product:BODYSENSHCREAM::感官之水香氛护手霜,HAS_PRODUCT,CollectionOrScent,Product,replace_and_reverse,product:BODYSENSHCREAM,scent:signature:023796ea560e,HAS_SCENT,Approved ProductConcept -> ScentIdentity fact replaces legacy collection parent edge.
collection:感官之水,product:EDTSENS::感官之水淡香水,HAS_PRODUCT,CollectionOrScent,Product,replace_and_reverse,product:EDTSENS,scent:signature:023796ea560e,HAS_SCENT,Approved ProductConcept -> ScentIdentity fact replaces legacy collection parent edge.
collection:感官之水,product:EDTSUM26SENS100::感官之水淡香水（限量版）,HAS_PRODUCT,CollectionOrScent,Product,quarantine_pending_identity,,,,Name-derived identity lacks independent evidence.
collection:感官之水,product:HAIRMIST2::感官之水发香喷雾,HAS_PRODUCT,CollectionOrScent,Product,replace_and_reverse,product:HAIRMIST2,scent:signature:023796ea560e,HAS_SCENT,Approved ProductConcept -> ScentIdentity fact replaces legacy collection parent edge.
collection:感官之水,product:HOMEHGFOCARB2H::感官之水香氛皂,HAS_PRODUCT,CollectionOrScent,Product,replace_and_reverse,product:HOMEHGFOCARB2H,scent:signature:023796ea560e,HAS_SCENT,Approved ProductConcept -> ScentIdentity fact replaces legacy collection parent edge.
collection:无花果,product:CANDLEFI15001::超大号香氛蜡烛无花果,HAS_PRODUCT,CollectionOrScent,Product,replace_and_reverse,product:CANDLEFI15001,scent:home:a0feff139222,HAS_SCENT,Approved ProductConcept -> ScentIdentity fact replaces legacy collection parent edge.
collection:无花果,product:CANDLEFI600::大号香氛蜡烛无花果,HAS_PRODUCT,CollectionOrScent,Product,replace_and_reverse,product:CANDLEFI600,scent:home:a0feff139222,HAS_SCENT,Approved ProductConcept -> ScentIdentity fact replaces legacy collection parent edge.
collection:无花果,product:CANDLEFI::迷你香氛蜡烛无花果,HAS_PRODUCT,CollectionOrScent,Product,replace_and_reverse,product:CANDLEFI:fd30144c70,scent:home:a0feff139222,HAS_SCENT,Approved ProductConcept -> ScentIdentity fact replaces legacy collection parent edge.
collection:无花果,product:CANDLEFI::香氛蜡烛无花果,HAS_PRODUCT,CollectionOrScent,Product,replace_and_reverse,product:CANDLEFI:fd8c0feb6e,scent:home:a0feff139222,HAS_SCENT,Approved ProductConcept -> ScentIdentity fact replaces legacy collection parent edge.
collection:无花果,product:CANDLEFIV2::中号香氛蜡烛无花果,HAS_PRODUCT,CollectionOrScent,Product,replace_and_reverse,product:CANDLEFIV2,scent:home:a0feff139222,HAS_SCENT,Approved ProductConcept -> ScentIdentity fact replaces legacy collection parent edge.
collection:无花果,product:HOMECARDIF3::无花果车载扩香器香氛套装,HAS_PRODUCT,CollectionOrScent,Product,replace_and_reverse,product:HOMECARDIF3,scent:home:a0feff139222,HAS_SCENT,Approved ProductConcept -> ScentIdentity fact replaces legacy collection parent edge.
collection:无花果,product:HOMEREEDREFILL200F::无花果室内扩香摆件补充装,HAS_PRODUCT,CollectionOrScent,Product,replace_and_reverse,product:HOMEREEDREFILL200F,scent:home:a0feff139222,HAS_SCENT,Approved ProductConcept -> ScentIdentity fact replaces legacy collection parent edge.
collection:无花果,product:HOMERSP::无花果室内喷雾,HAS_PRODUCT,CollectionOrScent,Product,replace_and_reverse,product:HOMERSP:f85707c2ba,scent:home:a0feff139222,HAS_SCENT,Approved ProductConcept -> ScentIdentity fact replaces legacy collection parent edge.
collection:晚香玉,product:BODYLOTIONS2::晚香玉室内喷雾,HAS_PRODUCT,CollectionOrScent,Product,replace_and_reverse,product:BODYLOTIONS2,scent:home:e0b852b0c207,HAS_SCENT,Approved ProductConcept -> ScentIdentity fact replaces legacy collection parent edge.
collection:晚香玉,product:CANDLETB1500::超大号香氛蜡烛晚香玉,HAS_PRODUCT,CollectionOrScent,Product,replace_and_reverse,product:CANDLETB1500,scent:home:e0b852b0c207,HAS_SCENT,Approved ProductConcept -> ScentIdentity fact replaces legacy collection parent edge.
collection:晚香玉,product:CANDLETB::迷你香氛蜡烛晚香玉,HAS_PRODUCT,CollectionOrScent,Product,replace_and_reverse,product:CANDLETB:efb9671b52,scent:home:e0b852b0c207,HAS_SCENT,Approved ProductConcept -> ScentIdentity fact replaces legacy collection parent edge.
collection:晚香玉,product:CANDLETB::香氛蜡烛晚香玉,HAS_PRODUCT,CollectionOrScent,Product,replace_and_reverse,product:CANDLETB:0203981f64,scent:home:e0b852b0c207,HAS_SCENT,Approved ProductConcept -> ScentIdentity fact replaces legacy collection parent edge.
collection:晚香玉,product:CANDLETBR2::中号香氛蜡烛晚香玉,HAS_PRODUCT,CollectionOrScent,Product,replace_and_reverse,product:CANDLETBR2,scent:home:e0b852b0c207,HAS_SCENT,Approved ProductConcept -> ScentIdentity fact replaces legacy collection parent edge.
collection:晚香玉,product:CAPSULES5::晚香玉扩香器香氛补充包,HAS_PRODUCT,CollectionOrScent,Product,replace_and_reverse,product:CAPSULES5,scent:home:e0b852b0c207,HAS_SCENT,Approved ProductConcept -> ScentIdentity fact replaces legacy collection parent edge.
collection:晚香玉,product:HOMEHGFOCARB2B::晚香玉扩香精,HAS_PRODUCT,CollectionOrScent,Product,replace_and_reverse,product:HOMEHGFOCARB2B,scent:home:e0b852b0c207,HAS_SCENT,Approved ProductConcept -> ScentIdentity fact replaces legacy collection parent edge.
collection:晚香玉,product:HOMEHGFOCARB2J::晚香玉扩香精补充瓶,HAS_PRODUCT,CollectionOrScent,Product,replace_and_reverse,product:HOMEHGFOCARB2J,scent:home:e0b852b0c207,HAS_SCENT,Approved ProductConcept -> ScentIdentity fact replaces legacy collection parent edge.
collection:晚香玉,product:HOMETB600::大号香氛蜡烛晚香玉,HAS_PRODUCT,CollectionOrScent,Product,replace_and_reverse,product:HOMETB600,scent:home:e0b852b0c207,HAS_SCENT,Approved ProductConcept -> ScentIdentity fact replaces legacy collection parent edge.
collection:晚香玉,product:SOLIDPERFUME3::晚香玉室内扩香摆件补充装,HAS_PRODUCT,CollectionOrScent,Product,replace_and_reverse,product:SOLIDPERFUME3,scent:home:e0b852b0c207,HAS_SCENT,Approved ProductConcept -> ScentIdentity fact replaces legacy collection parent edge.
collection:杜桑,product:BODYLOTIONS1::杜桑香氛润肤乳,HAS_PRODUCT,CollectionOrScent,Product,replace_and_reverse,product:BODYLOTIONS1,scent:do_son,HAS_SCENT,Approved ProductConcept -> ScentIdentity fact replaces legacy collection parent edge.
collection:杜桑,product:BODYOIL::杜桑柔肤沐浴油,HAS_PRODUCT,CollectionOrScent,Product,replace_and_reverse,product:BODYOIL,scent:do_son,HAS_SCENT,Approved ProductConcept -> ScentIdentity fact replaces legacy collection parent edge.
collection:杜桑,product:EDPDOSONP75C::杜桑淡香精,HAS_PRODUCT,CollectionOrScent,Product,replace_and_reverse,product:EDPDOSONP75C,scent:do_son,HAS_SCENT,Approved ProductConcept -> ScentIdentity fact replaces legacy collection parent edge.
collection:杜桑,product:EDTDOSON::杜桑淡香水,HAS_PRODUCT,CollectionOrScent,Product,replace_and_reverse,product:EDTDOSON,scent:do_son,HAS_SCENT,Approved ProductConcept -> ScentIdentity fact replaces legacy collection parent edge.
collection:杜桑,product:HAIRMIST4::杜桑发香喷雾,HAS_PRODUCT,CollectionOrScent,Product,replace_and_reverse,product:HAIRMIST4,scent:do_son,HAS_SCENT,Approved ProductConcept -> ScentIdentity fact replaces legacy collection parent edge.
collection:杜桑,product:HANDCRE2::杜桑护手霜,HAS_PRODUCT,CollectionOrScent,Product,replace_and_reverse,product:HANDCRE2,scent:do_son,HAS_SCENT,Approved ProductConcept -> ScentIdentity fact replaces legacy collection parent edge.
collection:杜桑,product:HOMEHGFOCARB2P::杜桑香氛皂,HAS_PRODUCT,CollectionOrScent,Product,replace_and_reverse,product:HOMEHGFOCARB2P,scent:do_son,HAS_SCENT,Approved ProductConcept -> ScentIdentity fact replaces legacy collection parent edge.
collection:杜桑,product:HOMERSP5::杜桑固体香膏,HAS_PRODUCT,CollectionOrScent,Product,replace_and_reverse,product:HOMERSP5,scent:do_son,HAS_SCENT,Approved ProductConcept -> ScentIdentity fact replaces legacy collection parent edge.
collection:杜桑,product:SOLIDPERFUME6::杜桑香膏补充装,HAS_PRODUCT,CollectionOrScent,Product,replace_and_reverse,product:SOLIDPERFUME6,scent:do_son,HAS_SCENT,Approved ProductConcept -> ScentIdentity fact replaces legacy collection parent edge.
collection:橙花,product:BODYLOTIONS3::橙花室内喷雾,HAS_PRODUCT,CollectionOrScent,Product,replace_and_reverse,product:BODYLOTIONS3,scent:home:9cb3a4c80b60,HAS_SCENT,Approved ProductConcept -> ScentIdentity fact replaces legacy collection parent edge.
collection:橙花,product:CANDLECY1::香氛蜡烛墨西哥橙花,HAS_PRODUCT,CollectionOrScent,Product,replace_and_reverse,product:CANDLECY1,scent:home:9cb3a4c80b60,HAS_SCENT,Approved ProductConcept -> ScentIdentity fact replaces legacy collection parent edge.
collection:橙花,product:CAPSULES8::橙花车载扩香器香氛套装,HAS_PRODUCT,CollectionOrScent,Product,replace_and_reverse,product:CAPSULES8,scent:home:9cb3a4c80b60,HAS_SCENT,Approved ProductConcept -> ScentIdentity fact replaces legacy collection parent edge.
collection:橙花,product:CAPSULES::橙花电子扩香器香氛补充包,HAS_PRODUCT,CollectionOrScent,Product,quarantine_pending_identity,,,,Name-derived identity lacks independent evidence.
collection:橙花,product:EDTNERO100V1::橙花香调淡香水,HAS_PRODUCT,CollectionOrScent,Product,replace_and_reverse,product:EDTNERO100V1,scent:signature:7316c88abb34,HAS_SCENT,Approved ProductConcept -> ScentIdentity fact replaces legacy collection parent edge.
collection:橙花,product:HOMEHGFOCARB2E::橙花扩香精,HAS_PRODUCT,CollectionOrScent,Product,replace_and_reverse,product:HOMEHGFOCARB2E,scent:home:9cb3a4c80b60,HAS_SCENT,Approved ProductConcept -> ScentIdentity fact replaces legacy collection parent edge.
collection:橙花,product:HOMEHGFOCARB2M::橙花扩香精补充瓶,HAS_PRODUCT,CollectionOrScent,Product,replace_and_reverse,product:HOMEHGFOCARB2M,scent:home:9cb3a4c80b60,HAS_SCENT,Approved ProductConcept -> ScentIdentity fact replaces legacy collection parent edge.
collection:橙花,product:HOMELDDRGDISHSOAP1::橙花餐具清洁液,HAS_PRODUCT,CollectionOrScent,Product,replace_and_reverse,product:HOMELDDRGDISHSOAP1,scent:home:9cb3a4c80b60,HAS_SCENT,Approved ProductConcept -> ScentIdentity fact replaces legacy collection parent edge.
collection:橙花,product:HOMELDDRGDISHSOAP2::橙花餐具清洁液补充装,HAS_PRODUCT,CollectionOrScent,Product,replace_and_reverse,product:HOMELDDRGDISHSOAP2,scent:home:9cb3a4c80b60,HAS_SCENT,Approved ProductConcept -> ScentIdentity fact replaces legacy collection parent edge.
collection:橙花,product:SOLIDPERFUME4::橙花室内扩香摆件补充装,HAS_PRODUCT,CollectionOrScent,Product,replace_and_reverse,product:SOLIDPERFUME4,scent:home:9cb3a4c80b60,HAS_SCENT,Approved ProductConcept -> ScentIdentity fact replaces legacy collection parent edge.
collection:浆果香,product:CANDLEBAIES::迷你香氛蜡烛浆果香,HAS_PRODUCT,CollectionOrScent,Product,replace_and_reverse,product:CANDLEBAIES:b2ed34b132,scent:baies,HAS_SCENT,Approved ProductConcept -> ScentIdentity fact replaces legacy collection parent edge.
collection:浆果香,product:CANDLEBAIES::香氛蜡烛浆果香,HAS_PRODUCT,CollectionOrScent,Product,replace_and_reverse,product:CANDLEBAIES:39be5d15d8,scent:baies,HAS_SCENT,Approved ProductConcept -> ScentIdentity fact replaces legacy collection parent edge.
collection:浆果香,product:CANDLEBAIESB1500::超大号香氛蜡烛浆果香,HAS_PRODUCT,CollectionOrScent,Product,replace_and_reverse,product:CANDLEBAIESB1500,scent:baies,HAS_SCENT,Approved ProductConcept -> ScentIdentity fact replaces legacy collection parent edge.
collection:浆果香,product:CANDLEBAIESB600::大号香氛蜡烛浆果香,HAS_PRODUCT,CollectionOrScent,Product,replace_and_reverse,product:CANDLEBAIESB600,scent:baies,HAS_SCENT,Approved ProductConcept -> ScentIdentity fact replaces legacy collection parent edge.
collection:浆果香,product:CANDLEBAIESBN2::中号香氛蜡烛浆果香,HAS_PRODUCT,CollectionOrScent,Product,replace_and_reverse,product:CANDLEBAIESBN2,scent:baies,HAS_SCENT,Approved ProductConcept -> ScentIdentity fact replaces legacy collection parent edge.
collection:浆果香,product:CAPSULES2::浆果香扩香器香氛补充包,HAS_PRODUCT,CollectionOrScent,Product,replace_and_reverse,product:CAPSULES2,scent:baies,HAS_SCENT,Approved ProductConcept -> ScentIdentity fact replaces legacy collection parent edge.
collection:浆果香,product:HOMECARDIF2::浆果香车载扩香器香氛套装,HAS_PRODUCT,CollectionOrScent,Product,replace_and_reverse,product:HOMECARDIF2,scent:baies,HAS_SCENT,Approved ProductConcept -> ScentIdentity fact replaces legacy collection parent edge.
collection:浆果香,product:HOMECULBUTOB::浆果香摇摆扩香器,HAS_PRODUCT,CollectionOrScent,Product,replace_and_reverse,product:HOMECULBUTOB,scent:baies,HAS_SCENT,Approved ProductConcept -> ScentIdentity fact replaces legacy collection parent edge.
collection:浆果香,product:HOMEHGFOCARB2O::浆果香室内扩香摆件补充装,HAS_PRODUCT,CollectionOrScent,Product,replace_and_reverse,product:HOMEHGFOCARB2O,scent:baies,HAS_SCENT,Approved ProductConcept -> ScentIdentity fact replaces legacy collection parent edge.
collection:浆果香,product:HOMEREEDREFILL200E::浆果香摇摆扩香器补充装,HAS_PRODUCT,CollectionOrScent,Product,replace_and_reverse,product:HOMEREEDREFILL200E,scent:baies,HAS_SCENT,Approved ProductConcept -> ScentIdentity fact replaces legacy collection parent edge.
collection:浆果香,product:HOMEREEDREFILL2L2::浆果香室内扩香摆件补充瓶,HAS_PRODUCT,CollectionOrScent,Product,replace_and_reverse,product:HOMEREEDREFILL2L2,scent:baies,HAS_SCENT,Approved ProductConcept -> ScentIdentity fact replaces legacy collection parent edge.
collection:浆果香,product:HOMERSP8::浆果香扩香精,HAS_PRODUCT,CollectionOrScent,Product,replace_and_reverse,product:HOMERSP8,scent:baies,HAS_SCENT,Approved ProductConcept -> ScentIdentity fact replaces legacy collection parent edge.
collection:浆果香,product:HOMERSP::浆果香室内喷雾,HAS_PRODUCT,CollectionOrScent,Product,replace_and_reverse,product:HOMERSP:cfa5122c10,scent:baies,HAS_SCENT,Approved ProductConcept -> ScentIdentity fact replaces legacy collection parent edge.
collection:浆果香,product:HOMESCO2::浆果香室内香氛蜡,HAS_PRODUCT,CollectionOrScent,Product,replace_and_reverse,product:HOMESCO2,scent:baies,HAS_SCENT,Approved ProductConcept -> ScentIdentity fact replaces legacy collection parent edge.
collection:浆果香,product:concept::家居香氛::烛台香氛蜡烛::浆果香烛台香氛蜡烛,HAS_PRODUCT,CollectionOrScent,Product,replace_and_reverse,product:CANDLETAPCDLB1A,scent:baies,HAS_SCENT,Approved ProductConcept -> ScentIdentity fact replaces legacy collection parent edge.
collection:炭木香,product:CANDLEFB15001::超大号香氛蜡烛炭木香,HAS_PRODUCT,CollectionOrScent,Product,replace_and_reverse,product:CANDLEFB15001,scent:home:9f839def5f16,HAS_SCENT,Approved ProductConcept -> ScentIdentity fact replaces legacy collection parent edge.
collection:炭木香,product:CANDLEFB600::大号香氛蜡烛炭木香,HAS_PRODUCT,CollectionOrScent,Product,replace_and_reverse,product:CANDLEFB600,scent:home:9f839def5f16,HAS_SCENT,Approved ProductConcept -> ScentIdentity fact replaces legacy collection parent edge.
collection:炭木香,product:CANDLEFB::迷你香氛蜡烛炭木香,HAS_PRODUCT,CollectionOrScent,Product,replace_and_reverse,product:CANDLEFB:5a86bfcf83,scent:home:9f839def5f16,HAS_SCENT,Approved ProductConcept -> ScentIdentity fact replaces legacy collection parent edge.
collection:炭木香,product:CANDLEFB::香氛蜡烛炭木香,HAS_PRODUCT,CollectionOrScent,Product,replace_and_reverse,product:CANDLEFB:07c43182a6,scent:home:9f839def5f16,HAS_SCENT,Approved ProductConcept -> ScentIdentity fact replaces legacy collection parent edge.
collection:炭木香,product:CANDLEFBG2::中号香氛蜡烛炭木香,HAS_PRODUCT,CollectionOrScent,Product,replace_and_reverse,product:CANDLEFBG2,scent:home:9f839def5f16,HAS_SCENT,Approved ProductConcept -> ScentIdentity fact replaces legacy collection parent edge.
collection:炭木香,product:concept::家居香氛::烛台香氛蜡烛::炭木香烛台香氛蜡烛,HAS_PRODUCT,CollectionOrScent,Product,quarantine_pending_identity,,,,Name-derived identity lacks independent evidence.
collection:玫瑰,product:BODYGEL5::玫瑰香氛洁肤露,HAS_PRODUCT,CollectionOrScent,Product,replace_and_reverse,product:BODYGEL5,scent:signature:8e504c9b6b1f,HAS_SCENT,Approved ProductConcept -> ScentIdentity fact replaces legacy collection parent edge.
collection:玫瑰,product:CANDLERO1500::超大号香氛蜡烛玫瑰,HAS_PRODUCT,CollectionOrScent,Product,quarantine_pending_identity,,,,Name-derived identity lacks independent evidence.
collection:玫瑰,product:CANDLERO300::中号香氛蜡烛玫瑰,HAS_PRODUCT,CollectionOrScent,Product,replace_and_reverse,product:CANDLERO300,scent:home:7e29b8c11693,HAS_SCENT,Approved ProductConcept -> ScentIdentity fact replaces legacy collection parent edge.
collection:玫瑰,product:CANDLEROSE600::大号香氛蜡烛玫瑰,HAS_PRODUCT,CollectionOrScent,Product,replace_and_reverse,product:CANDLEROSE600,scent:home:7e29b8c11693,HAS_SCENT,Approved ProductConcept -> ScentIdentity fact replaces legacy collection parent edge.
collection:玫瑰,product:CANDLEROSE::迷你香氛蜡烛玫瑰,HAS_PRODUCT,CollectionOrScent,Product,replace_and_reverse,product:CANDLEROSE:001020198d,scent:home:7e29b8c11693,HAS_SCENT,Approved ProductConcept -> ScentIdentity fact replaces legacy collection parent edge.
collection:玫瑰,product:CANDLEROSE::香氛蜡烛玫瑰,HAS_PRODUCT,CollectionOrScent,Product,replace_and_reverse,product:CANDLEROSE:49733fda0f,scent:home:7e29b8c11693,HAS_SCENT,Approved ProductConcept -> ScentIdentity fact replaces legacy collection parent edge.
collection:玫瑰,product:CAPSULES4::玫瑰扩香器香氛补充包,HAS_PRODUCT,CollectionOrScent,Product,replace_and_reverse,product:CAPSULES4,scent:home:7e29b8c11693,HAS_SCENT,Approved ProductConcept -> ScentIdentity fact replaces legacy collection parent edge.
collection:玫瑰,product:HOMECARDIF4::玫瑰车载扩香器香氛套装,HAS_PRODUCT,CollectionOrScent,Product,replace_and_reverse,product:HOMECARDIF4,scent:home:7e29b8c11693,HAS_SCENT,Approved ProductConcept -> ScentIdentity fact replaces legacy collection parent edge.
collection:玫瑰,product:HOMECARDIF6::玫瑰室内喷雾,HAS_PRODUCT,CollectionOrScent,Product,replace_and_reverse,product:HOMECARDIF6,scent:home:7e29b8c11693,HAS_SCENT,Approved ProductConcept -> ScentIdentity fact replaces legacy collection parent edge.
collection:玫瑰,product:HOMEHGFOCARB2C::玫瑰扩香精,HAS_PRODUCT,CollectionOrScent,Product,replace_and_reverse,product:HOMEHGFOCARB2C,scent:home:7e29b8c11693,HAS_SCENT,Approved ProductConcept -> ScentIdentity fact replaces legacy collection parent edge.
collection:玫瑰,product:HOMEHGFOCARB2L::玫瑰扩香精补充瓶,HAS_PRODUCT,CollectionOrScent,Product,replace_and_reverse,product:HOMEHGFOCARB2L,scent:home:7e29b8c11693,HAS_SCENT,Approved ProductConcept -> ScentIdentity fact replaces legacy collection parent edge.
collection:玫瑰,product:HOMEREEDDIFRO::玫瑰室内扩香摆件补充装,HAS_PRODUCT,CollectionOrScent,Product,replace_and_reverse,product:HOMEREEDDIFRO,scent:home:7e29b8c11693,HAS_SCENT,Approved ProductConcept -> ScentIdentity fact replaces legacy collection parent edge.
collection:玫瑰,product:HOMESCO4::玫瑰室内香氛蜡,HAS_PRODUCT,CollectionOrScent,Product,replace_and_reverse,product:HOMESCO4,scent:home:7e29b8c11693,HAS_SCENT,Approved ProductConcept -> ScentIdentity fact replaces legacy collection parent edge.
collection:玫瑰天竺葵,product:CANDLEGR1::香氛蜡烛玫瑰天竺葵,HAS_PRODUCT,CollectionOrScent,Product,replace_and_reverse,product:CANDLEGR1,scent:home:60272c1fa58a,HAS_SCENT,Approved ProductConcept -> ScentIdentity fact replaces legacy collection parent edge.
collection:玫瑰香调,product:BODYLOTIONS::玫瑰香调润肤乳,HAS_PRODUCT,CollectionOrScent,Product,replace_and_reverse,product:BODYLOTIONS,scent:signature:8e504c9b6b1f,HAS_SCENT,Approved ProductConcept -> ScentIdentity fact replaces legacy collection parent edge.
collection:玫瑰香调,product:EDPROSEP75C::玫瑰香调淡香精,HAS_PRODUCT,CollectionOrScent,Product,replace_and_reverse,product:EDPROSEP75C,scent:signature:8e504c9b6b1f,HAS_SCENT,Approved ProductConcept -> ScentIdentity fact replaces legacy collection parent edge.
collection:玫瑰香调,product:EDTROSE::玫瑰香调淡香水,HAS_PRODUCT,CollectionOrScent,Product,replace_and_reverse,product:EDTROSE,scent:signature:8e504c9b6b1f,HAS_SCENT,Approved ProductConcept -> ScentIdentity fact replaces legacy collection parent edge.
collection:玫瑰香调,product:HAIRMIST3::玫瑰香调发香喷雾,HAS_PRODUCT,CollectionOrScent,Product,replace_and_reverse,product:HAIRMIST3,scent:signature:8e504c9b6b1f,HAS_SCENT,Approved ProductConcept -> ScentIdentity fact replaces legacy collection parent edge.
collection:玫瑰香调,product:HANDCRE1::玫瑰香调护手霜,HAS_PRODUCT,CollectionOrScent,Product,replace_and_reverse,product:HANDCRE1,scent:signature:8e504c9b6b1f,HAS_SCENT,Approved ProductConcept -> ScentIdentity fact replaces legacy collection parent edge.
collection:玫瑰香调,product:HOMEREEDREFILL200H::玫瑰香调香氛皂,HAS_PRODUCT,CollectionOrScent,Product,replace_and_reverse,product:HOMEREEDREFILL200H,scent:signature:8e504c9b6b1f,HAS_SCENT,Approved ProductConcept -> ScentIdentity fact replaces legacy collection parent edge.
collection:玫瑰香调,product:HOMERSP4::玫瑰香调固体香膏,HAS_PRODUCT,CollectionOrScent,Product,replace_and_reverse,product:HOMERSP4,scent:signature:8e504c9b6b1f,HAS_SCENT,Approved ProductConcept -> ScentIdentity fact replaces legacy collection parent edge.
collection:玫瑰香调,product:SOLIDPERFUME5::玫瑰香调香膏补充装,HAS_PRODUCT,CollectionOrScent,Product,replace_and_reverse,product:SOLIDPERFUME5,scent:signature:8e504c9b6b1f,HAS_SCENT,Approved ProductConcept -> ScentIdentity fact replaces legacy collection parent edge.
collection:琥珀,product:CANDLEAB::迷你香氛蜡烛琥珀,HAS_PRODUCT,CollectionOrScent,Product,replace_and_reverse,product:CANDLEAB:3c4b09a157,scent:home:8804ae0c4c63,HAS_SCENT,Approved ProductConcept -> ScentIdentity fact replaces legacy collection parent edge.
collection:琥珀,product:CANDLEAB::香氛蜡烛琥珀,HAS_PRODUCT,CollectionOrScent,Product,replace_and_reverse,product:CANDLEAB:e63b4600f1,scent:home:8804ae0c4c63,HAS_SCENT,Approved ProductConcept -> ScentIdentity fact replaces legacy collection parent edge.
collection:琥珀,product:CANDLEABA2::中号香氛蜡烛琥珀,HAS_PRODUCT,CollectionOrScent,Product,replace_and_reverse,product:CANDLEABA2,scent:home:8804ae0c4c63,HAS_SCENT,Approved ProductConcept -> ScentIdentity fact replaces legacy collection parent edge.
collection:琥珀,product:CANDLEAMB1500::超大号香氛蜡烛琥珀,HAS_PRODUCT,CollectionOrScent,Product,replace_and_reverse,product:CANDLEAMB1500,scent:home:8804ae0c4c63,HAS_SCENT,Approved ProductConcept -> ScentIdentity fact replaces legacy collection parent edge.
collection:琥珀,product:CANDLETAPCDLB1B::琥珀烛台香氛蜡烛,HAS_PRODUCT,CollectionOrScent,Product,replace_and_reverse,product:CANDLETAPCDLB1B,scent:home:8804ae0c4c63,HAS_SCENT,Approved ProductConcept -> ScentIdentity fact replaces legacy collection parent edge.
collection:琥珀,product:CAPSULES::琥珀电子扩香器香氛补充包,HAS_PRODUCT,CollectionOrScent,Product,replace_and_reverse,product:CAPSULES:e008d5a6d3,scent:home:8804ae0c4c63,HAS_SCENT,Approved ProductConcept -> ScentIdentity fact replaces legacy collection parent edge.
collection:琥珀,product:HOMERSP::琥珀室内喷雾,HAS_PRODUCT,CollectionOrScent,Product,replace_and_reverse,product:HOMERSP:281d331eae,scent:home:8804ae0c4c63,HAS_SCENT,Approved ProductConcept -> ScentIdentity fact replaces legacy collection parent edge.
collection:琥珀,product:concept::家居香氛::室内扩香摆件::琥珀室内扩香摆件补充瓶,HAS_PRODUCT,CollectionOrScent,Product,replace_and_reverse,product:HOMEREEDREFILL2L1,scent:home:8804ae0c4c63,HAS_SCENT,Approved ProductConcept -> ScentIdentity fact replaces legacy collection parent edge.
collection:生姜,product:CAPSULES3::生姜扩香器香氛补充包,HAS_PRODUCT,CollectionOrScent,Product,replace_and_reverse,product:CAPSULES3,scent:home:75c3136d0e43,HAS_SCENT,Approved ProductConcept -> ScentIdentity fact replaces legacy collection parent edge.
collection:生姜,product:HOMEHGFOCARB2F::生姜扩香精,HAS_PRODUCT,CollectionOrScent,Product,replace_and_reverse,product:HOMEHGFOCARB2F,scent:home:75c3136d0e43,HAS_SCENT,Approved ProductConcept -> ScentIdentity fact replaces legacy collection parent edge.
collection:生姜,product:HOMERSP2::生姜室内喷雾,HAS_PRODUCT,CollectionOrScent,Product,replace_and_reverse,product:HOMERSP2,scent:home:75c3136d0e43,HAS_SCENT,Approved ProductConcept -> ScentIdentity fact replaces legacy collection parent edge.
collection:生姜,product:HOMERSP7::生姜扩香精补充瓶,HAS_PRODUCT,CollectionOrScent,Product,replace_and_reverse,product:HOMERSP7,scent:home:75c3136d0e43,HAS_SCENT,Approved ProductConcept -> ScentIdentity fact replaces legacy collection parent edge.
collection:纸上,product:BODYGEL4::纸上洁肤露,HAS_PRODUCT,CollectionOrScent,Product,replace_and_reverse,product:BODYGEL4,scent:signature:a4b1e7540ff6,HAS_SCENT,Approved ProductConcept -> ScentIdentity fact replaces legacy collection parent edge.
collection:纸上,product:EDTPAPIER::纸上淡香水,HAS_PRODUCT,CollectionOrScent,Product,replace_and_reverse,product:EDTPAPIER,scent:signature:a4b1e7540ff6,HAS_SCENT,Approved ProductConcept -> ScentIdentity fact replaces legacy collection parent edge.
collection:纸上,product:HAIRMIST6::纸上发香喷雾,HAS_PRODUCT,CollectionOrScent,Product,replace_and_reverse,product:HAIRMIST6,scent:signature:a4b1e7540ff6,HAS_SCENT,Approved ProductConcept -> ScentIdentity fact replaces legacy collection parent edge.
collection:肌肤之花,product:BODYGEL3::肌肤之花洁肤露,HAS_PRODUCT,CollectionOrScent,Product,replace_and_reverse,product:BODYGEL3,scent:signature:6acc04e82ce4,HAS_SCENT,Approved ProductConcept -> ScentIdentity fact replaces legacy collection parent edge.
collection:肌肤之花,product:DIPXM25LARGEEDPFL::典藏版肌肤之花淡香精,HAS_PRODUCT,CollectionOrScent,Product,replace_and_reverse,product:DIPXM25LARGEEDPFL,scent:signature:6acc04e82ce4,HAS_SCENT,Approved ProductConcept -> ScentIdentity fact replaces legacy collection parent edge.
collection:肌肤之花,product:EDPFLEURP75C::肌肤之花淡香精,HAS_PRODUCT,CollectionOrScent,Product,replace_and_reverse,product:EDPFLEURP75C,scent:signature:6acc04e82ce4,HAS_SCENT,Approved ProductConcept -> ScentIdentity fact replaces legacy collection parent edge.
collection:肌肤之花,product:EDTFLEUR::肌肤之花淡香水,HAS_PRODUCT,CollectionOrScent,Product,replace_and_reverse,product:EDTFLEUR,scent:signature:6acc04e82ce4,HAS_SCENT,Approved ProductConcept -> ScentIdentity fact replaces legacy collection parent edge.
collection:肌肤之花,product:HAIRMIST::肌肤之花发香喷雾,HAS_PRODUCT,CollectionOrScent,Product,replace_and_reverse,product:HAIRMIST,scent:signature:6acc04e82ce4,HAS_SCENT,Approved ProductConcept -> ScentIdentity fact replaces legacy collection parent edge.
collection:肌肤之花,product:HANDCRE4::肌肤之花护手霜,HAS_PRODUCT,CollectionOrScent,Product,replace_and_reverse,product:HANDCRE4,scent:signature:6acc04e82ce4,HAS_SCENT,Approved ProductConcept -> ScentIdentity fact replaces legacy collection parent edge.
collection:肌肤之花,product:SOLIDPERFUME1::肌肤之花香膏,HAS_PRODUCT,CollectionOrScent,Product,replace_and_reverse,product:SOLIDPERFUME1,scent:signature:6acc04e82ce4,HAS_SCENT,Approved ProductConcept -> ScentIdentity fact replaces legacy collection parent edge.
collection:肌肤之花,product:SOLIDPERFUME8::肌肤之花香膏补充装,HAS_PRODUCT,CollectionOrScent,Product,replace_and_reverse,product:SOLIDPERFUME8,scent:signature:6acc04e82ce4,HAS_SCENT,Approved ProductConcept -> ScentIdentity fact replaces legacy collection parent edge.
collection:肌肤之花,product:concept::身体护理::润肤乳::肌肤之花润肤乳,HAS_PRODUCT,CollectionOrScent,Product,replace_and_reverse,product:BODYSOA1,scent:signature:6acc04e82ce4,HAS_SCENT,Approved ProductConcept -> ScentIdentity fact replaces legacy collection parent edge.
collection:谭道,product:EDPTAMDAOP75C::谭道淡香精,HAS_PRODUCT,CollectionOrScent,Product,replace_and_reverse,product:EDPTAMDAOP75C,scent:signature:c3f8d418bee3,HAS_SCENT,Approved ProductConcept -> ScentIdentity fact replaces legacy collection parent edge.
collection:谭道,product:EDTTAMDAO::谭道淡香水,HAS_PRODUCT,CollectionOrScent,Product,replace_and_reverse,product:EDTTAMDAO,scent:signature:c3f8d418bee3,HAS_SCENT,Approved ProductConcept -> ScentIdentity fact replaces legacy collection parent edge.
note:丁香,product:EDTEAU100V1::永恒之水淡香水,HAS_PRODUCT,NoteIngredient,Product,retire_direct_semantic_product_edge,,,,"Schema v1 attaches note/profile/accord semantics to ScentIdentity, not directly to ProductConcept."
note:乳香,product:EDPLUNAMAR100::潮汐月影淡香精,HAS_PRODUCT,NoteIngredient,Product,retire_direct_semantic_product_edge,,,,"Schema v1 attaches note/profile/accord semantics to ScentIdentity, not directly to ProductConcept."
note:仙客来,product:EDTLIERRE::利埃尔淡香水,HAS_PRODUCT,NoteIngredient,Product,retire_direct_semantic_product_edge,,,,"Schema v1 attaches note/profile/accord semantics to ScentIdentity, not directly to ProductConcept."
note:佛手柑,product:EDPCAPITAP75C::巴黎之水淡香精,HAS_PRODUCT,NoteIngredient,Product,retire_direct_semantic_product_edge,,,,"Schema v1 attaches note/profile/accord semantics to ScentIdentity, not directly to ProductConcept."
note:佛手柑,product:EDPNABATIP75C::天堂花园之水淡香精,HAS_PRODUCT,NoteIngredient,Product,retire_direct_semantic_product_edge,,,,"Schema v1 attaches note/profile/accord semantics to ScentIdentity, not directly to ProductConcept."
note:佛手柑,product:EDTNERO100V1::橙花香调淡香水,HAS_PRODUCT,NoteIngredient,Product,retire_direct_semantic_product_edge,,,,"Schema v1 attaches note/profile/accord semantics to ScentIdentity, not directly to ProductConcept."
note:佛手柑,product:HAIRMIST1::巴黎之水发香喷雾,HAS_PRODUCT,NoteIngredient,Product,retire_direct_semantic_product_edge,,,,"Schema v1 attaches note/profile/accord semantics to ScentIdentity, not directly to ProductConcept."
note:佛手柑,product:HANDCRE3::巴黎之水护手霜,HAS_PRODUCT,NoteIngredient,Product,retire_direct_semantic_product_edge,,,,"Schema v1 attaches note/profile/accord semantics to ScentIdentity, not directly to ProductConcept."
note:依兰,product:EDTMOHE100V1::依兰香调淡香水,HAS_PRODUCT,NoteIngredient,Product,retire_direct_semantic_product_edge,,,,"Schema v1 attaches note/profile/accord semantics to ScentIdentity, not directly to ProductConcept."
note:依兰香精,product:CANDLEPCA003::梦幻雨林,HAS_PRODUCT,NoteIngredient,Product,retire_direct_semantic_product_edge,,,,"Schema v1 attaches note/profile/accord semantics to ScentIdentity, not directly to ProductConcept."
note:依兰香精,product:CANDLEPCA003::梦幻雨林香氛蜡烛补充装,HAS_PRODUCT,NoteIngredient,Product,retire_direct_semantic_product_edge,,,,"Schema v1 attaches note/profile/accord semantics to ScentIdentity, not directly to ProductConcept."
note:千叶玫瑰,product:BODYGEL5::玫瑰香氛洁肤露,HAS_PRODUCT,NoteIngredient,Product,retire_direct_semantic_product_edge,,,,"Schema v1 attaches note/profile/accord semantics to ScentIdentity, not directly to ProductConcept."
note:千叶玫瑰,product:BODYLOTIONS::玫瑰香调润肤乳,HAS_PRODUCT,NoteIngredient,Product,retire_direct_semantic_product_edge,,,,"Schema v1 attaches note/profile/accord semantics to ScentIdentity, not directly to ProductConcept."
note:千叶玫瑰,product:EDPROSEROC100::沙漠玫瑰淡香精,HAS_PRODUCT,NoteIngredient,Product,retire_direct_semantic_product_edge,,,,"Schema v1 attaches note/profile/accord semantics to ScentIdentity, not directly to ProductConcept."
note:千叶玫瑰,product:EDTROSE::玫瑰香调淡香水,HAS_PRODUCT,NoteIngredient,Product,retire_direct_semantic_product_edge,,,,"Schema v1 attaches note/profile/accord semantics to ScentIdentity, not directly to ProductConcept."
note:千叶玫瑰,product:HAIRMIST3::玫瑰香调发香喷雾,HAS_PRODUCT,NoteIngredient,Product,retire_direct_semantic_product_edge,,,,"Schema v1 attaches note/profile/accord semantics to ScentIdentity, not directly to ProductConcept."
note:千叶玫瑰,product:HANDCRE1::玫瑰香调护手霜,HAS_PRODUCT,NoteIngredient,Product,retire_direct_semantic_product_edge,,,,"Schema v1 attaches note/profile/accord semantics to ScentIdentity, not directly to ProductConcept."
note:千叶玫瑰,product:HOMEREEDREFILL200H::玫瑰香调香氛皂,HAS_PRODUCT,NoteIngredient,Product,retire_direct_semantic_product_edge,,,,"Schema v1 attaches note/profile/accord semantics to ScentIdentity, not directly to ProductConcept."
note:千叶玫瑰,product:HOMERSP4::玫瑰香调固体香膏,HAS_PRODUCT,NoteIngredient,Product,retire_direct_semantic_product_edge,,,,"Schema v1 attaches note/profile/accord semantics to ScentIdentity, not directly to ProductConcept."
note:千叶玫瑰,product:SOLIDPERFUME5::玫瑰香调香膏补充装,HAS_PRODUCT,NoteIngredient,Product,retire_direct_semantic_product_edge,,,,"Schema v1 attaches note/profile/accord semantics to ScentIdentity, not directly to ProductConcept."
note:含羞草,product:BODYGEL4::纸上洁肤露,HAS_PRODUCT,NoteIngredient,Product,retire_direct_semantic_product_edge,,,,"Schema v1 attaches note/profile/accord semantics to ScentIdentity, not directly to ProductConcept."
note:含羞草,product:EDTPAPIER::纸上淡香水,HAS_PRODUCT,NoteIngredient,Product,retire_direct_semantic_product_edge,,,,"Schema v1 attaches note/profile/accord semantics to ScentIdentity, not directly to ProductConcept."
note:含羞草,product:HAIRMIST6::纸上发香喷雾,HAS_PRODUCT,NoteIngredient,Product,retire_direct_semantic_product_edge,,,,"Schema v1 attaches note/profile/accord semantics to ScentIdentity, not directly to ProductConcept."
note:土耳其玫瑰,product:EDPVETYP75C::维堤里欧淡香精,HAS_PRODUCT,NoteIngredient,Product,retire_direct_semantic_product_edge,,,,"Schema v1 attaches note/profile/accord semantics to ScentIdentity, not directly to ProductConcept."
note:土耳其玫瑰,product:EDTVETY::维堤里欧淡香水,HAS_PRODUCT,NoteIngredient,Product,retire_direct_semantic_product_edge,,,,"Schema v1 attaches note/profile/accord semantics to ScentIdentity, not directly to ProductConcept."
note:大马士革及千叶玫瑰,product:EDPROSEP75C::玫瑰香调淡香精,HAS_PRODUCT,NoteIngredient,Product,retire_direct_semantic_product_edge,,,,"Schema v1 attaches note/profile/accord semantics to ScentIdentity, not directly to ProductConcept."
note:大马士革玫瑰,product:BODYGEL5::玫瑰香氛洁肤露,HAS_PRODUCT,NoteIngredient,Product,retire_direct_semantic_product_edge,,,,"Schema v1 attaches note/profile/accord semantics to ScentIdentity, not directly to ProductConcept."
note:大马士革玫瑰,product:BODYLOTIONS::玫瑰香调润肤乳,HAS_PRODUCT,NoteIngredient,Product,retire_direct_semantic_product_edge,,,,"Schema v1 attaches note/profile/accord semantics to ScentIdentity, not directly to ProductConcept."
note:大马士革玫瑰,product:EDPOMBREP75C::影中之水淡香精,HAS_PRODUCT,NoteIngredient,Product,retire_direct_semantic_product_edge,,,,"Schema v1 attaches note/profile/accord semantics to ScentIdentity, not directly to ProductConcept."
note:大马士革玫瑰,product:EDTOMBRE::影中之水淡香水,HAS_PRODUCT,NoteIngredient,Product,retire_direct_semantic_product_edge,,,,"Schema v1 attaches note/profile/accord semantics to ScentIdentity, not directly to ProductConcept."
note:大马士革玫瑰,product:EDTROSE::玫瑰香调淡香水,HAS_PRODUCT,NoteIngredient,Product,retire_direct_semantic_product_edge,,,,"Schema v1 attaches note/profile/accord semantics to ScentIdentity, not directly to ProductConcept."
note:大马士革玫瑰,product:HAIRMIST3::玫瑰香调发香喷雾,HAS_PRODUCT,NoteIngredient,Product,retire_direct_semantic_product_edge,,,,"Schema v1 attaches note/profile/accord semantics to ScentIdentity, not directly to ProductConcept."
note:大马士革玫瑰,product:HANDCRE1::玫瑰香调护手霜,HAS_PRODUCT,NoteIngredient,Product,retire_direct_semantic_product_edge,,,,"Schema v1 attaches note/profile/accord semantics to ScentIdentity, not directly to ProductConcept."
note:大马士革玫瑰,product:HOMEREEDREFILL200H::玫瑰香调香氛皂,HAS_PRODUCT,NoteIngredient,Product,retire_direct_semantic_product_edge,,,,"Schema v1 attaches note/profile/accord semantics to ScentIdentity, not directly to ProductConcept."
note:大马士革玫瑰,product:HOMERSP4::玫瑰香调固体香膏,HAS_PRODUCT,NoteIngredient,Product,retire_direct_semantic_product_edge,,,,"Schema v1 attaches note/profile/accord semantics to ScentIdentity, not directly to ProductConcept."
note:大马士革玫瑰,product:SOLIDPERFUME5::玫瑰香调香膏补充装,HAS_PRODUCT,NoteIngredient,Product,retire_direct_semantic_product_edge,,,,"Schema v1 attaches note/profile/accord semantics to ScentIdentity, not directly to ProductConcept."
note:天竺葵,product:BODYSUM26MILK200::柠檬草与天竺葵香调晒后身体凝乳（限量版）,HAS_PRODUCT,NoteIngredient,Product,retire_direct_semantic_product_edge,,,,"Schema v1 attaches note/profile/accord semantics to ScentIdentity, not directly to ProductConcept."
note:天竺葵,product:BODYSUM26SGEL200::柠檬草与天竺葵香调洁肤露（限量版）,HAS_PRODUCT,NoteIngredient,Product,retire_direct_semantic_product_edge,,,,"Schema v1 attaches note/profile/accord semantics to ScentIdentity, not directly to ProductConcept."
note:天竺葵,product:EDPMINTP75C::曼特淡香精,HAS_PRODUCT,NoteIngredient,Product,retire_direct_semantic_product_edge,,,,"Schema v1 attaches note/profile/accord semantics to ScentIdentity, not directly to ProductConcept."
note:天竺葵,product:EDTEAU100V1::永恒之水淡香水,HAS_PRODUCT,NoteIngredient,Product,retire_direct_semantic_product_edge,,,,"Schema v1 attaches note/profile/accord semantics to ScentIdentity, not directly to ProductConcept."
note:天竺葵,product:EDTGERA100V1::天竺葵香调淡香水,HAS_PRODUCT,NoteIngredient,Product,retire_direct_semantic_product_edge,,,,"Schema v1 attaches note/profile/accord semantics to ScentIdentity, not directly to ProductConcept."
note:姜,product:EDTMOHE100V1::依兰香调淡香水,HAS_PRODUCT,NoteIngredient,Product,retire_direct_semantic_product_edge,,,,"Schema v1 attaches note/profile/accord semantics to ScentIdentity, not directly to ProductConcept."
note:安息香,product:EDPBOHEMEP75C::波西米亚安息香淡香精,HAS_PRODUCT,NoteIngredient,Product,retire_direct_semantic_product_edge,,,,"Schema v1 attaches note/profile/accord semantics to ScentIdentity, not directly to ProductConcept."
note:小茴香,product:EDTAUTRE100V1::别样淡香水,HAS_PRODUCT,NoteIngredient,Product,retire_direct_semantic_product_edge,,,,"Schema v1 attaches note/profile/accord semantics to ScentIdentity, not directly to ProductConcept."
note:小豆蔻,product:EDPLILYPHEA100::睡莲悠悠淡香精,HAS_PRODUCT,NoteIngredient,Product,retire_direct_semantic_product_edge,,,,"Schema v1 attaches note/profile/accord semantics to ScentIdentity, not directly to ProductConcept."
note:小豆蔻,product:EDTGERA100V1::天竺葵香调淡香水,HAS_PRODUCT,NoteIngredient,Product,retire_direct_semantic_product_edge,,,,"Schema v1 attaches note/profile/accord semantics to ScentIdentity, not directly to ProductConcept."
note:岩玫瑰,product:EDTTROIS100V1::三重水淡香水,HAS_PRODUCT,NoteIngredient,Product,retire_direct_semantic_product_edge,,,,"Schema v1 attaches note/profile/accord semantics to ScentIdentity, not directly to ProductConcept."
note:岩蔷薇,product:EDPBOHEMEP75C::波西米亚安息香淡香精,HAS_PRODUCT,NoteIngredient,Product,retire_direct_semantic_product_edge,,,,"Schema v1 attaches note/profile/accord semantics to ScentIdentity, not directly to ProductConcept."
note:岩蔷薇,product:EDPLUNAMAR100::潮汐月影淡香精,HAS_PRODUCT,NoteIngredient,Product,retire_direct_semantic_product_edge,,,,"Schema v1 attaches note/profile/accord semantics to ScentIdentity, not directly to ProductConcept."
note:广藿香,product:EDPBOHEMEP75C::波西米亚安息香淡香精,HAS_PRODUCT,NoteIngredient,Product,retire_direct_semantic_product_edge,,,,"Schema v1 attaches note/profile/accord semantics to ScentIdentity, not directly to ProductConcept."
note:广藿香,product:EDPCAPITAP75C::巴黎之水淡香精,HAS_PRODUCT,NoteIngredient,Product,retire_direct_semantic_product_edge,,,,"Schema v1 attaches note/profile/accord semantics to ScentIdentity, not directly to ProductConcept."
note:广藿香,product:EDPMINTP75C::曼特淡香精,HAS_PRODUCT,NoteIngredient,Product,retire_direct_semantic_product_edge,,,,"Schema v1 attaches note/profile/accord semantics to ScentIdentity, not directly to ProductConcept."
note:广藿香,product:EDPROSEROC100::沙漠玫瑰淡香精,HAS_PRODUCT,NoteIngredient,Product,retire_direct_semantic_product_edge,,,,"Schema v1 attaches note/profile/accord semantics to ScentIdentity, not directly to ProductConcept."
note:广藿香,product:EDPTEMPOP75C::旋律淡香精,HAS_PRODUCT,NoteIngredient,Product,retire_direct_semantic_product_edge,,,,"Schema v1 attaches note/profile/accord semantics to ScentIdentity, not directly to ProductConcept."
note:广藿香,product:EDTSENS::感官之水淡香水,HAS_PRODUCT,NoteIngredient,Product,retire_direct_semantic_product_edge,,,,"Schema v1 attaches note/profile/accord semantics to ScentIdentity, not directly to ProductConcept."
note:广藿香,product:HAIRMIST1::巴黎之水发香喷雾,HAS_PRODUCT,NoteIngredient,Product,retire_direct_semantic_product_edge,,,,"Schema v1 attaches note/profile/accord semantics to ScentIdentity, not directly to ProductConcept."
note:广藿香,product:HAIRMIST2::感官之水发香喷雾,HAS_PRODUCT,NoteIngredient,Product,retire_direct_semantic_product_edge,,,,"Schema v1 attaches note/profile/accord semantics to ScentIdentity, not directly to ProductConcept."
note:广藿香,product:HANDCRE3::巴黎之水护手霜,HAS_PRODUCT,NoteIngredient,Product,retire_direct_semantic_product_edge,,,,"Schema v1 attaches note/profile/accord semantics to ScentIdentity, not directly to ProductConcept."
note:广藿香,product:HOMEHGFOCARB2H::感官之水香氛皂,HAS_PRODUCT,NoteIngredient,Product,retire_direct_semantic_product_edge,,,,"Schema v1 attaches note/profile/accord semantics to ScentIdentity, not directly to ProductConcept."
note:康乃馨,product:EDTOFRESIA100V1::小苍兰香调淡香水,HAS_PRODUCT,NoteIngredient,Product,retire_direct_semantic_product_edge,,,,"Schema v1 attaches note/profile/accord semantics to ScentIdentity, not directly to ProductConcept."
note:当归根,product:EDTSENS::感官之水淡香水,HAS_PRODUCT,NoteIngredient,Product,retire_direct_semantic_product_edge,,,,"Schema v1 attaches note/profile/accord semantics to ScentIdentity, not directly to ProductConcept."
note:当归根,product:HAIRMIST2::感官之水发香喷雾,HAS_PRODUCT,NoteIngredient,Product,retire_direct_semantic_product_edge,,,,"Schema v1 attaches note/profile/accord semantics to ScentIdentity, not directly to ProductConcept."
note:当归根,product:HOMEHGFOCARB2H::感官之水香氛皂,HAS_PRODUCT,NoteIngredient,Product,retire_direct_semantic_product_edge,,,,"Schema v1 attaches note/profile/accord semantics to ScentIdentity, not directly to ProductConcept."
note:愈创木,product:EDTOFRESIA100V1::小苍兰香调淡香水,HAS_PRODUCT,NoteIngredient,Product,retire_direct_semantic_product_edge,,,,"Schema v1 attaches note/profile/accord semantics to ScentIdentity, not directly to ProductConcept."
note:抹茶香精,product:CANDLEPCA001::青苔禅寺,HAS_PRODUCT,NoteIngredient,Product,retire_direct_semantic_product_edge,,,,"Schema v1 attaches note/profile/accord semantics to ScentIdentity, not directly to ProductConcept."
note:抹茶香精,product:CANDLEPCA001::青苔禅寺香氛蜡烛补充装,HAS_PRODUCT,NoteIngredient,Product,retire_direct_semantic_product_edge,,,,"Schema v1 attaches note/profile/accord semantics to ScentIdentity, not directly to ProductConcept."
note:无花果叶,product:BODYGEL1::希腊无花果香调洁肤露,HAS_PRODUCT,NoteIngredient,Product,retire_direct_semantic_product_edge,,,,"Schema v1 attaches note/profile/accord semantics to ScentIdentity, not directly to ProductConcept."
note:无花果叶,product:CAPSULES9::希腊无花果香调润肤乳,HAS_PRODUCT,NoteIngredient,Product,retire_direct_semantic_product_edge,,,,"Schema v1 attaches note/profile/accord semantics to ScentIdentity, not directly to ProductConcept."
note:无花果叶,product:EDPPHILOP75C::希腊无花果香调淡香精,HAS_PRODUCT,NoteIngredient,Product,retire_direct_semantic_product_edge,,,,"Schema v1 attaches note/profile/accord semantics to ScentIdentity, not directly to ProductConcept."
note:无花果叶,product:HAIRMIST7::希腊无花果香调发香喷雾,HAS_PRODUCT,NoteIngredient,Product,retire_direct_semantic_product_edge,,,,"Schema v1 attaches note/profile/accord semantics to ScentIdentity, not directly to ProductConcept."
note:无花果木,product:BODYGEL1::希腊无花果香调洁肤露,HAS_PRODUCT,NoteIngredient,Product,retire_direct_semantic_product_edge,,,,"Schema v1 attaches note/profile/accord semantics to ScentIdentity, not directly to ProductConcept."
note:无花果木,product:CAPSULES9::希腊无花果香调润肤乳,HAS_PRODUCT,NoteIngredient,Product,retire_direct_semantic_product_edge,,,,"Schema v1 attaches note/profile/accord semantics to ScentIdentity, not directly to ProductConcept."
note:无花果木,product:EDPPHILOP75C::希腊无花果香调淡香精,HAS_PRODUCT,NoteIngredient,Product,retire_direct_semantic_product_edge,,,,"Schema v1 attaches note/profile/accord semantics to ScentIdentity, not directly to ProductConcept."
note:无花果木,product:HAIRMIST7::希腊无花果香调发香喷雾,HAS_PRODUCT,NoteIngredient,Product,retire_direct_semantic_product_edge,,,,"Schema v1 attaches note/profile/accord semantics to ScentIdentity, not directly to ProductConcept."
note:无花果树汁,product:BODYGEL1::希腊无花果香调洁肤露,HAS_PRODUCT,NoteIngredient,Product,retire_direct_semantic_product_edge,,,,"Schema v1 attaches note/profile/accord semantics to ScentIdentity, not directly to ProductConcept."
note:无花果树汁,product:CAPSULES9::希腊无花果香调润肤乳,HAS_PRODUCT,NoteIngredient,Product,retire_direct_semantic_product_edge,,,,"Schema v1 attaches note/profile/accord semantics to ScentIdentity, not directly to ProductConcept."
note:无花果树汁,product:EDPPHILOP75C::希腊无花果香调淡香精,HAS_PRODUCT,NoteIngredient,Product,retire_direct_semantic_product_edge,,,,"Schema v1 attaches note/profile/accord semantics to ScentIdentity, not directly to ProductConcept."
note:无花果汁,product:HAIRMIST7::希腊无花果香调发香喷雾,HAS_PRODUCT,NoteIngredient,Product,retire_direct_semantic_product_edge,,,,"Schema v1 attaches note/profile/accord semantics to ScentIdentity, not directly to ProductConcept."
note:晚香玉,product:BODYLOTIONS1::杜桑香氛润肤乳,HAS_PRODUCT,NoteIngredient,Product,retire_direct_semantic_product_edge,,,,"Schema v1 attaches note/profile/accord semantics to ScentIdentity, not directly to ProductConcept."
note:晚香玉,product:BODYOIL::杜桑柔肤沐浴油,HAS_PRODUCT,NoteIngredient,Product,retire_direct_semantic_product_edge,,,,"Schema v1 attaches note/profile/accord semantics to ScentIdentity, not directly to ProductConcept."
note:晚香玉,product:EDPDOSONP75C::杜桑淡香精,HAS_PRODUCT,NoteIngredient,Product,retire_direct_semantic_product_edge,,,,"Schema v1 attaches note/profile/accord semantics to ScentIdentity, not directly to ProductConcept."
note:晚香玉,product:EDTDOSON::杜桑淡香水,HAS_PRODUCT,NoteIngredient,Product,retire_direct_semantic_product_edge,,,,"Schema v1 attaches note/profile/accord semantics to ScentIdentity, not directly to ProductConcept."
note:晚香玉,product:HAIRMIST4::杜桑发香喷雾,HAS_PRODUCT,NoteIngredient,Product,retire_direct_semantic_product_edge,,,,"Schema v1 attaches note/profile/accord semantics to ScentIdentity, not directly to ProductConcept."
note:晚香玉,product:HANDCRE2::杜桑护手霜,HAS_PRODUCT,NoteIngredient,Product,retire_direct_semantic_product_edge,,,,"Schema v1 attaches note/profile/accord semantics to ScentIdentity, not directly to ProductConcept."
note:晚香玉,product:HOMEHGFOCARB2P::杜桑香氛皂,HAS_PRODUCT,NoteIngredient,Product,retire_direct_semantic_product_edge,,,,"Schema v1 attaches note/profile/accord semantics to ScentIdentity, not directly to ProductConcept."
note:晚香玉,product:HOMERSP5::杜桑固体香膏,HAS_PRODUCT,NoteIngredient,Product,retire_direct_semantic_product_edge,,,,"Schema v1 attaches note/profile/accord semantics to ScentIdentity, not directly to ProductConcept."
note:晚香玉,product:SOLIDPERFUME6::杜桑香膏补充装,HAS_PRODUCT,NoteIngredient,Product,retire_direct_semantic_product_edge,,,,"Schema v1 attaches note/profile/accord semantics to ScentIdentity, not directly to ProductConcept."
note:杜松子,product:BODYGEL2::奥费恩洁肤露,HAS_PRODUCT,NoteIngredient,Product,retire_direct_semantic_product_edge,,,,"Schema v1 attaches note/profile/accord semantics to ScentIdentity, not directly to ProductConcept."
note:杜松子,product:BODYORPHBLOTION::奥费恩香调润肤乳,HAS_PRODUCT,NoteIngredient,Product,retire_direct_semantic_product_edge,,,,"Schema v1 attaches note/profile/accord semantics to ScentIdentity, not directly to ProductConcept."
note:杜松子,product:DIPXM25LARGEEDPOR::典藏版奥费恩淡香精,HAS_PRODUCT,NoteIngredient,Product,retire_direct_semantic_product_edge,,,,"Schema v1 attaches note/profile/accord semantics to ScentIdentity, not directly to ProductConcept."
note:杜松子,product:EDTORPHEDT100::奥费恩淡香水,HAS_PRODUCT,NoteIngredient,Product,retire_direct_semantic_product_edge,,,,"Schema v1 attaches note/profile/accord semantics to ScentIdentity, not directly to ProductConcept."
note:杜松子,product:EDTSENS::感官之水淡香水,HAS_PRODUCT,NoteIngredient,Product,retire_direct_semantic_product_edge,,,,"Schema v1 attaches note/profile/accord semantics to ScentIdentity, not directly to ProductConcept."
note:杜松子,product:HAIRMIST2::感官之水发香喷雾,HAS_PRODUCT,NoteIngredient,Product,retire_direct_semantic_product_edge,,,,"Schema v1 attaches note/profile/accord semantics to ScentIdentity, not directly to ProductConcept."
note:杜松子,product:HAIRORPHHMIST::奥费恩发香喷雾,HAS_PRODUCT,NoteIngredient,Product,retire_direct_semantic_product_edge,,,,"Schema v1 attaches note/profile/accord semantics to ScentIdentity, not directly to ProductConcept."
note:杜松子,product:HANDORPHHCREAM::奥费恩香氛护手霜,HAS_PRODUCT,NoteIngredient,Product,retire_direct_semantic_product_edge,,,,"Schema v1 attaches note/profile/accord semantics to ScentIdentity, not directly to ProductConcept."
note:杜松子,product:HOMEHGFOCARB2H::感官之水香氛皂,HAS_PRODUCT,NoteIngredient,Product,retire_direct_semantic_product_edge,,,,"Schema v1 attaches note/profile/accord semantics to ScentIdentity, not directly to ProductConcept."
note:杜松子,product:HOMERSP6::奥费恩固体香膏,HAS_PRODUCT,NoteIngredient,Product,retire_direct_semantic_product_edge,,,,"Schema v1 attaches note/profile/accord semantics to ScentIdentity, not directly to ProductConcept."
note:杜松子,product:ORPHEON2022::奥费恩淡香精,HAS_PRODUCT,NoteIngredient,Product,retire_direct_semantic_product_edge,,,,"Schema v1 attaches note/profile/accord semantics to ScentIdentity, not directly to ProductConcept."
note:杜松子,product:SOLIDPERFUME7::奥费恩香膏补充装,HAS_PRODUCT,NoteIngredient,Product,retire_direct_semantic_product_edge,,,,"Schema v1 attaches note/profile/accord semantics to ScentIdentity, not directly to ProductConcept."
note:柏树,product:EDPTAMDAOP75C::谭道淡香精,HAS_PRODUCT,NoteIngredient,Product,retire_direct_semantic_product_edge,,,,"Schema v1 attaches note/profile/accord semantics to ScentIdentity, not directly to ProductConcept."
note:柏树,product:EDTTAMDAO::谭道淡香水,HAS_PRODUCT,NoteIngredient,Product,retire_direct_semantic_product_edge,,,,"Schema v1 attaches note/profile/accord semantics to ScentIdentity, not directly to ProductConcept."
note:柚子,product:EDTOYEDO::东京淡香水,HAS_PRODUCT,NoteIngredient,Product,retire_direct_semantic_product_edge,,,,"Schema v1 attaches note/profile/accord semantics to ScentIdentity, not directly to ProductConcept."
note:柠檬,product:EDPROSEROC100::沙漠玫瑰淡香精,HAS_PRODUCT,NoteIngredient,Product,retire_direct_semantic_product_edge,,,,"Schema v1 attaches note/profile/accord semantics to ScentIdentity, not directly to ProductConcept."
note:柠檬,product:EDTHESP100V1::海丝佩拉蒂淡香水,HAS_PRODUCT,NoteIngredient,Product,retire_direct_semantic_product_edge,,,,"Schema v1 attaches note/profile/accord semantics to ScentIdentity, not directly to ProductConcept."
note:柠檬桉,product:BODYSUM26MILK200::柠檬草与天竺葵香调晒后身体凝乳（限量版）,HAS_PRODUCT,NoteIngredient,Product,retire_direct_semantic_product_edge,,,,"Schema v1 attaches note/profile/accord semantics to ScentIdentity, not directly to ProductConcept."
note:柠檬桉,product:BODYSUM26SGEL200::柠檬草与天竺葵香调洁肤露（限量版）,HAS_PRODUCT,NoteIngredient,Product,retire_direct_semantic_product_edge,,,,"Schema v1 attaches note/profile/accord semantics to ScentIdentity, not directly to ProductConcept."
note:柠檬草,product:BODYSUM26MILK200::柠檬草与天竺葵香调晒后身体凝乳（限量版）,HAS_PRODUCT,NoteIngredient,Product,retire_direct_semantic_product_edge,,,,"Schema v1 attaches note/profile/accord semantics to ScentIdentity, not directly to ProductConcept."
note:柠檬草,product:BODYSUM26SGEL200::柠檬草与天竺葵香调洁肤露（限量版）,HAS_PRODUCT,NoteIngredient,Product,retire_direct_semantic_product_edge,,,,"Schema v1 attaches note/profile/accord semantics to ScentIdentity, not directly to ProductConcept."
note:橙花,product:BODYLOTIONS1::杜桑香氛润肤乳,HAS_PRODUCT,NoteIngredient,Product,retire_direct_semantic_product_edge,,,,"Schema v1 attaches note/profile/accord semantics to ScentIdentity, not directly to ProductConcept."
note:橙花,product:BODYOIL::杜桑柔肤沐浴油,HAS_PRODUCT,NoteIngredient,Product,retire_direct_semantic_product_edge,,,,"Schema v1 attaches note/profile/accord semantics to ScentIdentity, not directly to ProductConcept."
note:橙花,product:BODYSUM26MILK200::柠檬草与天竺葵香调晒后身体凝乳（限量版）,HAS_PRODUCT,NoteIngredient,Product,retire_direct_semantic_product_edge,,,,"Schema v1 attaches note/profile/accord semantics to ScentIdentity, not directly to ProductConcept."
note:橙花,product:BODYSUM26SGEL200::柠檬草与天竺葵香调洁肤露（限量版）,HAS_PRODUCT,NoteIngredient,Product,retire_direct_semantic_product_edge,,,,"Schema v1 attaches note/profile/accord semantics to ScentIdentity, not directly to ProductConcept."
note:橙花,product:CANDLEPCA004::曼妙庄园,HAS_PRODUCT,NoteIngredient,Product,retire_direct_semantic_product_edge,,,,"Schema v1 attaches note/profile/accord semantics to ScentIdentity, not directly to ProductConcept."
note:橙花,product:CANDLEPCA004::曼妙庄园香氛蜡烛补充装,HAS_PRODUCT,NoteIngredient,Product,retire_direct_semantic_product_edge,,,,"Schema v1 attaches note/profile/accord semantics to ScentIdentity, not directly to ProductConcept."
note:橙花,product:EDPDOSONP75C::杜桑淡香精,HAS_PRODUCT,NoteIngredient,Product,retire_direct_semantic_product_edge,,,,"Schema v1 attaches note/profile/accord semantics to ScentIdentity, not directly to ProductConcept."
note:橙花,product:EDTDOSON::杜桑淡香水,HAS_PRODUCT,NoteIngredient,Product,retire_direct_semantic_product_edge,,,,"Schema v1 attaches note/profile/accord semantics to ScentIdentity, not directly to ProductConcept."
note:橙花,product:EDTNERO100V1::橙花香调淡香水,HAS_PRODUCT,NoteIngredient,Product,retire_direct_semantic_product_edge,,,,"Schema v1 attaches note/profile/accord semantics to ScentIdentity, not directly to ProductConcept."
note:橙花,product:EDTSENS::感官之水淡香水,HAS_PRODUCT,NoteIngredient,Product,retire_direct_semantic_product_edge,,,,"Schema v1 attaches note/profile/accord semantics to ScentIdentity, not directly to ProductConcept."
note:橙花,product:HAIRMIST2::感官之水发香喷雾,HAS_PRODUCT,NoteIngredient,Product,retire_direct_semantic_product_edge,,,,"Schema v1 attaches note/profile/accord semantics to ScentIdentity, not directly to ProductConcept."
note:橙花,product:HAIRMIST4::杜桑发香喷雾,HAS_PRODUCT,NoteIngredient,Product,retire_direct_semantic_product_edge,,,,"Schema v1 attaches note/profile/accord semantics to ScentIdentity, not directly to ProductConcept."
note:橙花,product:HANDCRE2::杜桑护手霜,HAS_PRODUCT,NoteIngredient,Product,retire_direct_semantic_product_edge,,,,"Schema v1 attaches note/profile/accord semantics to ScentIdentity, not directly to ProductConcept."
note:橙花,product:HOMEHGFOCARB2H::感官之水香氛皂,HAS_PRODUCT,NoteIngredient,Product,retire_direct_semantic_product_edge,,,,"Schema v1 attaches note/profile/accord semantics to ScentIdentity, not directly to ProductConcept."
note:橙花,product:HOMEHGFOCARB2P::杜桑香氛皂,HAS_PRODUCT,NoteIngredient,Product,retire_direct_semantic_product_edge,,,,"Schema v1 attaches note/profile/accord semantics to ScentIdentity, not directly to ProductConcept."
note:橙花,product:HOMERSP5::杜桑固体香膏,HAS_PRODUCT,NoteIngredient,Product,retire_direct_semantic_product_edge,,,,"Schema v1 attaches note/profile/accord semantics to ScentIdentity, not directly to ProductConcept."
note:橙花,product:SOLIDPERFUME6::杜桑香膏补充装,HAS_PRODUCT,NoteIngredient,Product,retire_direct_semantic_product_edge,,,,"Schema v1 attaches note/profile/accord semantics to ScentIdentity, not directly to ProductConcept."
note:橙花油,product:BODYSUM26MILK200::柠檬草与天竺葵香调晒后身体凝乳（限量版）,HAS_PRODUCT,NoteIngredient,Product,retire_direct_semantic_product_edge,,,,"Schema v1 attaches note/profile/accord semantics to ScentIdentity, not directly to ProductConcept."
note:橙花油,product:BODYSUM26SGEL200::柠檬草与天竺葵香调洁肤露（限量版）,HAS_PRODUCT,NoteIngredient,Product,retire_direct_semantic_product_edge,,,,"Schema v1 attaches note/profile/accord semantics to ScentIdentity, not directly to ProductConcept."
note:檀香,product:EDP34BEDP75::圣日尔曼大道34号淡香精,HAS_PRODUCT,NoteIngredient,Product,retire_direct_semantic_product_edge,,,,"Schema v1 attaches note/profile/accord semantics to ScentIdentity, not directly to ProductConcept."
note:檀香,product:EDPBOISCOR100::暖木之息淡香精,HAS_PRODUCT,NoteIngredient,Product,retire_direct_semantic_product_edge,,,,"Schema v1 attaches note/profile/accord semantics to ScentIdentity, not directly to ProductConcept."
note:檀香,product:EDPTAMDAOP75C::谭道淡香精,HAS_PRODUCT,NoteIngredient,Product,retire_direct_semantic_product_edge,,,,"Schema v1 attaches note/profile/accord semantics to ScentIdentity, not directly to ProductConcept."
note:檀香,product:EDTTAMDAO::谭道淡香水,HAS_PRODUCT,NoteIngredient,Product,retire_direct_semantic_product_edge,,,,"Schema v1 attaches note/profile/accord semantics to ScentIdentity, not directly to ProductConcept."
note:水仙,product:EDTOLENE::奥利恩淡香水,HAS_PRODUCT,NoteIngredient,Product,retire_direct_semantic_product_edge,,,,"Schema v1 attaches note/profile/accord semantics to ScentIdentity, not directly to ProductConcept."
note:永生花,product:EDPNABATIP75C::天堂花园之水淡香精,HAS_PRODUCT,NoteIngredient,Product,retire_direct_semantic_product_edge,,,,"Schema v1 attaches note/profile/accord semantics to ScentIdentity, not directly to ProductConcept."
note:永生花,product:EDTHESP100V1::海丝佩拉蒂淡香水,HAS_PRODUCT,NoteIngredient,Product,retire_direct_semantic_product_edge,,,,"Schema v1 attaches note/profile/accord semantics to ScentIdentity, not directly to ProductConcept."
note:没药,product:EDTTROIS100V1::三重水淡香水,HAS_PRODUCT,NoteIngredient,Product,retire_direct_semantic_product_edge,,,,"Schema v1 attaches note/profile/accord semantics to ScentIdentity, not directly to ProductConcept."
note:波旁玫瑰,product:EDPCORAIL100::暗影珊瑚淡香精,HAS_PRODUCT,NoteIngredient,Product,retire_direct_semantic_product_edge,,,,"Schema v1 attaches note/profile/accord semantics to ScentIdentity, not directly to ProductConcept."
note:洋甘菊,product:EDPROSEP75C::玫瑰香调淡香精,HAS_PRODUCT,NoteIngredient,Product,retire_direct_semantic_product_edge,,,,"Schema v1 attaches note/profile/accord semantics to ScentIdentity, not directly to ProductConcept."
note:洋蓟,product:EDPROSEP75C::玫瑰香调淡香精,HAS_PRODUCT,NoteIngredient,Product,retire_direct_semantic_product_edge,,,,"Schema v1 attaches note/profile/accord semantics to ScentIdentity, not directly to ProductConcept."
note:海地香根草,product:EDPVETYP75C::维堤里欧淡香精,HAS_PRODUCT,NoteIngredient,Product,retire_direct_semantic_product_edge,,,,"Schema v1 attaches note/profile/accord semantics to ScentIdentity, not directly to ProductConcept."
note:海地香根草,product:EDTVETY::维堤里欧淡香水,HAS_PRODUCT,NoteIngredient,Product,retire_direct_semantic_product_edge,,,,"Schema v1 attaches note/profile/accord semantics to ScentIdentity, not directly to ProductConcept."
note:焚香,product:EDPDUELLEP75C::杜耶尔淡香精,HAS_PRODUCT,NoteIngredient,Product,retire_direct_semantic_product_edge,,,,"Schema v1 attaches note/profile/accord semantics to ScentIdentity, not directly to ProductConcept."
note:焚香,product:EDTTROIS100V1::三重水淡香水,HAS_PRODUCT,NoteIngredient,Product,retire_direct_semantic_product_edge,,,,"Schema v1 attaches note/profile/accord semantics to ScentIdentity, not directly to ProductConcept."
note:焦土香精,product:CANDLEPCA002::流金大地香氛蜡烛补充装,HAS_PRODUCT,NoteIngredient,Product,retire_direct_semantic_product_edge,,,,"Schema v1 attaches note/profile/accord semantics to ScentIdentity, not directly to ProductConcept."
note:爪哇香根草,product:EDPVETYP75C::维堤里欧淡香精,HAS_PRODUCT,NoteIngredient,Product,retire_direct_semantic_product_edge,,,,"Schema v1 attaches note/profile/accord semantics to ScentIdentity, not directly to ProductConcept."
note:爪哇香根草,product:EDTVETY::维堤里欧淡香水,HAS_PRODUCT,NoteIngredient,Product,retire_direct_semantic_product_edge,,,,"Schema v1 attaches note/profile/accord semantics to ScentIdentity, not directly to ProductConcept."
note:玉兰,product:EDTFLEUR::肌肤之花淡香水,HAS_PRODUCT,NoteIngredient,Product,retire_direct_semantic_product_edge,,,,"Schema v1 attaches note/profile/accord semantics to ScentIdentity, not directly to ProductConcept."
note:玫瑰,product:BODYOMBBGEL::影中之水香氛洁肤露,HAS_PRODUCT,NoteIngredient,Product,retire_direct_semantic_product_edge,,,,"Schema v1 attaches note/profile/accord semantics to ScentIdentity, not directly to ProductConcept."
note:玫瑰,product:BODYOMBBLOTION::影中之水香氛润肤乳,HAS_PRODUCT,NoteIngredient,Product,retire_direct_semantic_product_edge,,,,"Schema v1 attaches note/profile/accord semantics to ScentIdentity, not directly to ProductConcept."
note:玫瑰,product:EDPCAPITAP75C::巴黎之水淡香精,HAS_PRODUCT,NoteIngredient,Product,retire_direct_semantic_product_edge,,,,"Schema v1 attaches note/profile/accord semantics to ScentIdentity, not directly to ProductConcept."
note:玫瑰,product:EDT34B::圣日尔曼大道34号淡香水,HAS_PRODUCT,NoteIngredient,Product,retire_direct_semantic_product_edge,,,,"Schema v1 attaches note/profile/accord semantics to ScentIdentity, not directly to ProductConcept."
note:玫瑰,product:HAIRMIST1::巴黎之水发香喷雾,HAS_PRODUCT,NoteIngredient,Product,retire_direct_semantic_product_edge,,,,"Schema v1 attaches note/profile/accord semantics to ScentIdentity, not directly to ProductConcept."
note:玫瑰,product:HANDCRE3::巴黎之水护手霜,HAS_PRODUCT,NoteIngredient,Product,retire_direct_semantic_product_edge,,,,"Schema v1 attaches note/profile/accord semantics to ScentIdentity, not directly to ProductConcept."
note:玫瑰浆果,product:EDPCAPITAP75C::巴黎之水淡香精,HAS_PRODUCT,NoteIngredient,Product,retire_direct_semantic_product_edge,,,,"Schema v1 attaches note/profile/accord semantics to ScentIdentity, not directly to ProductConcept."
note:玫瑰醚,product:EDPMINTP75C::曼特淡香精,HAS_PRODUCT,NoteIngredient,Product,retire_direct_semantic_product_edge,,,,"Schema v1 attaches note/profile/accord semantics to ScentIdentity, not directly to ProductConcept."
note:琥珀,product:EDT34B::圣日尔曼大道34号淡香水,HAS_PRODUCT,NoteIngredient,Product,retire_direct_semantic_product_edge,,,,"Schema v1 attaches note/profile/accord semantics to ScentIdentity, not directly to ProductConcept."
note:琥珀木质香,product:EDPPREM06100::宝石之眼淡香精,HAS_PRODUCT,NoteIngredient,Product,retire_direct_semantic_product_edge,,,,"Schema v1 attaches note/profile/accord semantics to ScentIdentity, not directly to ProductConcept."
note:生姜,product:EDTEAU100V1::永恒之水淡香水,HAS_PRODUCT,NoteIngredient,Product,retire_direct_semantic_product_edge,,,,"Schema v1 attaches note/profile/accord semantics to ScentIdentity, not directly to ProductConcept."
note:白小苍兰,product:EDTOFRESIA100V1::小苍兰香调淡香水,HAS_PRODUCT,NoteIngredient,Product,retire_direct_semantic_product_edge,,,,"Schema v1 attaches note/profile/accord semantics to ScentIdentity, not directly to ProductConcept."
note:白松香,product:EDTLIERRE::利埃尔淡香水,HAS_PRODUCT,NoteIngredient,Product,retire_direct_semantic_product_edge,,,,"Schema v1 attaches note/profile/accord semantics to ScentIdentity, not directly to ProductConcept."
note:白茶香精,product:CANDLEPCA005::时光幽谷,HAS_PRODUCT,NoteIngredient,Product,retire_direct_semantic_product_edge,,,,"Schema v1 attaches note/profile/accord semantics to ScentIdentity, not directly to ProductConcept."
note:白茶香精,product:CANDLEPCA005::时光幽谷香氛蜡烛补充装,HAS_PRODUCT,NoteIngredient,Product,retire_direct_semantic_product_edge,,,,"Schema v1 attaches note/profile/accord semantics to ScentIdentity, not directly to ProductConcept."
note:白陶土香精,product:CANDLEPCA002::流金大地,HAS_PRODUCT,NoteIngredient,Product,retire_direct_semantic_product_edge,,,,"Schema v1 attaches note/profile/accord semantics to ScentIdentity, not directly to ProductConcept."
note:白麝香,product:BODYGEL4::纸上洁肤露,HAS_PRODUCT,NoteIngredient,Product,retire_direct_semantic_product_edge,,,,"Schema v1 attaches note/profile/accord semantics to ScentIdentity, not directly to ProductConcept."
note:白麝香,product:EDTPAPIER::纸上淡香水,HAS_PRODUCT,NoteIngredient,Product,retire_direct_semantic_product_edge,,,,"Schema v1 attaches note/profile/accord semantics to ScentIdentity, not directly to ProductConcept."
note:白麝香,product:HAIRMIST6::纸上发香喷雾,HAS_PRODUCT,NoteIngredient,Product,retire_direct_semantic_product_edge,,,,"Schema v1 attaches note/profile/accord semantics to ScentIdentity, not directly to ProductConcept."
note:百里香,product:EDTOYEDO::东京淡香水,HAS_PRODUCT,NoteIngredient,Product,retire_direct_semantic_product_edge,,,,"Schema v1 attaches note/profile/accord semantics to ScentIdentity, not directly to ProductConcept."
note:皮革,product:EDPMEASTP75C::旅行之水淡香精,HAS_PRODUCT,NoteIngredient,Product,retire_direct_semantic_product_edge,,,,"Schema v1 attaches note/profile/accord semantics to ScentIdentity, not directly to ProductConcept."
note:秘鲁香脂,product:EDPBOHEMEP75C::波西米亚安息香淡香精,HAS_PRODUCT,NoteIngredient,Product,retire_direct_semantic_product_edge,,,,"Schema v1 attaches note/profile/accord semantics to ScentIdentity, not directly to ProductConcept."
note:秘鲁香脂,product:EDPNABATIP75C::天堂花园之水淡香精,HAS_PRODUCT,NoteIngredient,Product,retire_direct_semantic_product_edge,,,,"Schema v1 attaches note/profile/accord semantics to ScentIdentity, not directly to ProductConcept."
note:粉红胡椒,product:BODYGEL3::肌肤之花洁肤露,HAS_PRODUCT,NoteIngredient,Product,retire_direct_semantic_product_edge,,,,"Schema v1 attaches note/profile/accord semantics to ScentIdentity, not directly to ProductConcept."
note:粉红胡椒,product:DIPXM25LARGEEDPFL::典藏版肌肤之花淡香精,HAS_PRODUCT,NoteIngredient,Product,retire_direct_semantic_product_edge,,,,"Schema v1 attaches note/profile/accord semantics to ScentIdentity, not directly to ProductConcept."
note:粉红胡椒,product:EDP34BEDP75::圣日尔曼大道34号淡香精,HAS_PRODUCT,NoteIngredient,Product,retire_direct_semantic_product_edge,,,,"Schema v1 attaches note/profile/accord semantics to ScentIdentity, not directly to ProductConcept."
note:粉红胡椒,product:EDPDUELLEP75C::杜耶尔淡香精,HAS_PRODUCT,NoteIngredient,Product,retire_direct_semantic_product_edge,,,,"Schema v1 attaches note/profile/accord semantics to ScentIdentity, not directly to ProductConcept."
note:粉红胡椒,product:EDPFLEURP75C::肌肤之花淡香精,HAS_PRODUCT,NoteIngredient,Product,retire_direct_semantic_product_edge,,,,"Schema v1 attaches note/profile/accord semantics to ScentIdentity, not directly to ProductConcept."
note:粉红胡椒,product:EDPLUNAMAR100::潮汐月影淡香精,HAS_PRODUCT,NoteIngredient,Product,retire_direct_semantic_product_edge,,,,"Schema v1 attaches note/profile/accord semantics to ScentIdentity, not directly to ProductConcept."
note:粉红胡椒,product:EDTDUELLE::杜耶尔淡香水,HAS_PRODUCT,NoteIngredient,Product,retire_direct_semantic_product_edge,,,,"Schema v1 attaches note/profile/accord semantics to ScentIdentity, not directly to ProductConcept."
note:粉红胡椒,product:EDTLIERRE::利埃尔淡香水,HAS_PRODUCT,NoteIngredient,Product,retire_direct_semantic_product_edge,,,,"Schema v1 attaches note/profile/accord semantics to ScentIdentity, not directly to ProductConcept."
note:粉红胡椒,product:EDTMOHE100V1::依兰香调淡香水,HAS_PRODUCT,NoteIngredient,Product,retire_direct_semantic_product_edge,,,,"Schema v1 attaches note/profile/accord semantics to ScentIdentity, not directly to ProductConcept."
note:粉红胡椒,product:HAIRMIST::肌肤之花发香喷雾,HAS_PRODUCT,NoteIngredient,Product,retire_direct_semantic_product_edge,,,,"Schema v1 attaches note/profile/accord semantics to ScentIdentity, not directly to ProductConcept."
note:粉红胡椒,product:SOLIDPERFUME1::肌肤之花香膏,HAS_PRODUCT,NoteIngredient,Product,retire_direct_semantic_product_edge,,,,"Schema v1 attaches note/profile/accord semantics to ScentIdentity, not directly to ProductConcept."
note:粉红胡椒,product:SOLIDPERFUME8::肌肤之花香膏补充装,HAS_PRODUCT,NoteIngredient,Product,retire_direct_semantic_product_edge,,,,"Schema v1 attaches note/profile/accord semantics to ScentIdentity, not directly to ProductConcept."
note:粉红胡椒,product:concept::身体护理::润肤乳::肌肤之花润肤乳,HAS_PRODUCT,NoteIngredient,Product,retire_direct_semantic_product_edge,,,,"Schema v1 attaches note/profile/accord semantics to ScentIdentity, not directly to ProductConcept."
note:紫檀木,product:EDTLIERRE::利埃尔淡香水,HAS_PRODUCT,NoteIngredient,Product,retire_direct_semantic_product_edge,,,,"Schema v1 attaches note/profile/accord semantics to ScentIdentity, not directly to ProductConcept."
note:紫罗兰叶,product:EDPLILYPHEA100::睡莲悠悠淡香精,HAS_PRODUCT,NoteIngredient,Product,retire_direct_semantic_product_edge,,,,"Schema v1 attaches note/profile/accord semantics to ScentIdentity, not directly to ProductConcept."
note:紫罗兰叶,product:EDPTEMPOP75C::旋律淡香精,HAS_PRODUCT,NoteIngredient,Product,retire_direct_semantic_product_edge,,,,"Schema v1 attaches note/profile/accord semantics to ScentIdentity, not directly to ProductConcept."
note:紫藤,product:EDTOLENE::奥利恩淡香水,HAS_PRODUCT,NoteIngredient,Product,retire_direct_semantic_product_edge,,,,"Schema v1 attaches note/profile/accord semantics to ScentIdentity, not directly to ProductConcept."
note:红柑,product:EDTLENTE100V1::沉静之水淡香水,HAS_PRODUCT,NoteIngredient,Product,retire_direct_semantic_product_edge,,,,"Schema v1 attaches note/profile/accord semantics to ScentIdentity, not directly to ProductConcept."
note:红没药,product:EDPVOLUTEP75C::维路德淡香精,HAS_PRODUCT,NoteIngredient,Product,retire_direct_semantic_product_edge,,,,"Schema v1 attaches note/profile/accord semantics to ScentIdentity, not directly to ProductConcept."
note:红没药,product:EDTLENTE100V1::沉静之水淡香水,HAS_PRODUCT,NoteIngredient,Product,retire_direct_semantic_product_edge,,,,"Schema v1 attaches note/profile/accord semantics to ScentIdentity, not directly to ProductConcept."
note:红雪松香精,product:CANDLEPCA002::流金大地,HAS_PRODUCT,NoteIngredient,Product,retire_direct_semantic_product_edge,,,,"Schema v1 attaches note/profile/accord semantics to ScentIdentity, not directly to ProductConcept."
note:红雪松香精,product:CANDLEPCA002::流金大地香氛蜡烛补充装,HAS_PRODUCT,NoteIngredient,Product,retire_direct_semantic_product_edge,,,,"Schema v1 attaches note/profile/accord semantics to ScentIdentity, not directly to ProductConcept."
note:肉桂,product:EDPVOLUTEP75C::维路德淡香精,HAS_PRODUCT,NoteIngredient,Product,retire_direct_semantic_product_edge,,,,"Schema v1 attaches note/profile/accord semantics to ScentIdentity, not directly to ProductConcept."
note:肉桂,product:EDT34B::圣日尔曼大道34号淡香水,HAS_PRODUCT,NoteIngredient,Product,retire_direct_semantic_product_edge,,,,"Schema v1 attaches note/profile/accord semantics to ScentIdentity, not directly to ProductConcept."
note:肉桂,product:EDTEAU100V1::永恒之水淡香水,HAS_PRODUCT,NoteIngredient,Product,retire_direct_semantic_product_edge,,,,"Schema v1 attaches note/profile/accord semantics to ScentIdentity, not directly to ProductConcept."
note:肉桂,product:EDTLENTE100V1::沉静之水淡香水,HAS_PRODUCT,NoteIngredient,Product,retire_direct_semantic_product_edge,,,,"Schema v1 attaches note/profile/accord semantics to ScentIdentity, not directly to ProductConcept."
note:肉豆蔻,product:EDTAUTRE100V1::别样淡香水,HAS_PRODUCT,NoteIngredient,Product,retire_direct_semantic_product_edge,,,,"Schema v1 attaches note/profile/accord semantics to ScentIdentity, not directly to ProductConcept."
note:苔藓香精,product:CANDLEPCA001::青苔禅寺,HAS_PRODUCT,NoteIngredient,Product,retire_direct_semantic_product_edge,,,,"Schema v1 attaches note/profile/accord semantics to ScentIdentity, not directly to ProductConcept."
note:苔藓香精,product:CANDLEPCA001::青苔禅寺香氛蜡烛补充装,HAS_PRODUCT,NoteIngredient,Product,retire_direct_semantic_product_edge,,,,"Schema v1 attaches note/profile/accord semantics to ScentIdentity, not directly to ProductConcept."
note:苦橙,product:EDTHESP100V1::海丝佩拉蒂淡香水,HAS_PRODUCT,NoteIngredient,Product,retire_direct_semantic_product_edge,,,,"Schema v1 attaches note/profile/accord semantics to ScentIdentity, not directly to ProductConcept."
note:苦橙叶,product:BODYOMBBGEL::影中之水香氛洁肤露,HAS_PRODUCT,NoteIngredient,Product,retire_direct_semantic_product_edge,,,,"Schema v1 attaches note/profile/accord semantics to ScentIdentity, not directly to ProductConcept."
note:苦橙叶,product:BODYOMBBLOTION::影中之水香氛润肤乳,HAS_PRODUCT,NoteIngredient,Product,retire_direct_semantic_product_edge,,,,"Schema v1 attaches note/profile/accord semantics to ScentIdentity, not directly to ProductConcept."
note:苦橙叶,product:EDPNABATIP75C::天堂花园之水淡香精,HAS_PRODUCT,NoteIngredient,Product,retire_direct_semantic_product_edge,,,,"Schema v1 attaches note/profile/accord semantics to ScentIdentity, not directly to ProductConcept."
note:苦橙叶,product:EDPOMBREP75C::影中之水淡香精,HAS_PRODUCT,NoteIngredient,Product,retire_direct_semantic_product_edge,,,,"Schema v1 attaches note/profile/accord semantics to ScentIdentity, not directly to ProductConcept."
note:苦橙叶,product:EDTOMBRE::影中之水淡香水,HAS_PRODUCT,NoteIngredient,Product,retire_direct_semantic_product_edge,,,,"Schema v1 attaches note/profile/accord semantics to ScentIdentity, not directly to ProductConcept."
note:苦橙花,product:EDTNERO100V1::橙花香调淡香水,HAS_PRODUCT,NoteIngredient,Product,retire_direct_semantic_product_edge,,,,"Schema v1 attaches note/profile/accord semantics to ScentIdentity, not directly to ProductConcept."
note:茉莉,product:BODYGEL2::奥费恩洁肤露,HAS_PRODUCT,NoteIngredient,Product,retire_direct_semantic_product_edge,,,,"Schema v1 attaches note/profile/accord semantics to ScentIdentity, not directly to ProductConcept."
note:茉莉,product:BODYLOTIONS1::杜桑香氛润肤乳,HAS_PRODUCT,NoteIngredient,Product,retire_direct_semantic_product_edge,,,,"Schema v1 attaches note/profile/accord semantics to ScentIdentity, not directly to ProductConcept."
note:茉莉,product:BODYOIL::杜桑柔肤沐浴油,HAS_PRODUCT,NoteIngredient,Product,retire_direct_semantic_product_edge,,,,"Schema v1 attaches note/profile/accord semantics to ScentIdentity, not directly to ProductConcept."
note:茉莉,product:BODYORPHBLOTION::奥费恩香调润肤乳,HAS_PRODUCT,NoteIngredient,Product,retire_direct_semantic_product_edge,,,,"Schema v1 attaches note/profile/accord semantics to ScentIdentity, not directly to ProductConcept."
note:茉莉,product:CANDLEPCA004::曼妙庄园,HAS_PRODUCT,NoteIngredient,Product,retire_direct_semantic_product_edge,,,,"Schema v1 attaches note/profile/accord semantics to ScentIdentity, not directly to ProductConcept."
note:茉莉,product:CANDLEPCA004::曼妙庄园香氛蜡烛补充装,HAS_PRODUCT,NoteIngredient,Product,retire_direct_semantic_product_edge,,,,"Schema v1 attaches note/profile/accord semantics to ScentIdentity, not directly to ProductConcept."
note:茉莉,product:DIPXM25LARGEEDPOR::典藏版奥费恩淡香精,HAS_PRODUCT,NoteIngredient,Product,retire_direct_semantic_product_edge,,,,"Schema v1 attaches note/profile/accord semantics to ScentIdentity, not directly to ProductConcept."
note:茉莉,product:EDPDOSONP75C::杜桑淡香精,HAS_PRODUCT,NoteIngredient,Product,retire_direct_semantic_product_edge,,,,"Schema v1 attaches note/profile/accord semantics to ScentIdentity, not directly to ProductConcept."
note:茉莉,product:EDTDOSON::杜桑淡香水,HAS_PRODUCT,NoteIngredient,Product,retire_direct_semantic_product_edge,,,,"Schema v1 attaches note/profile/accord semantics to ScentIdentity, not directly to ProductConcept."
note:茉莉,product:EDTOLENE::奥利恩淡香水,HAS_PRODUCT,NoteIngredient,Product,retire_direct_semantic_product_edge,,,,"Schema v1 attaches note/profile/accord semantics to ScentIdentity, not directly to ProductConcept."
note:茉莉,product:HAIRMIST4::杜桑发香喷雾,HAS_PRODUCT,NoteIngredient,Product,retire_direct_semantic_product_edge,,,,"Schema v1 attaches note/profile/accord semantics to ScentIdentity, not directly to ProductConcept."
note:茉莉,product:HAIRORPHHMIST::奥费恩发香喷雾,HAS_PRODUCT,NoteIngredient,Product,retire_direct_semantic_product_edge,,,,"Schema v1 attaches note/profile/accord semantics to ScentIdentity, not directly to ProductConcept."
note:茉莉,product:HANDCRE2::杜桑护手霜,HAS_PRODUCT,NoteIngredient,Product,retire_direct_semantic_product_edge,,,,"Schema v1 attaches note/profile/accord semantics to ScentIdentity, not directly to ProductConcept."
note:茉莉,product:HANDORPHHCREAM::奥费恩香氛护手霜,HAS_PRODUCT,NoteIngredient,Product,retire_direct_semantic_product_edge,,,,"Schema v1 attaches note/profile/accord semantics to ScentIdentity, not directly to ProductConcept."
note:茉莉,product:HOMEHGFOCARB2P::杜桑香氛皂,HAS_PRODUCT,NoteIngredient,Product,retire_direct_semantic_product_edge,,,,"Schema v1 attaches note/profile/accord semantics to ScentIdentity, not directly to ProductConcept."
note:茉莉,product:HOMERSP5::杜桑固体香膏,HAS_PRODUCT,NoteIngredient,Product,retire_direct_semantic_product_edge,,,,"Schema v1 attaches note/profile/accord semantics to ScentIdentity, not directly to ProductConcept."
note:茉莉,product:HOMERSP6::奥费恩固体香膏,HAS_PRODUCT,NoteIngredient,Product,retire_direct_semantic_product_edge,,,,"Schema v1 attaches note/profile/accord semantics to ScentIdentity, not directly to ProductConcept."
note:茉莉,product:ORPHEON2022::奥费恩淡香精,HAS_PRODUCT,NoteIngredient,Product,retire_direct_semantic_product_edge,,,,"Schema v1 attaches note/profile/accord semantics to ScentIdentity, not directly to ProductConcept."
note:茉莉,product:SOLIDPERFUME6::杜桑香膏补充装,HAS_PRODUCT,NoteIngredient,Product,retire_direct_semantic_product_edge,,,,"Schema v1 attaches note/profile/accord semantics to ScentIdentity, not directly to ProductConcept."
note:茉莉,product:SOLIDPERFUME7::奥费恩香膏补充装,HAS_PRODUCT,NoteIngredient,Product,retire_direct_semantic_product_edge,,,,"Schema v1 attaches note/profile/accord semantics to ScentIdentity, not directly to ProductConcept."
note:茉莉香精,product:CANDLEPCA003::梦幻雨林,HAS_PRODUCT,NoteIngredient,Product,retire_direct_semantic_product_edge,,,,"Schema v1 attaches note/profile/accord semantics to ScentIdentity, not directly to ProductConcept."
note:茉莉香精,product:CANDLEPCA003::梦幻雨林香氛蜡烛补充装,HAS_PRODUCT,NoteIngredient,Product,retire_direct_semantic_product_edge,,,,"Schema v1 attaches note/profile/accord semantics to ScentIdentity, not directly to ProductConcept."
note:茉莉香精,product:CANDLEPCA005::时光幽谷,HAS_PRODUCT,NoteIngredient,Product,retire_direct_semantic_product_edge,,,,"Schema v1 attaches note/profile/accord semantics to ScentIdentity, not directly to ProductConcept."
note:茉莉香精,product:CANDLEPCA005::时光幽谷香氛蜡烛补充装,HAS_PRODUCT,NoteIngredient,Product,retire_direct_semantic_product_edge,,,,"Schema v1 attaches note/profile/accord semantics to ScentIdentity, not directly to ProductConcept."
note:荔枝,product:EDPROSEP75C::玫瑰香调淡香精,HAS_PRODUCT,NoteIngredient,Product,retire_direct_semantic_product_edge,,,,"Schema v1 attaches note/profile/accord semantics to ScentIdentity, not directly to ProductConcept."
note:莎草油,product:EDPDUELLEP75C::杜耶尔淡香精,HAS_PRODUCT,NoteIngredient,Product,retire_direct_semantic_product_edge,,,,"Schema v1 attaches note/profile/accord semantics to ScentIdentity, not directly to ProductConcept."
note:莎草油,product:EDTDUELLE::杜耶尔淡香水,HAS_PRODUCT,NoteIngredient,Product,retire_direct_semantic_product_edge,,,,"Schema v1 attaches note/profile/accord semantics to ScentIdentity, not directly to ProductConcept."
note:菖蒲,product:EDTDUELLE::杜耶尔淡香水,HAS_PRODUCT,NoteIngredient,Product,retire_direct_semantic_product_edge,,,,"Schema v1 attaches note/profile/accord semantics to ScentIdentity, not directly to ProductConcept."
note:葡萄柚,product:EDPVETYP75C::维堤里欧淡香精,HAS_PRODUCT,NoteIngredient,Product,retire_direct_semantic_product_edge,,,,"Schema v1 attaches note/profile/accord semantics to ScentIdentity, not directly to ProductConcept."
note:葡萄柚,product:EDTVETY::维堤里欧淡香水,HAS_PRODUCT,NoteIngredient,Product,retire_direct_semantic_product_edge,,,,"Schema v1 attaches note/profile/accord semantics to ScentIdentity, not directly to ProductConcept."
note:薄荷,product:EDPMINTP75C::曼特淡香精,HAS_PRODUCT,NoteIngredient,Product,retire_direct_semantic_product_edge,,,,"Schema v1 attaches note/profile/accord semantics to ScentIdentity, not directly to ProductConcept."
note:薄荷,product:EDTHESP100V1::海丝佩拉蒂淡香水,HAS_PRODUCT,NoteIngredient,Product,retire_direct_semantic_product_edge,,,,"Schema v1 attaches note/profile/accord semantics to ScentIdentity, not directly to ProductConcept."
note:蜂蜜,product:EDPVOLUTEP75C::维路德淡香精,HAS_PRODUCT,NoteIngredient,Product,retire_direct_semantic_product_edge,,,,"Schema v1 attaches note/profile/accord semantics to ScentIdentity, not directly to ProductConcept."
note:蜂蜡,product:EDTNERO100V1::橙花香调淡香水,HAS_PRODUCT,NoteIngredient,Product,retire_direct_semantic_product_edge,,,,"Schema v1 attaches note/profile/accord semantics to ScentIdentity, not directly to ProductConcept."
note:覆盆子,product:EDPMEASTP75C::旅行之水淡香精,HAS_PRODUCT,NoteIngredient,Product,retire_direct_semantic_product_edge,,,,"Schema v1 attaches note/profile/accord semantics to ScentIdentity, not directly to ProductConcept."
note:覆盆子,product:EDTOYEDO::东京淡香水,HAS_PRODUCT,NoteIngredient,Product,retire_direct_semantic_product_edge,,,,"Schema v1 attaches note/profile/accord semantics to ScentIdentity, not directly to ProductConcept."
note:迷迭香,product:EDTTROIS100V1::三重水淡香水,HAS_PRODUCT,NoteIngredient,Product,retire_direct_semantic_product_edge,,,,"Schema v1 attaches note/profile/accord semantics to ScentIdentity, not directly to ProductConcept."
note:金银花,product:EDTOLENE::奥利恩淡香水,HAS_PRODUCT,NoteIngredient,Product,retire_direct_semantic_product_edge,,,,"Schema v1 attaches note/profile/accord semantics to ScentIdentity, not directly to ProductConcept."
note:阿拉比卡咖啡,product:EDPBOISCOR100::暖木之息淡香精,HAS_PRODUCT,NoteIngredient,Product,retire_direct_semantic_product_edge,,,,"Schema v1 attaches note/profile/accord semantics to ScentIdentity, not directly to ProductConcept."
note:阿特拉斯雪松,product:EDPMEASTP75C::旅行之水淡香精,HAS_PRODUCT,NoteIngredient,Product,retire_direct_semantic_product_edge,,,,"Schema v1 attaches note/profile/accord semantics to ScentIdentity, not directly to ProductConcept."
note:雪松,product:BODYGEL2::奥费恩洁肤露,HAS_PRODUCT,NoteIngredient,Product,retire_direct_semantic_product_edge,,,,"Schema v1 attaches note/profile/accord semantics to ScentIdentity, not directly to ProductConcept."
note:雪松,product:BODYORPHBLOTION::奥费恩香调润肤乳,HAS_PRODUCT,NoteIngredient,Product,retire_direct_semantic_product_edge,,,,"Schema v1 attaches note/profile/accord semantics to ScentIdentity, not directly to ProductConcept."
note:雪松,product:DIPXM25LARGEEDPOR::典藏版奥费恩淡香精,HAS_PRODUCT,NoteIngredient,Product,retire_direct_semantic_product_edge,,,,"Schema v1 attaches note/profile/accord semantics to ScentIdentity, not directly to ProductConcept."
note:雪松,product:EDPTAMDAOP75C::谭道淡香精,HAS_PRODUCT,NoteIngredient,Product,retire_direct_semantic_product_edge,,,,"Schema v1 attaches note/profile/accord semantics to ScentIdentity, not directly to ProductConcept."
note:雪松,product:EDTLENTE100V1::沉静之水淡香水,HAS_PRODUCT,NoteIngredient,Product,retire_direct_semantic_product_edge,,,,"Schema v1 attaches note/profile/accord semantics to ScentIdentity, not directly to ProductConcept."
note:雪松,product:EDTORPHEDT100::奥费恩淡香水,HAS_PRODUCT,NoteIngredient,Product,retire_direct_semantic_product_edge,,,,"Schema v1 attaches note/profile/accord semantics to ScentIdentity, not directly to ProductConcept."
note:雪松,product:EDTTAMDAO::谭道淡香水,HAS_PRODUCT,NoteIngredient,Product,retire_direct_semantic_product_edge,,,,"Schema v1 attaches note/profile/accord semantics to ScentIdentity, not directly to ProductConcept."
note:雪松,product:HAIRORPHHMIST::奥费恩发香喷雾,HAS_PRODUCT,NoteIngredient,Product,retire_direct_semantic_product_edge,,,,"Schema v1 attaches note/profile/accord semantics to ScentIdentity, not directly to ProductConcept."
note:雪松,product:HANDORPHHCREAM::奥费恩香氛护手霜,HAS_PRODUCT,NoteIngredient,Product,retire_direct_semantic_product_edge,,,,"Schema v1 attaches note/profile/accord semantics to ScentIdentity, not directly to ProductConcept."
note:雪松,product:HOMERSP6::奥费恩固体香膏,HAS_PRODUCT,NoteIngredient,Product,retire_direct_semantic_product_edge,,,,"Schema v1 attaches note/profile/accord semantics to ScentIdentity, not directly to ProductConcept."
note:雪松,product:ORPHEON2022::奥费恩淡香精,HAS_PRODUCT,NoteIngredient,Product,retire_direct_semantic_product_edge,,,,"Schema v1 attaches note/profile/accord semantics to ScentIdentity, not directly to ProductConcept."
note:雪松,product:SOLIDPERFUME7::奥费恩香膏补充装,HAS_PRODUCT,NoteIngredient,Product,retire_direct_semantic_product_edge,,,,"Schema v1 attaches note/profile/accord semantics to ScentIdentity, not directly to ProductConcept."
note:雪松香精,product:CANDLEPCA001::青苔禅寺,HAS_PRODUCT,NoteIngredient,Product,retire_direct_semantic_product_edge,,,,"Schema v1 attaches note/profile/accord semantics to ScentIdentity, not directly to ProductConcept."
note:雪松香精,product:CANDLEPCA001::青苔禅寺香氛蜡烛补充装,HAS_PRODUCT,NoteIngredient,Product,retire_direct_semantic_product_edge,,,,"Schema v1 attaches note/profile/accord semantics to ScentIdentity, not directly to ProductConcept."
note:零陵香豆,product:BODYGEL2::奥费恩洁肤露,HAS_PRODUCT,NoteIngredient,Product,retire_direct_semantic_product_edge,,,,"Schema v1 attaches note/profile/accord semantics to ScentIdentity, not directly to ProductConcept."
note:零陵香豆,product:DIPXM25LARGEEDPOR::典藏版奥费恩淡香精,HAS_PRODUCT,NoteIngredient,Product,retire_direct_semantic_product_edge,,,,"Schema v1 attaches note/profile/accord semantics to ScentIdentity, not directly to ProductConcept."
note:零陵香豆,product:EDTGERA100V1::天竺葵香调淡香水,HAS_PRODUCT,NoteIngredient,Product,retire_direct_semantic_product_edge,,,,"Schema v1 attaches note/profile/accord semantics to ScentIdentity, not directly to ProductConcept."
note:零陵香豆,product:HOMERSP6::奥费恩固体香膏,HAS_PRODUCT,NoteIngredient,Product,retire_direct_semantic_product_edge,,,,"Schema v1 attaches note/profile/accord semantics to ScentIdentity, not directly to ProductConcept."
note:零陵香豆,product:ORPHEON2022::奥费恩淡香精,HAS_PRODUCT,NoteIngredient,Product,retire_direct_semantic_product_edge,,,,"Schema v1 attaches note/profile/accord semantics to ScentIdentity, not directly to ProductConcept."
note:零陵香豆,product:SOLIDPERFUME7::奥费恩香膏补充装,HAS_PRODUCT,NoteIngredient,Product,retire_direct_semantic_product_edge,,,,"Schema v1 attaches note/profile/accord semantics to ScentIdentity, not directly to ProductConcept."
note:青柑,product:EDTOYEDO::东京淡香水,HAS_PRODUCT,NoteIngredient,Product,retire_direct_semantic_product_edge,,,,"Schema v1 attaches note/profile/accord semantics to ScentIdentity, not directly to ProductConcept."
note:青橘,product:EDTORPHEDT100::奥费恩淡香水,HAS_PRODUCT,NoteIngredient,Product,retire_direct_semantic_product_edge,,,,"Schema v1 attaches note/profile/accord semantics to ScentIdentity, not directly to ProductConcept."
note:香根草,product:EDTGERA100V1::天竺葵香调淡香水,HAS_PRODUCT,NoteIngredient,Product,retire_direct_semantic_product_edge,,,,"Schema v1 attaches note/profile/accord semantics to ScentIdentity, not directly to ProductConcept."
note:香根草,product:EDTMOHE100V1::依兰香调淡香水,HAS_PRODUCT,NoteIngredient,Product,retire_direct_semantic_product_edge,,,,"Schema v1 attaches note/profile/accord semantics to ScentIdentity, not directly to ProductConcept."
note:香桃木,product:EDTTAMDAO::谭道淡香水,HAS_PRODUCT,NoteIngredient,Product,retire_direct_semantic_product_edge,,,,"Schema v1 attaches note/profile/accord semantics to ScentIdentity, not directly to ProductConcept."
note:香芹籽,product:EDTAUTRE100V1::别样淡香水,HAS_PRODUCT,NoteIngredient,Product,retire_direct_semantic_product_edge,,,,"Schema v1 attaches note/profile/accord semantics to ScentIdentity, not directly to ProductConcept."
note:香草,product:EDP34BEDP75::圣日尔曼大道34号淡香精,HAS_PRODUCT,NoteIngredient,Product,retire_direct_semantic_product_edge,,,,"Schema v1 attaches note/profile/accord semantics to ScentIdentity, not directly to ProductConcept."
note:香草,product:EDPDUELLEP75C::杜耶尔淡香精,HAS_PRODUCT,NoteIngredient,Product,retire_direct_semantic_product_edge,,,,"Schema v1 attaches note/profile/accord semantics to ScentIdentity, not directly to ProductConcept."
note:香草,product:EDPLILYPHEA100::睡莲悠悠淡香精,HAS_PRODUCT,NoteIngredient,Product,retire_direct_semantic_product_edge,,,,"Schema v1 attaches note/profile/accord semantics to ScentIdentity, not directly to ProductConcept."
note:香草,product:EDTDUELLE::杜耶尔淡香水,HAS_PRODUCT,NoteIngredient,Product,retire_direct_semantic_product_edge,,,,"Schema v1 attaches note/profile/accord semantics to ScentIdentity, not directly to ProductConcept."
note:香草香精,product:CANDLEPCA003::梦幻雨林,HAS_PRODUCT,NoteIngredient,Product,retire_direct_semantic_product_edge,,,,"Schema v1 attaches note/profile/accord semantics to ScentIdentity, not directly to ProductConcept."
note:香草香精,product:CANDLEPCA003::梦幻雨林香氛蜡烛补充装,HAS_PRODUCT,NoteIngredient,Product,retire_direct_semantic_product_edge,,,,"Schema v1 attaches note/profile/accord semantics to ScentIdentity, not directly to ProductConcept."
note:香菜,product:EDPTAMDAOP75C::谭道淡香精,HAS_PRODUCT,NoteIngredient,Product,retire_direct_semantic_product_edge,,,,"Schema v1 attaches note/profile/accord semantics to ScentIdentity, not directly to ProductConcept."
note:香豆,product:BODYORPHBLOTION::奥费恩香调润肤乳,HAS_PRODUCT,NoteIngredient,Product,retire_direct_semantic_product_edge,,,,"Schema v1 attaches note/profile/accord semantics to ScentIdentity, not directly to ProductConcept."
note:香豆,product:EDPBOISCOR100::暖木之息淡香精,HAS_PRODUCT,NoteIngredient,Product,retire_direct_semantic_product_edge,,,,"Schema v1 attaches note/profile/accord semantics to ScentIdentity, not directly to ProductConcept."
note:香豆,product:HAIRORPHHMIST::奥费恩发香喷雾,HAS_PRODUCT,NoteIngredient,Product,retire_direct_semantic_product_edge,,,,"Schema v1 attaches note/profile/accord semantics to ScentIdentity, not directly to ProductConcept."
note:香豆,product:HANDORPHHCREAM::奥费恩香氛护手霜,HAS_PRODUCT,NoteIngredient,Product,retire_direct_semantic_product_edge,,,,"Schema v1 attaches note/profile/accord semantics to ScentIdentity, not directly to ProductConcept."
note:马黛茶,product:EDPTEMPOP75C::旋律淡香精,HAS_PRODUCT,NoteIngredient,Product,retire_direct_semantic_product_edge,,,,"Schema v1 attaches note/profile/accord semantics to ScentIdentity, not directly to ProductConcept."
note:马黛茶香精,product:CANDLEPCA005::时光幽谷,HAS_PRODUCT,NoteIngredient,Product,retire_direct_semantic_product_edge,,,,"Schema v1 attaches note/profile/accord semantics to ScentIdentity, not directly to ProductConcept."
note:马黛茶香精,product:CANDLEPCA005::时光幽谷香氛蜡烛补充装,HAS_PRODUCT,NoteIngredient,Product,retire_direct_semantic_product_edge,,,,"Schema v1 attaches note/profile/accord semantics to ScentIdentity, not directly to ProductConcept."
note:鸢尾,product:BODYGEL3::肌肤之花洁肤露,HAS_PRODUCT,NoteIngredient,Product,retire_direct_semantic_product_edge,,,,"Schema v1 attaches note/profile/accord semantics to ScentIdentity, not directly to ProductConcept."
note:鸢尾,product:CANDLEPCA004::曼妙庄园,HAS_PRODUCT,NoteIngredient,Product,retire_direct_semantic_product_edge,,,,"Schema v1 attaches note/profile/accord semantics to ScentIdentity, not directly to ProductConcept."
note:鸢尾,product:CANDLEPCA004::曼妙庄园香氛蜡烛补充装,HAS_PRODUCT,NoteIngredient,Product,retire_direct_semantic_product_edge,,,,"Schema v1 attaches note/profile/accord semantics to ScentIdentity, not directly to ProductConcept."
note:鸢尾,product:DIPXM25LARGEEDPFL::典藏版肌肤之花淡香精,HAS_PRODUCT,NoteIngredient,Product,retire_direct_semantic_product_edge,,,,"Schema v1 attaches note/profile/accord semantics to ScentIdentity, not directly to ProductConcept."
note:鸢尾,product:EDPFLEURP75C::肌肤之花淡香精,HAS_PRODUCT,NoteIngredient,Product,retire_direct_semantic_product_edge,,,,"Schema v1 attaches note/profile/accord semantics to ScentIdentity, not directly to ProductConcept."
note:鸢尾,product:EDPMEASTP75C::旅行之水淡香精,HAS_PRODUCT,NoteIngredient,Product,retire_direct_semantic_product_edge,,,,"Schema v1 attaches note/profile/accord semantics to ScentIdentity, not directly to ProductConcept."
note:鸢尾,product:EDTFLEUR::肌肤之花淡香水,HAS_PRODUCT,NoteIngredient,Product,retire_direct_semantic_product_edge,,,,"Schema v1 attaches note/profile/accord semantics to ScentIdentity, not directly to ProductConcept."
note:鸢尾,product:HAIRMIST::肌肤之花发香喷雾,HAS_PRODUCT,NoteIngredient,Product,retire_direct_semantic_product_edge,,,,"Schema v1 attaches note/profile/accord semantics to ScentIdentity, not directly to ProductConcept."
note:鸢尾,product:HANDCRE4::肌肤之花护手霜,HAS_PRODUCT,NoteIngredient,Product,retire_direct_semantic_product_edge,,,,"Schema v1 attaches note/profile/accord semantics to ScentIdentity, not directly to ProductConcept."
note:鸢尾,product:SOLIDPERFUME1::肌肤之花香膏,HAS_PRODUCT,NoteIngredient,Product,retire_direct_semantic_product_edge,,,,"Schema v1 attaches note/profile/accord semantics to ScentIdentity, not directly to ProductConcept."
note:鸢尾,product:SOLIDPERFUME8::肌肤之花香膏补充装,HAS_PRODUCT,NoteIngredient,Product,retire_direct_semantic_product_edge,,,,"Schema v1 attaches note/profile/accord semantics to ScentIdentity, not directly to ProductConcept."
note:鸢尾,product:concept::身体护理::润肤乳::肌肤之花润肤乳,HAS_PRODUCT,NoteIngredient,Product,retire_direct_semantic_product_edge,,,,"Schema v1 attaches note/profile/accord semantics to ScentIdentity, not directly to ProductConcept."
note:麝香,product:BODYGEL3::肌肤之花洁肤露,HAS_PRODUCT,NoteIngredient,Product,retire_direct_semantic_product_edge,,,,"Schema v1 attaches note/profile/accord semantics to ScentIdentity, not directly to ProductConcept."
note:麝香,product:DIPXM25LARGEEDPFL::典藏版肌肤之花淡香精,HAS_PRODUCT,NoteIngredient,Product,retire_direct_semantic_product_edge,,,,"Schema v1 attaches note/profile/accord semantics to ScentIdentity, not directly to ProductConcept."
note:麝香,product:EDPFLEURP75C::肌肤之花淡香精,HAS_PRODUCT,NoteIngredient,Product,retire_direct_semantic_product_edge,,,,"Schema v1 attaches note/profile/accord semantics to ScentIdentity, not directly to ProductConcept."
note:麝香,product:EDTFLEUR::肌肤之花淡香水,HAS_PRODUCT,NoteIngredient,Product,retire_direct_semantic_product_edge,,,,"Schema v1 attaches note/profile/accord semantics to ScentIdentity, not directly to ProductConcept."
note:麝香,product:HAIRMIST::肌肤之花发香喷雾,HAS_PRODUCT,NoteIngredient,Product,retire_direct_semantic_product_edge,,,,"Schema v1 attaches note/profile/accord semantics to ScentIdentity, not directly to ProductConcept."
note:麝香,product:HANDCRE4::肌肤之花护手霜,HAS_PRODUCT,NoteIngredient,Product,retire_direct_semantic_product_edge,,,,"Schema v1 attaches note/profile/accord semantics to ScentIdentity, not directly to ProductConcept."
note:麝香,product:SOLIDPERFUME1::肌肤之花香膏,HAS_PRODUCT,NoteIngredient,Product,retire_direct_semantic_product_edge,,,,"Schema v1 attaches note/profile/accord semantics to ScentIdentity, not directly to ProductConcept."
note:麝香,product:SOLIDPERFUME8::肌肤之花香膏补充装,HAS_PRODUCT,NoteIngredient,Product,retire_direct_semantic_product_edge,,,,"Schema v1 attaches note/profile/accord semantics to ScentIdentity, not directly to ProductConcept."
note:麝香,product:concept::身体护理::润肤乳::肌肤之花润肤乳,HAS_PRODUCT,NoteIngredient,Product,retire_direct_semantic_product_edge,,,,"Schema v1 attaches note/profile/accord semantics to ScentIdentity, not directly to ProductConcept."
note:麦麸香精,product:CANDLEPCA002::流金大地,HAS_PRODUCT,NoteIngredient,Product,retire_direct_semantic_product_edge,,,,"Schema v1 attaches note/profile/accord semantics to ScentIdentity, not directly to ProductConcept."
note:麦麸香精,product:CANDLEPCA002::流金大地香氛蜡烛补充装,HAS_PRODUCT,NoteIngredient,Product,retire_direct_semantic_product_edge,,,,"Schema v1 attaches note/profile/accord semantics to ScentIdentity, not directly to ProductConcept."
note:黄葵,product:DIPXM25LARGEEDPFL::典藏版肌肤之花淡香精,HAS_PRODUCT,NoteIngredient,Product,retire_direct_semantic_product_edge,,,,"Schema v1 attaches note/profile/accord semantics to ScentIdentity, not directly to ProductConcept."
note:黄葵,product:SOLIDPERFUME1::肌肤之花香膏,HAS_PRODUCT,NoteIngredient,Product,retire_direct_semantic_product_edge,,,,"Schema v1 attaches note/profile/accord semantics to ScentIdentity, not directly to ProductConcept."
note:黄葵,product:SOLIDPERFUME8::肌肤之花香膏补充装,HAS_PRODUCT,NoteIngredient,Product,retire_direct_semantic_product_edge,,,,"Schema v1 attaches note/profile/accord semantics to ScentIdentity, not directly to ProductConcept."
note:黄葵籽,product:BODYGEL3::肌肤之花洁肤露,HAS_PRODUCT,NoteIngredient,Product,retire_direct_semantic_product_edge,,,,"Schema v1 attaches note/profile/accord semantics to ScentIdentity, not directly to ProductConcept."
note:黄葵籽,product:EDPFLEURP75C::肌肤之花淡香精,HAS_PRODUCT,NoteIngredient,Product,retire_direct_semantic_product_edge,,,,"Schema v1 attaches note/profile/accord semantics to ScentIdentity, not directly to ProductConcept."
note:黄葵籽,product:HAIRMIST::肌肤之花发香喷雾,HAS_PRODUCT,NoteIngredient,Product,retire_direct_semantic_product_edge,,,,"Schema v1 attaches note/profile/accord semantics to ScentIdentity, not directly to ProductConcept."
note:黄葵籽,product:HANDCRE4::肌肤之花护手霜,HAS_PRODUCT,NoteIngredient,Product,retire_direct_semantic_product_edge,,,,"Schema v1 attaches note/profile/accord semantics to ScentIdentity, not directly to ProductConcept."
note:黄葵籽,product:concept::身体护理::润肤乳::肌肤之花润肤乳,HAS_PRODUCT,NoteIngredient,Product,retire_direct_semantic_product_edge,,,,"Schema v1 attaches note/profile/accord semantics to ScentIdentity, not directly to ProductConcept."
note:黑胡椒,product:BODYGEL1::希腊无花果香调洁肤露,HAS_PRODUCT,NoteIngredient,Product,retire_direct_semantic_product_edge,,,,"Schema v1 attaches note/profile/accord semantics to ScentIdentity, not directly to ProductConcept."
note:黑胡椒,product:CAPSULES9::希腊无花果香调润肤乳,HAS_PRODUCT,NoteIngredient,Product,retire_direct_semantic_product_edge,,,,"Schema v1 attaches note/profile/accord semantics to ScentIdentity, not directly to ProductConcept."
note:黑胡椒,product:EDPPHILOP75C::希腊无花果香调淡香精,HAS_PRODUCT,NoteIngredient,Product,retire_direct_semantic_product_edge,,,,"Schema v1 attaches note/profile/accord semantics to ScentIdentity, not directly to ProductConcept."
note:黑胡椒,product:EDTOFRESIA100V1::小苍兰香调淡香水,HAS_PRODUCT,NoteIngredient,Product,retire_direct_semantic_product_edge,,,,"Schema v1 attaches note/profile/accord semantics to ScentIdentity, not directly to ProductConcept."
note:黑胡椒,product:HAIRMIST7::希腊无花果香调发香喷雾,HAS_PRODUCT,NoteIngredient,Product,retire_direct_semantic_product_edge,,,,"Schema v1 attaches note/profile/accord semantics to ScentIdentity, not directly to ProductConcept."
note:黑醋栗叶,product:BODYOMBBGEL::影中之水香氛洁肤露,HAS_PRODUCT,NoteIngredient,Product,retire_direct_semantic_product_edge,,,,"Schema v1 attaches note/profile/accord semantics to ScentIdentity, not directly to ProductConcept."
note:黑醋栗叶,product:BODYOMBBLOTION::影中之水香氛润肤乳,HAS_PRODUCT,NoteIngredient,Product,retire_direct_semantic_product_edge,,,,"Schema v1 attaches note/profile/accord semantics to ScentIdentity, not directly to ProductConcept."
note:黑醋栗叶,product:EDPOMBREP75C::影中之水淡香精,HAS_PRODUCT,NoteIngredient,Product,retire_direct_semantic_product_edge,,,,"Schema v1 attaches note/profile/accord semantics to ScentIdentity, not directly to ProductConcept."
note:黑醋栗叶,product:EDTOMBRE::影中之水淡香水,HAS_PRODUCT,NoteIngredient,Product,retire_direct_semantic_product_edge,,,,"Schema v1 attaches note/profile/accord semantics to ScentIdentity, not directly to ProductConcept."
note:黑醋栗花蕾,product:BODYOMBBGEL::影中之水香氛洁肤露,HAS_PRODUCT,NoteIngredient,Product,retire_direct_semantic_product_edge,,,,"Schema v1 attaches note/profile/accord semantics to ScentIdentity, not directly to ProductConcept."
note:黑醋栗花蕾,product:BODYOMBBLOTION::影中之水香氛润肤乳,HAS_PRODUCT,NoteIngredient,Product,retire_direct_semantic_product_edge,,,,"Schema v1 attaches note/profile/accord semantics to ScentIdentity, not directly to ProductConcept."
note:黑醋栗花蕾,product:EDPOMBREP75C::影中之水淡香精,HAS_PRODUCT,NoteIngredient,Product,retire_direct_semantic_product_edge,,,,"Schema v1 attaches note/profile/accord semantics to ScentIdentity, not directly to ProductConcept."
note:黑醋栗花蕾,product:EDT34B::圣日尔曼大道34号淡香水,HAS_PRODUCT,NoteIngredient,Product,retire_direct_semantic_product_edge,,,,"Schema v1 attaches note/profile/accord semantics to ScentIdentity, not directly to ProductConcept."
note:黑醋栗花蕾,product:EDTOMBRE::影中之水淡香水,HAS_PRODUCT,NoteIngredient,Product,retire_direct_semantic_product_edge,,,,"Schema v1 attaches note/profile/accord semantics to ScentIdentity, not directly to ProductConcept."
note:鼠尾草,product:EDPTEMPOP75C::旋律淡香精,HAS_PRODUCT,NoteIngredient,Product,retire_direct_semantic_product_edge,,,,"Schema v1 attaches note/profile/accord semantics to ScentIdentity, not directly to ProductConcept."
note:鼠尾草,product:EDTAUTRE100V1::别样淡香水,HAS_PRODUCT,NoteIngredient,Product,retire_direct_semantic_product_edge,,,,"Schema v1 attaches note/profile/accord semantics to ScentIdentity, not directly to ProductConcept."
note:龙涎香,product:BODYGEL5::玫瑰香氛洁肤露,HAS_PRODUCT,NoteIngredient,Product,retire_direct_semantic_product_edge,,,,"Schema v1 attaches note/profile/accord semantics to ScentIdentity, not directly to ProductConcept."
note:龙涎香,product:BODYLOTIONS::玫瑰香调润肤乳,HAS_PRODUCT,NoteIngredient,Product,retire_direct_semantic_product_edge,,,,"Schema v1 attaches note/profile/accord semantics to ScentIdentity, not directly to ProductConcept."
note:龙涎香,product:EDPDOSONP75C::杜桑淡香精,HAS_PRODUCT,NoteIngredient,Product,retire_direct_semantic_product_edge,,,,"Schema v1 attaches note/profile/accord semantics to ScentIdentity, not directly to ProductConcept."
note:龙涎香,product:EDTROSE::玫瑰香调淡香水,HAS_PRODUCT,NoteIngredient,Product,retire_direct_semantic_product_edge,,,,"Schema v1 attaches note/profile/accord semantics to ScentIdentity, not directly to ProductConcept."
scent_accord:广藿香香调,product:EDT34B::圣日尔曼大道34号淡香水,HAS_PRODUCT,ScentAccord,Product,retire_direct_semantic_product_edge,,,,"Schema v1 attaches note/profile/accord semantics to ScentIdentity, not directly to ProductConcept."
scent_accord:海洋矿物香调,product:EDPCORAIL100::暗影珊瑚淡香精,HAS_PRODUCT,ScentAccord,Product,retire_direct_semantic_product_edge,,,,"Schema v1 attaches note/profile/accord semantics to ScentIdentity, not directly to ProductConcept."
scent_accord:荔枝香调,product:BODYGEL5::玫瑰香氛洁肤露,HAS_PRODUCT,ScentAccord,Product,retire_direct_semantic_product_edge,,,,"Schema v1 attaches note/profile/accord semantics to ScentIdentity, not directly to ProductConcept."
scent_accord:荔枝香调,product:BODYLOTIONS::玫瑰香调润肤乳,HAS_PRODUCT,ScentAccord,Product,retire_direct_semantic_product_edge,,,,"Schema v1 attaches note/profile/accord semantics to ScentIdentity, not directly to ProductConcept."
scent_accord:荔枝香调,product:EDTROSE::玫瑰香调淡香水,HAS_PRODUCT,ScentAccord,Product,retire_direct_semantic_product_edge,,,,"Schema v1 attaches note/profile/accord semantics to ScentIdentity, not directly to ProductConcept."
scent_accord:荔枝香调,product:HAIRMIST3::玫瑰香调发香喷雾,HAS_PRODUCT,ScentAccord,Product,retire_direct_semantic_product_edge,,,,"Schema v1 attaches note/profile/accord semantics to ScentIdentity, not directly to ProductConcept."
scent_accord:荔枝香调,product:HANDCRE1::玫瑰香调护手霜,HAS_PRODUCT,ScentAccord,Product,retire_direct_semantic_product_edge,,,,"Schema v1 attaches note/profile/accord semantics to ScentIdentity, not directly to ProductConcept."
scent_accord:荔枝香调,product:HOMEREEDREFILL200H::玫瑰香调香氛皂,HAS_PRODUCT,ScentAccord,Product,retire_direct_semantic_product_edge,,,,"Schema v1 attaches note/profile/accord semantics to ScentIdentity, not directly to ProductConcept."
scent_accord:荔枝香调,product:HOMERSP4::玫瑰香调固体香膏,HAS_PRODUCT,ScentAccord,Product,retire_direct_semantic_product_edge,,,,"Schema v1 attaches note/profile/accord semantics to ScentIdentity, not directly to ProductConcept."
scent_accord:荔枝香调,product:SOLIDPERFUME5::玫瑰香调香膏补充装,HAS_PRODUCT,ScentAccord,Product,retire_direct_semantic_product_edge,,,,"Schema v1 attaches note/profile/accord semantics to ScentIdentity, not directly to ProductConcept."
scent_accord:蒸稻米香调,product:BODYGEL4::纸上洁肤露,HAS_PRODUCT,ScentAccord,Product,retire_direct_semantic_product_edge,,,,"Schema v1 attaches note/profile/accord semantics to ScentIdentity, not directly to ProductConcept."
scent_accord:蒸稻米香调,product:EDTPAPIER::纸上淡香水,HAS_PRODUCT,ScentAccord,Product,retire_direct_semantic_product_edge,,,,"Schema v1 attaches note/profile/accord semantics to ScentIdentity, not directly to ProductConcept."
scent_accord:蒸稻米香调,product:HAIRMIST6::纸上发香喷雾,HAS_PRODUCT,ScentAccord,Product,retire_direct_semantic_product_edge,,,,"Schema v1 attaches note/profile/accord semantics to ScentIdentity, not directly to ProductConcept."
scent_accord:金黄木质香调,product:BODYGEL4::纸上洁肤露,HAS_PRODUCT,ScentAccord,Product,retire_direct_semantic_product_edge,,,,"Schema v1 attaches note/profile/accord semantics to ScentIdentity, not directly to ProductConcept."
scent_accord:金黄木质香调,product:EDTPAPIER::纸上淡香水,HAS_PRODUCT,ScentAccord,Product,retire_direct_semantic_product_edge,,,,"Schema v1 attaches note/profile/accord semantics to ScentIdentity, not directly to ProductConcept."
scent_accord:金黄木质香调,product:HAIRMIST6::纸上发香喷雾,HAS_PRODUCT,ScentAccord,Product,retire_direct_semantic_product_edge,,,,"Schema v1 attaches note/profile/accord semantics to ScentIdentity, not directly to ProductConcept."
scent_accord:鸢尾花香调,product:EDPVOLUTEP75C::维路德淡香精,HAS_PRODUCT,ScentAccord,Product,retire_direct_semantic_product_edge,,,,"Schema v1 attaches note/profile/accord semantics to ScentIdentity, not directly to ProductConcept."
scent_concept:丁香,product:EDTEAU100V1::永恒之水淡香水,HAS_PRODUCT,ScentConcept,Product,retire_direct_semantic_product_edge,,,,"Schema v1 attaches note/profile/accord semantics to ScentIdentity, not directly to ProductConcept."
scent_concept:乳香,product:EDPLUNAMAR100::潮汐月影淡香精,HAS_PRODUCT,ScentConcept,Product,retire_direct_semantic_product_edge,,,,"Schema v1 attaches note/profile/accord semantics to ScentIdentity, not directly to ProductConcept."
scent_concept:仙客来,product:EDTLIERRE::利埃尔淡香水,HAS_PRODUCT,ScentConcept,Product,retire_direct_semantic_product_edge,,,,"Schema v1 attaches note/profile/accord semantics to ScentIdentity, not directly to ProductConcept."
scent_concept:佛手柑,product:EDPCAPITAP75C::巴黎之水淡香精,HAS_PRODUCT,ScentConcept,Product,retire_direct_semantic_product_edge,,,,"Schema v1 attaches note/profile/accord semantics to ScentIdentity, not directly to ProductConcept."
scent_concept:佛手柑,product:EDPNABATIP75C::天堂花园之水淡香精,HAS_PRODUCT,ScentConcept,Product,retire_direct_semantic_product_edge,,,,"Schema v1 attaches note/profile/accord semantics to ScentIdentity, not directly to ProductConcept."
scent_concept:佛手柑,product:EDTNERO100V1::橙花香调淡香水,HAS_PRODUCT,ScentConcept,Product,retire_direct_semantic_product_edge,,,,"Schema v1 attaches note/profile/accord semantics to ScentIdentity, not directly to ProductConcept."
scent_concept:佛手柑,product:HAIRMIST1::巴黎之水发香喷雾,HAS_PRODUCT,ScentConcept,Product,retire_direct_semantic_product_edge,,,,"Schema v1 attaches note/profile/accord semantics to ScentIdentity, not directly to ProductConcept."
scent_concept:佛手柑,product:HANDCRE3::巴黎之水护手霜,HAS_PRODUCT,ScentConcept,Product,retire_direct_semantic_product_edge,,,,"Schema v1 attaches note/profile/accord semantics to ScentIdentity, not directly to ProductConcept."
scent_concept:依兰,product:CANDLEPCA003::梦幻雨林,HAS_PRODUCT,ScentConcept,Product,retire_direct_semantic_product_edge,,,,"Schema v1 attaches note/profile/accord semantics to ScentIdentity, not directly to ProductConcept."
scent_concept:依兰,product:CANDLEPCA003::梦幻雨林香氛蜡烛补充装,HAS_PRODUCT,ScentConcept,Product,retire_direct_semantic_product_edge,,,,"Schema v1 attaches note/profile/accord semantics to ScentIdentity, not directly to ProductConcept."
scent_concept:依兰,product:EDTMOHE100V1::依兰香调淡香水,HAS_PRODUCT,ScentConcept,Product,retire_direct_semantic_product_edge,,,,"Schema v1 attaches note/profile/accord semantics to ScentIdentity, not directly to ProductConcept."
scent_concept:含羞草,product:BODYGEL4::纸上洁肤露,HAS_PRODUCT,ScentConcept,Product,retire_direct_semantic_product_edge,,,,"Schema v1 attaches note/profile/accord semantics to ScentIdentity, not directly to ProductConcept."
scent_concept:含羞草,product:CANDLEMI::迷你香氛蜡烛含羞草,HAS_PRODUCT,ScentConcept,Product,retire_direct_semantic_product_edge,,,,"Schema v1 attaches note/profile/accord semantics to ScentIdentity, not directly to ProductConcept."
scent_concept:含羞草,product:CANDLEMI::香氛蜡烛含羞草,HAS_PRODUCT,ScentConcept,Product,retire_direct_semantic_product_edge,,,,"Schema v1 attaches note/profile/accord semantics to ScentIdentity, not directly to ProductConcept."
scent_concept:含羞草,product:CAPSULES7::含羞草扩香器香氛补充包,HAS_PRODUCT,ScentConcept,Product,retire_direct_semantic_product_edge,,,,"Schema v1 attaches note/profile/accord semantics to ScentIdentity, not directly to ProductConcept."
scent_concept:含羞草,product:EDTPAPIER::纸上淡香水,HAS_PRODUCT,ScentConcept,Product,retire_direct_semantic_product_edge,,,,"Schema v1 attaches note/profile/accord semantics to ScentIdentity, not directly to ProductConcept."
scent_concept:含羞草,product:HAIRMIST6::纸上发香喷雾,HAS_PRODUCT,ScentConcept,Product,retire_direct_semantic_product_edge,,,,"Schema v1 attaches note/profile/accord semantics to ScentIdentity, not directly to ProductConcept."
scent_concept:含羞草,product:HOMECARDIF5::含羞草车载扩香器香氛套装,HAS_PRODUCT,ScentConcept,Product,retire_direct_semantic_product_edge,,,,"Schema v1 attaches note/profile/accord semantics to ScentIdentity, not directly to ProductConcept."
scent_concept:含羞草,product:HOMEHGFOCARB2N::含羞草室内扩香摆件补充装,HAS_PRODUCT,ScentConcept,Product,retire_direct_semantic_product_edge,,,,"Schema v1 attaches note/profile/accord semantics to ScentIdentity, not directly to ProductConcept."
scent_concept:含羞草,product:HOMERSP3::含羞草室内喷雾,HAS_PRODUCT,ScentConcept,Product,retire_direct_semantic_product_edge,,,,"Schema v1 attaches note/profile/accord semantics to ScentIdentity, not directly to ProductConcept."
scent_concept:含羞草,product:HOMERSP9::含羞草扩香精,HAS_PRODUCT,ScentConcept,Product,retire_direct_semantic_product_edge,,,,"Schema v1 attaches note/profile/accord semantics to ScentIdentity, not directly to ProductConcept."
scent_concept:含羞草,product:SOLIDPERFUME2::含羞草扩香精补充瓶,HAS_PRODUCT,ScentConcept,Product,retire_direct_semantic_product_edge,,,,"Schema v1 attaches note/profile/accord semantics to ScentIdentity, not directly to ProductConcept."
scent_concept:天竺葵,product:BODYSUM26MILK200::柠檬草与天竺葵香调晒后身体凝乳（限量版）,HAS_PRODUCT,ScentConcept,Product,retire_direct_semantic_product_edge,,,,"Schema v1 attaches note/profile/accord semantics to ScentIdentity, not directly to ProductConcept."
scent_concept:天竺葵,product:BODYSUM26SGEL200::柠檬草与天竺葵香调洁肤露（限量版）,HAS_PRODUCT,ScentConcept,Product,retire_direct_semantic_product_edge,,,,"Schema v1 attaches note/profile/accord semantics to ScentIdentity, not directly to ProductConcept."
scent_concept:天竺葵,product:EDPMINTP75C::曼特淡香精,HAS_PRODUCT,ScentConcept,Product,retire_direct_semantic_product_edge,,,,"Schema v1 attaches note/profile/accord semantics to ScentIdentity, not directly to ProductConcept."
scent_concept:天竺葵,product:EDTEAU100V1::永恒之水淡香水,HAS_PRODUCT,ScentConcept,Product,retire_direct_semantic_product_edge,,,,"Schema v1 attaches note/profile/accord semantics to ScentIdentity, not directly to ProductConcept."
scent_concept:天竺葵,product:EDTGERA100V1::天竺葵香调淡香水,HAS_PRODUCT,ScentConcept,Product,retire_direct_semantic_product_edge,,,,"Schema v1 attaches note/profile/accord semantics to ScentIdentity, not directly to ProductConcept."
scent_concept:安息香,product:EDPBOHEMEP75C::波西米亚安息香淡香精,HAS_PRODUCT,ScentConcept,Product,retire_direct_semantic_product_edge,,,,"Schema v1 attaches note/profile/accord semantics to ScentIdentity, not directly to ProductConcept."
scent_concept:小茴香,product:EDTAUTRE100V1::别样淡香水,HAS_PRODUCT,ScentConcept,Product,retire_direct_semantic_product_edge,,,,"Schema v1 attaches note/profile/accord semantics to ScentIdentity, not directly to ProductConcept."
scent_concept:小豆蔻,product:EDPLILYPHEA100::睡莲悠悠淡香精,HAS_PRODUCT,ScentConcept,Product,retire_direct_semantic_product_edge,,,,"Schema v1 attaches note/profile/accord semantics to ScentIdentity, not directly to ProductConcept."
scent_concept:小豆蔻,product:EDTGERA100V1::天竺葵香调淡香水,HAS_PRODUCT,ScentConcept,Product,retire_direct_semantic_product_edge,,,,"Schema v1 attaches note/profile/accord semantics to ScentIdentity, not directly to ProductConcept."
scent_concept:岩蔷薇,product:EDPBOHEMEP75C::波西米亚安息香淡香精,HAS_PRODUCT,ScentConcept,Product,retire_direct_semantic_product_edge,,,,"Schema v1 attaches note/profile/accord semantics to ScentIdentity, not directly to ProductConcept."
scent_concept:岩蔷薇,product:EDPLUNAMAR100::潮汐月影淡香精,HAS_PRODUCT,ScentConcept,Product,retire_direct_semantic_product_edge,,,,"Schema v1 attaches note/profile/accord semantics to ScentIdentity, not directly to ProductConcept."
scent_concept:岩蔷薇,product:EDTTROIS100V1::三重水淡香水,HAS_PRODUCT,ScentConcept,Product,retire_direct_semantic_product_edge,,,,"Schema v1 attaches note/profile/accord semantics to ScentIdentity, not directly to ProductConcept."
scent_concept:广藿香,product:EDPBOHEMEP75C::波西米亚安息香淡香精,HAS_PRODUCT,ScentConcept,Product,retire_direct_semantic_product_edge,,,,"Schema v1 attaches note/profile/accord semantics to ScentIdentity, not directly to ProductConcept."
scent_concept:广藿香,product:EDPCAPITAP75C::巴黎之水淡香精,HAS_PRODUCT,ScentConcept,Product,retire_direct_semantic_product_edge,,,,"Schema v1 attaches note/profile/accord semantics to ScentIdentity, not directly to ProductConcept."
scent_concept:广藿香,product:EDPMINTP75C::曼特淡香精,HAS_PRODUCT,ScentConcept,Product,retire_direct_semantic_product_edge,,,,"Schema v1 attaches note/profile/accord semantics to ScentIdentity, not directly to ProductConcept."
scent_concept:广藿香,product:EDPROSEROC100::沙漠玫瑰淡香精,HAS_PRODUCT,ScentConcept,Product,retire_direct_semantic_product_edge,,,,"Schema v1 attaches note/profile/accord semantics to ScentIdentity, not directly to ProductConcept."
scent_concept:广藿香,product:EDPTEMPOP75C::旋律淡香精,HAS_PRODUCT,ScentConcept,Product,retire_direct_semantic_product_edge,,,,"Schema v1 attaches note/profile/accord semantics to ScentIdentity, not directly to ProductConcept."
scent_concept:广藿香,product:EDT34B::圣日尔曼大道34号淡香水,HAS_PRODUCT,ScentConcept,Product,retire_direct_semantic_product_edge,,,,"Schema v1 attaches note/profile/accord semantics to ScentIdentity, not directly to ProductConcept."
scent_concept:广藿香,product:EDTSENS::感官之水淡香水,HAS_PRODUCT,ScentConcept,Product,retire_direct_semantic_product_edge,,,,"Schema v1 attaches note/profile/accord semantics to ScentIdentity, not directly to ProductConcept."
scent_concept:广藿香,product:HAIRMIST1::巴黎之水发香喷雾,HAS_PRODUCT,ScentConcept,Product,retire_direct_semantic_product_edge,,,,"Schema v1 attaches note/profile/accord semantics to ScentIdentity, not directly to ProductConcept."
scent_concept:广藿香,product:HAIRMIST2::感官之水发香喷雾,HAS_PRODUCT,ScentConcept,Product,retire_direct_semantic_product_edge,,,,"Schema v1 attaches note/profile/accord semantics to ScentIdentity, not directly to ProductConcept."
scent_concept:广藿香,product:HANDCRE3::巴黎之水护手霜,HAS_PRODUCT,ScentConcept,Product,retire_direct_semantic_product_edge,,,,"Schema v1 attaches note/profile/accord semantics to ScentIdentity, not directly to ProductConcept."
scent_concept:广藿香,product:HOMEHGFOCARB2H::感官之水香氛皂,HAS_PRODUCT,ScentConcept,Product,retire_direct_semantic_product_edge,,,,"Schema v1 attaches note/profile/accord semantics to ScentIdentity, not directly to ProductConcept."
scent_concept:康乃馨,product:EDTOFRESIA100V1::小苍兰香调淡香水,HAS_PRODUCT,ScentConcept,Product,retire_direct_semantic_product_edge,,,,"Schema v1 attaches note/profile/accord semantics to ScentIdentity, not directly to ProductConcept."
scent_concept:当归根,product:EDTSENS::感官之水淡香水,HAS_PRODUCT,ScentConcept,Product,retire_direct_semantic_product_edge,,,,"Schema v1 attaches note/profile/accord semantics to ScentIdentity, not directly to ProductConcept."
scent_concept:当归根,product:HAIRMIST2::感官之水发香喷雾,HAS_PRODUCT,ScentConcept,Product,retire_direct_semantic_product_edge,,,,"Schema v1 attaches note/profile/accord semantics to ScentIdentity, not directly to ProductConcept."
scent_concept:当归根,product:HOMEHGFOCARB2H::感官之水香氛皂,HAS_PRODUCT,ScentConcept,Product,retire_direct_semantic_product_edge,,,,"Schema v1 attaches note/profile/accord semantics to ScentIdentity, not directly to ProductConcept."
scent_concept:愈创木,product:EDTOFRESIA100V1::小苍兰香调淡香水,HAS_PRODUCT,ScentConcept,Product,retire_direct_semantic_product_edge,,,,"Schema v1 attaches note/profile/accord semantics to ScentIdentity, not directly to ProductConcept."
scent_concept:抹茶,product:CANDLEPCA001::青苔禅寺,HAS_PRODUCT,ScentConcept,Product,retire_direct_semantic_product_edge,,,,"Schema v1 attaches note/profile/accord semantics to ScentIdentity, not directly to ProductConcept."
scent_concept:抹茶,product:CANDLEPCA001::青苔禅寺香氛蜡烛补充装,HAS_PRODUCT,ScentConcept,Product,retire_direct_semantic_product_edge,,,,"Schema v1 attaches note/profile/accord semantics to ScentIdentity, not directly to ProductConcept."
scent_concept:无花果,product:BODYGEL1::希腊无花果香调洁肤露,HAS_PRODUCT,ScentConcept,Product,retire_direct_semantic_product_edge,,,,"Schema v1 attaches note/profile/accord semantics to ScentIdentity, not directly to ProductConcept."
scent_concept:无花果,product:CANDLEFI15001::超大号香氛蜡烛无花果,HAS_PRODUCT,ScentConcept,Product,retire_direct_semantic_product_edge,,,,"Schema v1 attaches note/profile/accord semantics to ScentIdentity, not directly to ProductConcept."
scent_concept:无花果,product:CANDLEFI600::大号香氛蜡烛无花果,HAS_PRODUCT,ScentConcept,Product,retire_direct_semantic_product_edge,,,,"Schema v1 attaches note/profile/accord semantics to ScentIdentity, not directly to ProductConcept."
scent_concept:无花果,product:CANDLEFI::迷你香氛蜡烛无花果,HAS_PRODUCT,ScentConcept,Product,retire_direct_semantic_product_edge,,,,"Schema v1 attaches note/profile/accord semantics to ScentIdentity, not directly to ProductConcept."
scent_concept:无花果,product:CANDLEFI::香氛蜡烛无花果,HAS_PRODUCT,ScentConcept,Product,retire_direct_semantic_product_edge,,,,"Schema v1 attaches note/profile/accord semantics to ScentIdentity, not directly to ProductConcept."
scent_concept:无花果,product:CANDLEFIV2::中号香氛蜡烛无花果,HAS_PRODUCT,ScentConcept,Product,retire_direct_semantic_product_edge,,,,"Schema v1 attaches note/profile/accord semantics to ScentIdentity, not directly to ProductConcept."
scent_concept:无花果,product:CAPSULES6::希腊无花果扩香器香氛补充包,HAS_PRODUCT,ScentConcept,Product,retire_direct_semantic_product_edge,,,,"Schema v1 attaches note/profile/accord semantics to ScentIdentity, not directly to ProductConcept."
scent_concept:无花果,product:CAPSULES9::希腊无花果香调润肤乳,HAS_PRODUCT,ScentConcept,Product,retire_direct_semantic_product_edge,,,,"Schema v1 attaches note/profile/accord semantics to ScentIdentity, not directly to ProductConcept."
scent_concept:无花果,product:EDPPHILOP75C::希腊无花果香调淡香精,HAS_PRODUCT,ScentConcept,Product,retire_direct_semantic_product_edge,,,,"Schema v1 attaches note/profile/accord semantics to ScentIdentity, not directly to ProductConcept."
scent_concept:无花果,product:EDTPHILO::希腊无花果香调淡香水,HAS_PRODUCT,ScentConcept,Product,retire_direct_semantic_product_edge,,,,"Schema v1 attaches note/profile/accord semantics to ScentIdentity, not directly to ProductConcept."
scent_concept:无花果,product:HAIRMIST7::希腊无花果香调发香喷雾,HAS_PRODUCT,ScentConcept,Product,retire_direct_semantic_product_edge,,,,"Schema v1 attaches note/profile/accord semantics to ScentIdentity, not directly to ProductConcept."
scent_concept:无花果,product:HOMECARDIF3::无花果车载扩香器香氛套装,HAS_PRODUCT,ScentConcept,Product,retire_direct_semantic_product_edge,,,,"Schema v1 attaches note/profile/accord semantics to ScentIdentity, not directly to ProductConcept."
scent_concept:无花果,product:HOMEHGFOCARB2D::希腊无花果扩香精,HAS_PRODUCT,ScentConcept,Product,retire_direct_semantic_product_edge,,,,"Schema v1 attaches note/profile/accord semantics to ScentIdentity, not directly to ProductConcept."
scent_concept:无花果,product:HOMEHGFOCARB2K::希腊无花果扩香精补充瓶,HAS_PRODUCT,ScentConcept,Product,retire_direct_semantic_product_edge,,,,"Schema v1 attaches note/profile/accord semantics to ScentIdentity, not directly to ProductConcept."
scent_concept:无花果,product:HOMEREEDREFILL200F::无花果室内扩香摆件补充装,HAS_PRODUCT,ScentConcept,Product,retire_direct_semantic_product_edge,,,,"Schema v1 attaches note/profile/accord semantics to ScentIdentity, not directly to ProductConcept."
scent_concept:无花果,product:HOMERSP::无花果室内喷雾,HAS_PRODUCT,ScentConcept,Product,retire_direct_semantic_product_edge,,,,"Schema v1 attaches note/profile/accord semantics to ScentIdentity, not directly to ProductConcept."
scent_concept:无花果,product:HOMESCO3::希腊无花果室内香氛蜡,HAS_PRODUCT,ScentConcept,Product,retire_direct_semantic_product_edge,,,,"Schema v1 attaches note/profile/accord semantics to ScentIdentity, not directly to ProductConcept."
scent_concept:晚香玉,product:BODYLOTIONS1::杜桑香氛润肤乳,HAS_PRODUCT,ScentConcept,Product,retire_direct_semantic_product_edge,,,,"Schema v1 attaches note/profile/accord semantics to ScentIdentity, not directly to ProductConcept."
scent_concept:晚香玉,product:BODYLOTIONS2::晚香玉室内喷雾,HAS_PRODUCT,ScentConcept,Product,retire_direct_semantic_product_edge,,,,"Schema v1 attaches note/profile/accord semantics to ScentIdentity, not directly to ProductConcept."
scent_concept:晚香玉,product:BODYOIL::杜桑柔肤沐浴油,HAS_PRODUCT,ScentConcept,Product,retire_direct_semantic_product_edge,,,,"Schema v1 attaches note/profile/accord semantics to ScentIdentity, not directly to ProductConcept."
scent_concept:晚香玉,product:CANDLETB1500::超大号香氛蜡烛晚香玉,HAS_PRODUCT,ScentConcept,Product,retire_direct_semantic_product_edge,,,,"Schema v1 attaches note/profile/accord semantics to ScentIdentity, not directly to ProductConcept."
scent_concept:晚香玉,product:CANDLETB::迷你香氛蜡烛晚香玉,HAS_PRODUCT,ScentConcept,Product,retire_direct_semantic_product_edge,,,,"Schema v1 attaches note/profile/accord semantics to ScentIdentity, not directly to ProductConcept."
scent_concept:晚香玉,product:CANDLETB::香氛蜡烛晚香玉,HAS_PRODUCT,ScentConcept,Product,retire_direct_semantic_product_edge,,,,"Schema v1 attaches note/profile/accord semantics to ScentIdentity, not directly to ProductConcept."
scent_concept:晚香玉,product:CANDLETBR2::中号香氛蜡烛晚香玉,HAS_PRODUCT,ScentConcept,Product,retire_direct_semantic_product_edge,,,,"Schema v1 attaches note/profile/accord semantics to ScentIdentity, not directly to ProductConcept."
scent_concept:晚香玉,product:CAPSULES5::晚香玉扩香器香氛补充包,HAS_PRODUCT,ScentConcept,Product,retire_direct_semantic_product_edge,,,,"Schema v1 attaches note/profile/accord semantics to ScentIdentity, not directly to ProductConcept."
scent_concept:晚香玉,product:EDPDOSONP75C::杜桑淡香精,HAS_PRODUCT,ScentConcept,Product,retire_direct_semantic_product_edge,,,,"Schema v1 attaches note/profile/accord semantics to ScentIdentity, not directly to ProductConcept."
scent_concept:晚香玉,product:EDTDOSON::杜桑淡香水,HAS_PRODUCT,ScentConcept,Product,retire_direct_semantic_product_edge,,,,"Schema v1 attaches note/profile/accord semantics to ScentIdentity, not directly to ProductConcept."
scent_concept:晚香玉,product:HAIRMIST4::杜桑发香喷雾,HAS_PRODUCT,ScentConcept,Product,retire_direct_semantic_product_edge,,,,"Schema v1 attaches note/profile/accord semantics to ScentIdentity, not directly to ProductConcept."
scent_concept:晚香玉,product:HANDCRE2::杜桑护手霜,HAS_PRODUCT,ScentConcept,Product,retire_direct_semantic_product_edge,,,,"Schema v1 attaches note/profile/accord semantics to ScentIdentity, not directly to ProductConcept."
scent_concept:晚香玉,product:HOMEHGFOCARB2B::晚香玉扩香精,HAS_PRODUCT,ScentConcept,Product,retire_direct_semantic_product_edge,,,,"Schema v1 attaches note/profile/accord semantics to ScentIdentity, not directly to ProductConcept."
scent_concept:晚香玉,product:HOMEHGFOCARB2J::晚香玉扩香精补充瓶,HAS_PRODUCT,ScentConcept,Product,retire_direct_semantic_product_edge,,,,"Schema v1 attaches note/profile/accord semantics to ScentIdentity, not directly to ProductConcept."
scent_concept:晚香玉,product:HOMEHGFOCARB2P::杜桑香氛皂,HAS_PRODUCT,ScentConcept,Product,retire_direct_semantic_product_edge,,,,"Schema v1 attaches note/profile/accord semantics to ScentIdentity, not directly to ProductConcept."
scent_concept:晚香玉,product:HOMERSP5::杜桑固体香膏,HAS_PRODUCT,ScentConcept,Product,retire_direct_semantic_product_edge,,,,"Schema v1 attaches note/profile/accord semantics to ScentIdentity, not directly to ProductConcept."
scent_concept:晚香玉,product:HOMETB600::大号香氛蜡烛晚香玉,HAS_PRODUCT,ScentConcept,Product,retire_direct_semantic_product_edge,,,,"Schema v1 attaches note/profile/accord semantics to ScentIdentity, not directly to ProductConcept."
scent_concept:晚香玉,product:SOLIDPERFUME3::晚香玉室内扩香摆件补充装,HAS_PRODUCT,ScentConcept,Product,retire_direct_semantic_product_edge,,,,"Schema v1 attaches note/profile/accord semantics to ScentIdentity, not directly to ProductConcept."
scent_concept:晚香玉,product:SOLIDPERFUME6::杜桑香膏补充装,HAS_PRODUCT,ScentConcept,Product,retire_direct_semantic_product_edge,,,,"Schema v1 attaches note/profile/accord semantics to ScentIdentity, not directly to ProductConcept."
scent_concept:杜松子,product:BODYGEL2::奥费恩洁肤露,HAS_PRODUCT,ScentConcept,Product,retire_direct_semantic_product_edge,,,,"Schema v1 attaches note/profile/accord semantics to ScentIdentity, not directly to ProductConcept."
scent_concept:杜松子,product:BODYORPHBLOTION::奥费恩香调润肤乳,HAS_PRODUCT,ScentConcept,Product,retire_direct_semantic_product_edge,,,,"Schema v1 attaches note/profile/accord semantics to ScentIdentity, not directly to ProductConcept."
scent_concept:杜松子,product:DIPXM25LARGEEDPOR::典藏版奥费恩淡香精,HAS_PRODUCT,ScentConcept,Product,retire_direct_semantic_product_edge,,,,"Schema v1 attaches note/profile/accord semantics to ScentIdentity, not directly to ProductConcept."
scent_concept:杜松子,product:EDTORPHEDT100::奥费恩淡香水,HAS_PRODUCT,ScentConcept,Product,retire_direct_semantic_product_edge,,,,"Schema v1 attaches note/profile/accord semantics to ScentIdentity, not directly to ProductConcept."
scent_concept:杜松子,product:EDTSENS::感官之水淡香水,HAS_PRODUCT,ScentConcept,Product,retire_direct_semantic_product_edge,,,,"Schema v1 attaches note/profile/accord semantics to ScentIdentity, not directly to ProductConcept."
scent_concept:杜松子,product:HAIRMIST2::感官之水发香喷雾,HAS_PRODUCT,ScentConcept,Product,retire_direct_semantic_product_edge,,,,"Schema v1 attaches note/profile/accord semantics to ScentIdentity, not directly to ProductConcept."
scent_concept:杜松子,product:HAIRORPHHMIST::奥费恩发香喷雾,HAS_PRODUCT,ScentConcept,Product,retire_direct_semantic_product_edge,,,,"Schema v1 attaches note/profile/accord semantics to ScentIdentity, not directly to ProductConcept."
scent_concept:杜松子,product:HANDORPHHCREAM::奥费恩香氛护手霜,HAS_PRODUCT,ScentConcept,Product,retire_direct_semantic_product_edge,,,,"Schema v1 attaches note/profile/accord semantics to ScentIdentity, not directly to ProductConcept."
scent_concept:杜松子,product:HOMEHGFOCARB2H::感官之水香氛皂,HAS_PRODUCT,ScentConcept,Product,retire_direct_semantic_product_edge,,,,"Schema v1 attaches note/profile/accord semantics to ScentIdentity, not directly to ProductConcept."
scent_concept:杜松子,product:HOMERSP6::奥费恩固体香膏,HAS_PRODUCT,ScentConcept,Product,retire_direct_semantic_product_edge,,,,"Schema v1 attaches note/profile/accord semantics to ScentIdentity, not directly to ProductConcept."
scent_concept:杜松子,product:ORPHEON2022::奥费恩淡香精,HAS_PRODUCT,ScentConcept,Product,retire_direct_semantic_product_edge,,,,"Schema v1 attaches note/profile/accord semantics to ScentIdentity, not directly to ProductConcept."
scent_concept:杜松子,product:SOLIDPERFUME7::奥费恩香膏补充装,HAS_PRODUCT,ScentConcept,Product,retire_direct_semantic_product_edge,,,,"Schema v1 attaches note/profile/accord semantics to ScentIdentity, not directly to ProductConcept."
scent_concept:柏树,product:EDPTAMDAOP75C::谭道淡香精,HAS_PRODUCT,ScentConcept,Product,retire_direct_semantic_product_edge,,,,"Schema v1 attaches note/profile/accord semantics to ScentIdentity, not directly to ProductConcept."
scent_concept:柏树,product:EDTTAMDAO::谭道淡香水,HAS_PRODUCT,ScentConcept,Product,retire_direct_semantic_product_edge,,,,"Schema v1 attaches note/profile/accord semantics to ScentIdentity, not directly to ProductConcept."
scent_concept:柚子,product:EDTOYEDO::东京淡香水,HAS_PRODUCT,ScentConcept,Product,retire_direct_semantic_product_edge,,,,"Schema v1 attaches note/profile/accord semantics to ScentIdentity, not directly to ProductConcept."
scent_concept:柠檬,product:EDPROSEROC100::沙漠玫瑰淡香精,HAS_PRODUCT,ScentConcept,Product,retire_direct_semantic_product_edge,,,,"Schema v1 attaches note/profile/accord semantics to ScentIdentity, not directly to ProductConcept."
scent_concept:柠檬,product:EDTHESP100V1::海丝佩拉蒂淡香水,HAS_PRODUCT,ScentConcept,Product,retire_direct_semantic_product_edge,,,,"Schema v1 attaches note/profile/accord semantics to ScentIdentity, not directly to ProductConcept."
scent_concept:柠檬桉,product:BODYSUM26MILK200::柠檬草与天竺葵香调晒后身体凝乳（限量版）,HAS_PRODUCT,ScentConcept,Product,retire_direct_semantic_product_edge,,,,"Schema v1 attaches note/profile/accord semantics to ScentIdentity, not directly to ProductConcept."
scent_concept:柠檬桉,product:BODYSUM26SGEL200::柠檬草与天竺葵香调洁肤露（限量版）,HAS_PRODUCT,ScentConcept,Product,retire_direct_semantic_product_edge,,,,"Schema v1 attaches note/profile/accord semantics to ScentIdentity, not directly to ProductConcept."
scent_concept:柠檬草,product:BODYSUM26MILK200::柠檬草与天竺葵香调晒后身体凝乳（限量版）,HAS_PRODUCT,ScentConcept,Product,retire_direct_semantic_product_edge,,,,"Schema v1 attaches note/profile/accord semantics to ScentIdentity, not directly to ProductConcept."
scent_concept:柠檬草,product:BODYSUM26SGEL200::柠檬草与天竺葵香调洁肤露（限量版）,HAS_PRODUCT,ScentConcept,Product,retire_direct_semantic_product_edge,,,,"Schema v1 attaches note/profile/accord semantics to ScentIdentity, not directly to ProductConcept."
scent_concept:橙花,product:BODYLOTIONS1::杜桑香氛润肤乳,HAS_PRODUCT,ScentConcept,Product,retire_direct_semantic_product_edge,,,,"Schema v1 attaches note/profile/accord semantics to ScentIdentity, not directly to ProductConcept."
scent_concept:橙花,product:BODYLOTIONS3::橙花室内喷雾,HAS_PRODUCT,ScentConcept,Product,retire_direct_semantic_product_edge,,,,"Schema v1 attaches note/profile/accord semantics to ScentIdentity, not directly to ProductConcept."
scent_concept:橙花,product:BODYOIL::杜桑柔肤沐浴油,HAS_PRODUCT,ScentConcept,Product,retire_direct_semantic_product_edge,,,,"Schema v1 attaches note/profile/accord semantics to ScentIdentity, not directly to ProductConcept."
scent_concept:橙花,product:BODYSUM26MILK200::柠檬草与天竺葵香调晒后身体凝乳（限量版）,HAS_PRODUCT,ScentConcept,Product,retire_direct_semantic_product_edge,,,,"Schema v1 attaches note/profile/accord semantics to ScentIdentity, not directly to ProductConcept."
scent_concept:橙花,product:BODYSUM26SGEL200::柠檬草与天竺葵香调洁肤露（限量版）,HAS_PRODUCT,ScentConcept,Product,retire_direct_semantic_product_edge,,,,"Schema v1 attaches note/profile/accord semantics to ScentIdentity, not directly to ProductConcept."
scent_concept:橙花,product:CANDLECY1::香氛蜡烛墨西哥橙花,HAS_PRODUCT,ScentConcept,Product,retire_direct_semantic_product_edge,,,,"Schema v1 attaches note/profile/accord semantics to ScentIdentity, not directly to ProductConcept."
scent_concept:橙花,product:CANDLEPCA004::曼妙庄园,HAS_PRODUCT,ScentConcept,Product,retire_direct_semantic_product_edge,,,,"Schema v1 attaches note/profile/accord semantics to ScentIdentity, not directly to ProductConcept."
scent_concept:橙花,product:CANDLEPCA004::曼妙庄园香氛蜡烛补充装,HAS_PRODUCT,ScentConcept,Product,retire_direct_semantic_product_edge,,,,"Schema v1 attaches note/profile/accord semantics to ScentIdentity, not directly to ProductConcept."
scent_concept:橙花,product:CAPSULES8::橙花车载扩香器香氛套装,HAS_PRODUCT,ScentConcept,Product,retire_direct_semantic_product_edge,,,,"Schema v1 attaches note/profile/accord semantics to ScentIdentity, not directly to ProductConcept."
scent_concept:橙花,product:CAPSULES::橙花电子扩香器香氛补充包,HAS_PRODUCT,ScentConcept,Product,retire_direct_semantic_product_edge,,,,"Schema v1 attaches note/profile/accord semantics to ScentIdentity, not directly to ProductConcept."
scent_concept:橙花,product:EDPDOSONP75C::杜桑淡香精,HAS_PRODUCT,ScentConcept,Product,retire_direct_semantic_product_edge,,,,"Schema v1 attaches note/profile/accord semantics to ScentIdentity, not directly to ProductConcept."
scent_concept:橙花,product:EDTDOSON::杜桑淡香水,HAS_PRODUCT,ScentConcept,Product,retire_direct_semantic_product_edge,,,,"Schema v1 attaches note/profile/accord semantics to ScentIdentity, not directly to ProductConcept."
scent_concept:橙花,product:EDTNERO100V1::橙花香调淡香水,HAS_PRODUCT,ScentConcept,Product,retire_direct_semantic_product_edge,,,,"Schema v1 attaches note/profile/accord semantics to ScentIdentity, not directly to ProductConcept."
scent_concept:橙花,product:EDTSENS::感官之水淡香水,HAS_PRODUCT,ScentConcept,Product,retire_direct_semantic_product_edge,,,,"Schema v1 attaches note/profile/accord semantics to ScentIdentity, not directly to ProductConcept."
scent_concept:橙花,product:HAIRMIST2::感官之水发香喷雾,HAS_PRODUCT,ScentConcept,Product,retire_direct_semantic_product_edge,,,,"Schema v1 attaches note/profile/accord semantics to ScentIdentity, not directly to ProductConcept."
scent_concept:橙花,product:HAIRMIST4::杜桑发香喷雾,HAS_PRODUCT,ScentConcept,Product,retire_direct_semantic_product_edge,,,,"Schema v1 attaches note/profile/accord semantics to ScentIdentity, not directly to ProductConcept."
scent_concept:橙花,product:HANDCRE2::杜桑护手霜,HAS_PRODUCT,ScentConcept,Product,retire_direct_semantic_product_edge,,,,"Schema v1 attaches note/profile/accord semantics to ScentIdentity, not directly to ProductConcept."
scent_concept:橙花,product:HOMEHGFOCARB2E::橙花扩香精,HAS_PRODUCT,ScentConcept,Product,retire_direct_semantic_product_edge,,,,"Schema v1 attaches note/profile/accord semantics to ScentIdentity, not directly to ProductConcept."
scent_concept:橙花,product:HOMEHGFOCARB2H::感官之水香氛皂,HAS_PRODUCT,ScentConcept,Product,retire_direct_semantic_product_edge,,,,"Schema v1 attaches note/profile/accord semantics to ScentIdentity, not directly to ProductConcept."
scent_concept:橙花,product:HOMEHGFOCARB2M::橙花扩香精补充瓶,HAS_PRODUCT,ScentConcept,Product,retire_direct_semantic_product_edge,,,,"Schema v1 attaches note/profile/accord semantics to ScentIdentity, not directly to ProductConcept."
scent_concept:橙花,product:HOMEHGFOCARB2P::杜桑香氛皂,HAS_PRODUCT,ScentConcept,Product,retire_direct_semantic_product_edge,,,,"Schema v1 attaches note/profile/accord semantics to ScentIdentity, not directly to ProductConcept."
scent_concept:橙花,product:HOMELDDRGDISHSOAP1::橙花餐具清洁液,HAS_PRODUCT,ScentConcept,Product,retire_direct_semantic_product_edge,,,,"Schema v1 attaches note/profile/accord semantics to ScentIdentity, not directly to ProductConcept."
scent_concept:橙花,product:HOMELDDRGDISHSOAP2::橙花餐具清洁液补充装,HAS_PRODUCT,ScentConcept,Product,retire_direct_semantic_product_edge,,,,"Schema v1 attaches note/profile/accord semantics to ScentIdentity, not directly to ProductConcept."
scent_concept:橙花,product:HOMERSP5::杜桑固体香膏,HAS_PRODUCT,ScentConcept,Product,retire_direct_semantic_product_edge,,,,"Schema v1 attaches note/profile/accord semantics to ScentIdentity, not directly to ProductConcept."
scent_concept:橙花,product:SOLIDPERFUME4::橙花室内扩香摆件补充装,HAS_PRODUCT,ScentConcept,Product,retire_direct_semantic_product_edge,,,,"Schema v1 attaches note/profile/accord semantics to ScentIdentity, not directly to ProductConcept."
scent_concept:橙花,product:SOLIDPERFUME6::杜桑香膏补充装,HAS_PRODUCT,ScentConcept,Product,retire_direct_semantic_product_edge,,,,"Schema v1 attaches note/profile/accord semantics to ScentIdentity, not directly to ProductConcept."
scent_concept:檀香,product:EDP34BEDP75::圣日尔曼大道34号淡香精,HAS_PRODUCT,ScentConcept,Product,retire_direct_semantic_product_edge,,,,"Schema v1 attaches note/profile/accord semantics to ScentIdentity, not directly to ProductConcept."
scent_concept:檀香,product:EDPBOISCOR100::暖木之息淡香精,HAS_PRODUCT,ScentConcept,Product,retire_direct_semantic_product_edge,,,,"Schema v1 attaches note/profile/accord semantics to ScentIdentity, not directly to ProductConcept."
scent_concept:檀香,product:EDPTAMDAOP75C::谭道淡香精,HAS_PRODUCT,ScentConcept,Product,retire_direct_semantic_product_edge,,,,"Schema v1 attaches note/profile/accord semantics to ScentIdentity, not directly to ProductConcept."
scent_concept:檀香,product:EDTTAMDAO::谭道淡香水,HAS_PRODUCT,ScentConcept,Product,retire_direct_semantic_product_edge,,,,"Schema v1 attaches note/profile/accord semantics to ScentIdentity, not directly to ProductConcept."
scent_concept:水仙,product:EDTOLENE::奥利恩淡香水,HAS_PRODUCT,ScentConcept,Product,retire_direct_semantic_product_edge,,,,"Schema v1 attaches note/profile/accord semantics to ScentIdentity, not directly to ProductConcept."
scent_concept:永生花,product:EDPNABATIP75C::天堂花园之水淡香精,HAS_PRODUCT,ScentConcept,Product,retire_direct_semantic_product_edge,,,,"Schema v1 attaches note/profile/accord semantics to ScentIdentity, not directly to ProductConcept."
scent_concept:永生花,product:EDTHESP100V1::海丝佩拉蒂淡香水,HAS_PRODUCT,ScentConcept,Product,retire_direct_semantic_product_edge,,,,"Schema v1 attaches note/profile/accord semantics to ScentIdentity, not directly to ProductConcept."
scent_concept:没药,product:EDTTROIS100V1::三重水淡香水,HAS_PRODUCT,ScentConcept,Product,retire_direct_semantic_product_edge,,,,"Schema v1 attaches note/profile/accord semantics to ScentIdentity, not directly to ProductConcept."
scent_concept:洋甘菊,product:EDPROSEP75C::玫瑰香调淡香精,HAS_PRODUCT,ScentConcept,Product,retire_direct_semantic_product_edge,,,,"Schema v1 attaches note/profile/accord semantics to ScentIdentity, not directly to ProductConcept."
scent_concept:洋蓟,product:EDPROSEP75C::玫瑰香调淡香精,HAS_PRODUCT,ScentConcept,Product,retire_direct_semantic_product_edge,,,,"Schema v1 attaches note/profile/accord semantics to ScentIdentity, not directly to ProductConcept."
scent_concept:海洋矿物,product:EDPCORAIL100::暗影珊瑚淡香精,HAS_PRODUCT,ScentConcept,Product,retire_direct_semantic_product_edge,,,,"Schema v1 attaches note/profile/accord semantics to ScentIdentity, not directly to ProductConcept."
scent_concept:焚香,product:EDPDUELLEP75C::杜耶尔淡香精,HAS_PRODUCT,ScentConcept,Product,retire_direct_semantic_product_edge,,,,"Schema v1 attaches note/profile/accord semantics to ScentIdentity, not directly to ProductConcept."
scent_concept:焚香,product:EDTTROIS100V1::三重水淡香水,HAS_PRODUCT,ScentConcept,Product,retire_direct_semantic_product_edge,,,,"Schema v1 attaches note/profile/accord semantics to ScentIdentity, not directly to ProductConcept."
scent_concept:焦土,product:CANDLEPCA002::流金大地香氛蜡烛补充装,HAS_PRODUCT,ScentConcept,Product,retire_direct_semantic_product_edge,,,,"Schema v1 attaches note/profile/accord semantics to ScentIdentity, not directly to ProductConcept."
scent_concept:玉兰,product:EDTFLEUR::肌肤之花淡香水,HAS_PRODUCT,ScentConcept,Product,retire_direct_semantic_product_edge,,,,"Schema v1 attaches note/profile/accord semantics to ScentIdentity, not directly to ProductConcept."
scent_concept:玫瑰,product:BODYGEL5::玫瑰香氛洁肤露,HAS_PRODUCT,ScentConcept,Product,retire_direct_semantic_product_edge,,,,"Schema v1 attaches note/profile/accord semantics to ScentIdentity, not directly to ProductConcept."
scent_concept:玫瑰,product:BODYLOTIONS::玫瑰香调润肤乳,HAS_PRODUCT,ScentConcept,Product,retire_direct_semantic_product_edge,,,,"Schema v1 attaches note/profile/accord semantics to ScentIdentity, not directly to ProductConcept."
scent_concept:玫瑰,product:BODYOMBBGEL::影中之水香氛洁肤露,HAS_PRODUCT,ScentConcept,Product,retire_direct_semantic_product_edge,,,,"Schema v1 attaches note/profile/accord semantics to ScentIdentity, not directly to ProductConcept."
scent_concept:玫瑰,product:BODYOMBBLOTION::影中之水香氛润肤乳,HAS_PRODUCT,ScentConcept,Product,retire_direct_semantic_product_edge,,,,"Schema v1 attaches note/profile/accord semantics to ScentIdentity, not directly to ProductConcept."
scent_concept:玫瑰,product:CANDLERO1500::超大号香氛蜡烛玫瑰,HAS_PRODUCT,ScentConcept,Product,retire_direct_semantic_product_edge,,,,"Schema v1 attaches note/profile/accord semantics to ScentIdentity, not directly to ProductConcept."
scent_concept:玫瑰,product:CANDLERO300::中号香氛蜡烛玫瑰,HAS_PRODUCT,ScentConcept,Product,retire_direct_semantic_product_edge,,,,"Schema v1 attaches note/profile/accord semantics to ScentIdentity, not directly to ProductConcept."
scent_concept:玫瑰,product:CANDLEROSE600::大号香氛蜡烛玫瑰,HAS_PRODUCT,ScentConcept,Product,retire_direct_semantic_product_edge,,,,"Schema v1 attaches note/profile/accord semantics to ScentIdentity, not directly to ProductConcept."
scent_concept:玫瑰,product:CANDLEROSE::迷你香氛蜡烛玫瑰,HAS_PRODUCT,ScentConcept,Product,retire_direct_semantic_product_edge,,,,"Schema v1 attaches note/profile/accord semantics to ScentIdentity, not directly to ProductConcept."
scent_concept:玫瑰,product:CANDLEROSE::香氛蜡烛玫瑰,HAS_PRODUCT,ScentConcept,Product,retire_direct_semantic_product_edge,,,,"Schema v1 attaches note/profile/accord semantics to ScentIdentity, not directly to ProductConcept."
scent_concept:玫瑰,product:CAPSULES4::玫瑰扩香器香氛补充包,HAS_PRODUCT,ScentConcept,Product,retire_direct_semantic_product_edge,,,,"Schema v1 attaches note/profile/accord semantics to ScentIdentity, not directly to ProductConcept."
scent_concept:玫瑰,product:EDPCAPITAP75C::巴黎之水淡香精,HAS_PRODUCT,ScentConcept,Product,retire_direct_semantic_product_edge,,,,"Schema v1 attaches note/profile/accord semantics to ScentIdentity, not directly to ProductConcept."
scent_concept:玫瑰,product:EDPCORAIL100::暗影珊瑚淡香精,HAS_PRODUCT,ScentConcept,Product,retire_direct_semantic_product_edge,,,,"Schema v1 attaches note/profile/accord semantics to ScentIdentity, not directly to ProductConcept."
scent_concept:玫瑰,product:EDPMINTP75C::曼特淡香精,HAS_PRODUCT,ScentConcept,Product,retire_direct_semantic_product_edge,,,,"Schema v1 attaches note/profile/accord semantics to ScentIdentity, not directly to ProductConcept."
scent_concept:玫瑰,product:EDPOMBREP75C::影中之水淡香精,HAS_PRODUCT,ScentConcept,Product,retire_direct_semantic_product_edge,,,,"Schema v1 attaches note/profile/accord semantics to ScentIdentity, not directly to ProductConcept."
scent_concept:玫瑰,product:EDPROSEP75C::玫瑰香调淡香精,HAS_PRODUCT,ScentConcept,Product,retire_direct_semantic_product_edge,,,,"Schema v1 attaches note/profile/accord semantics to ScentIdentity, not directly to ProductConcept."
scent_concept:玫瑰,product:EDPROSEROC100::沙漠玫瑰淡香精,HAS_PRODUCT,ScentConcept,Product,retire_direct_semantic_product_edge,,,,"Schema v1 attaches note/profile/accord semantics to ScentIdentity, not directly to ProductConcept."
scent_concept:玫瑰,product:EDPVETYP75C::维堤里欧淡香精,HAS_PRODUCT,ScentConcept,Product,retire_direct_semantic_product_edge,,,,"Schema v1 attaches note/profile/accord semantics to ScentIdentity, not directly to ProductConcept."
scent_concept:玫瑰,product:EDT34B::圣日尔曼大道34号淡香水,HAS_PRODUCT,ScentConcept,Product,retire_direct_semantic_product_edge,,,,"Schema v1 attaches note/profile/accord semantics to ScentIdentity, not directly to ProductConcept."
scent_concept:玫瑰,product:EDTOMBRE::影中之水淡香水,HAS_PRODUCT,ScentConcept,Product,retire_direct_semantic_product_edge,,,,"Schema v1 attaches note/profile/accord semantics to ScentIdentity, not directly to ProductConcept."
scent_concept:玫瑰,product:EDTROSE::玫瑰香调淡香水,HAS_PRODUCT,ScentConcept,Product,retire_direct_semantic_product_edge,,,,"Schema v1 attaches note/profile/accord semantics to ScentIdentity, not directly to ProductConcept."
scent_concept:玫瑰,product:EDTVETY::维堤里欧淡香水,HAS_PRODUCT,ScentConcept,Product,retire_direct_semantic_product_edge,,,,"Schema v1 attaches note/profile/accord semantics to ScentIdentity, not directly to ProductConcept."
scent_concept:玫瑰,product:HAIRMIST1::巴黎之水发香喷雾,HAS_PRODUCT,ScentConcept,Product,retire_direct_semantic_product_edge,,,,"Schema v1 attaches note/profile/accord semantics to ScentIdentity, not directly to ProductConcept."
scent_concept:玫瑰,product:HAIRMIST3::玫瑰香调发香喷雾,HAS_PRODUCT,ScentConcept,Product,retire_direct_semantic_product_edge,,,,"Schema v1 attaches note/profile/accord semantics to ScentIdentity, not directly to ProductConcept."
scent_concept:玫瑰,product:HANDCRE1::玫瑰香调护手霜,HAS_PRODUCT,ScentConcept,Product,retire_direct_semantic_product_edge,,,,"Schema v1 attaches note/profile/accord semantics to ScentIdentity, not directly to ProductConcept."
scent_concept:玫瑰,product:HANDCRE3::巴黎之水护手霜,HAS_PRODUCT,ScentConcept,Product,retire_direct_semantic_product_edge,,,,"Schema v1 attaches note/profile/accord semantics to ScentIdentity, not directly to ProductConcept."
scent_concept:玫瑰,product:HOMECARDIF4::玫瑰车载扩香器香氛套装,HAS_PRODUCT,ScentConcept,Product,retire_direct_semantic_product_edge,,,,"Schema v1 attaches note/profile/accord semantics to ScentIdentity, not directly to ProductConcept."
scent_concept:玫瑰,product:HOMECARDIF6::玫瑰室内喷雾,HAS_PRODUCT,ScentConcept,Product,retire_direct_semantic_product_edge,,,,"Schema v1 attaches note/profile/accord semantics to ScentIdentity, not directly to ProductConcept."
scent_concept:玫瑰,product:HOMEHGFOCARB2C::玫瑰扩香精,HAS_PRODUCT,ScentConcept,Product,retire_direct_semantic_product_edge,,,,"Schema v1 attaches note/profile/accord semantics to ScentIdentity, not directly to ProductConcept."
scent_concept:玫瑰,product:HOMEHGFOCARB2L::玫瑰扩香精补充瓶,HAS_PRODUCT,ScentConcept,Product,retire_direct_semantic_product_edge,,,,"Schema v1 attaches note/profile/accord semantics to ScentIdentity, not directly to ProductConcept."
scent_concept:玫瑰,product:HOMEREEDDIFRO::玫瑰室内扩香摆件补充装,HAS_PRODUCT,ScentConcept,Product,retire_direct_semantic_product_edge,,,,"Schema v1 attaches note/profile/accord semantics to ScentIdentity, not directly to ProductConcept."
scent_concept:玫瑰,product:HOMEREEDREFILL200H::玫瑰香调香氛皂,HAS_PRODUCT,ScentConcept,Product,retire_direct_semantic_product_edge,,,,"Schema v1 attaches note/profile/accord semantics to ScentIdentity, not directly to ProductConcept."
scent_concept:玫瑰,product:HOMERSP4::玫瑰香调固体香膏,HAS_PRODUCT,ScentConcept,Product,retire_direct_semantic_product_edge,,,,"Schema v1 attaches note/profile/accord semantics to ScentIdentity, not directly to ProductConcept."
scent_concept:玫瑰,product:HOMESCO4::玫瑰室内香氛蜡,HAS_PRODUCT,ScentConcept,Product,retire_direct_semantic_product_edge,,,,"Schema v1 attaches note/profile/accord semantics to ScentIdentity, not directly to ProductConcept."
scent_concept:玫瑰,product:SOLIDPERFUME5::玫瑰香调香膏补充装,HAS_PRODUCT,ScentConcept,Product,retire_direct_semantic_product_edge,,,,"Schema v1 attaches note/profile/accord semantics to ScentIdentity, not directly to ProductConcept."
scent_concept:玫瑰天竺葵,product:CANDLEGR1::香氛蜡烛玫瑰天竺葵,HAS_PRODUCT,ScentConcept,Product,retire_direct_semantic_product_edge,,,,"Schema v1 attaches note/profile/accord semantics to ScentIdentity, not directly to ProductConcept."
scent_concept:玫瑰浆果,product:EDPCAPITAP75C::巴黎之水淡香精,HAS_PRODUCT,ScentConcept,Product,retire_direct_semantic_product_edge,,,,"Schema v1 attaches note/profile/accord semantics to ScentIdentity, not directly to ProductConcept."
scent_concept:琥珀,product:CANDLEAB::迷你香氛蜡烛琥珀,HAS_PRODUCT,ScentConcept,Product,retire_direct_semantic_product_edge,,,,"Schema v1 attaches note/profile/accord semantics to ScentIdentity, not directly to ProductConcept."
scent_concept:琥珀,product:CANDLEAB::香氛蜡烛琥珀,HAS_PRODUCT,ScentConcept,Product,retire_direct_semantic_product_edge,,,,"Schema v1 attaches note/profile/accord semantics to ScentIdentity, not directly to ProductConcept."
scent_concept:琥珀,product:CANDLEABA2::中号香氛蜡烛琥珀,HAS_PRODUCT,ScentConcept,Product,retire_direct_semantic_product_edge,,,,"Schema v1 attaches note/profile/accord semantics to ScentIdentity, not directly to ProductConcept."
scent_concept:琥珀,product:CANDLEAMB1500::超大号香氛蜡烛琥珀,HAS_PRODUCT,ScentConcept,Product,retire_direct_semantic_product_edge,,,,"Schema v1 attaches note/profile/accord semantics to ScentIdentity, not directly to ProductConcept."
scent_concept:琥珀,product:CANDLETAPCDLB1B::琥珀烛台香氛蜡烛,HAS_PRODUCT,ScentConcept,Product,retire_direct_semantic_product_edge,,,,"Schema v1 attaches note/profile/accord semantics to ScentIdentity, not directly to ProductConcept."
scent_concept:琥珀,product:CAPSULES::琥珀电子扩香器香氛补充包,HAS_PRODUCT,ScentConcept,Product,retire_direct_semantic_product_edge,,,,"Schema v1 attaches note/profile/accord semantics to ScentIdentity, not directly to ProductConcept."
scent_concept:琥珀,product:EDT34B::圣日尔曼大道34号淡香水,HAS_PRODUCT,ScentConcept,Product,retire_direct_semantic_product_edge,,,,"Schema v1 attaches note/profile/accord semantics to ScentIdentity, not directly to ProductConcept."
scent_concept:琥珀,product:HOMERSP::琥珀室内喷雾,HAS_PRODUCT,ScentConcept,Product,retire_direct_semantic_product_edge,,,,"Schema v1 attaches note/profile/accord semantics to ScentIdentity, not directly to ProductConcept."
scent_concept:琥珀,product:concept::家居香氛::室内扩香摆件::琥珀室内扩香摆件补充瓶,HAS_PRODUCT,ScentConcept,Product,retire_direct_semantic_product_edge,,,,"Schema v1 attaches note/profile/accord semantics to ScentIdentity, not directly to ProductConcept."
scent_concept:琥珀木质香,product:EDPPREM06100::宝石之眼淡香精,HAS_PRODUCT,ScentConcept,Product,retire_direct_semantic_product_edge,,,,"Schema v1 attaches note/profile/accord semantics to ScentIdentity, not directly to ProductConcept."
scent_concept:生姜,product:CAPSULES3::生姜扩香器香氛补充包,HAS_PRODUCT,ScentConcept,Product,retire_direct_semantic_product_edge,,,,"Schema v1 attaches note/profile/accord semantics to ScentIdentity, not directly to ProductConcept."
scent_concept:生姜,product:EDTEAU100V1::永恒之水淡香水,HAS_PRODUCT,ScentConcept,Product,retire_direct_semantic_product_edge,,,,"Schema v1 attaches note/profile/accord semantics to ScentIdentity, not directly to ProductConcept."
scent_concept:生姜,product:EDTMOHE100V1::依兰香调淡香水,HAS_PRODUCT,ScentConcept,Product,retire_direct_semantic_product_edge,,,,"Schema v1 attaches note/profile/accord semantics to ScentIdentity, not directly to ProductConcept."
scent_concept:生姜,product:HOMEHGFOCARB2F::生姜扩香精,HAS_PRODUCT,ScentConcept,Product,retire_direct_semantic_product_edge,,,,"Schema v1 attaches note/profile/accord semantics to ScentIdentity, not directly to ProductConcept."
scent_concept:生姜,product:HOMERSP2::生姜室内喷雾,HAS_PRODUCT,ScentConcept,Product,retire_direct_semantic_product_edge,,,,"Schema v1 attaches note/profile/accord semantics to ScentIdentity, not directly to ProductConcept."
scent_concept:生姜,product:HOMERSP7::生姜扩香精补充瓶,HAS_PRODUCT,ScentConcept,Product,retire_direct_semantic_product_edge,,,,"Schema v1 attaches note/profile/accord semantics to ScentIdentity, not directly to ProductConcept."
scent_concept:白小苍兰,product:EDTOFRESIA100V1::小苍兰香调淡香水,HAS_PRODUCT,ScentConcept,Product,retire_direct_semantic_product_edge,,,,"Schema v1 attaches note/profile/accord semantics to ScentIdentity, not directly to ProductConcept."
scent_concept:白松香,product:EDTLIERRE::利埃尔淡香水,HAS_PRODUCT,ScentConcept,Product,retire_direct_semantic_product_edge,,,,"Schema v1 attaches note/profile/accord semantics to ScentIdentity, not directly to ProductConcept."
scent_concept:白茶,product:CANDLEPCA005::时光幽谷,HAS_PRODUCT,ScentConcept,Product,retire_direct_semantic_product_edge,,,,"Schema v1 attaches note/profile/accord semantics to ScentIdentity, not directly to ProductConcept."
scent_concept:白茶,product:CANDLEPCA005::时光幽谷香氛蜡烛补充装,HAS_PRODUCT,ScentConcept,Product,retire_direct_semantic_product_edge,,,,"Schema v1 attaches note/profile/accord semantics to ScentIdentity, not directly to ProductConcept."
scent_concept:白陶土,product:CANDLEPCA002::流金大地,HAS_PRODUCT,ScentConcept,Product,retire_direct_semantic_product_edge,,,,"Schema v1 attaches note/profile/accord semantics to ScentIdentity, not directly to ProductConcept."
scent_concept:百里香,product:EDTOYEDO::东京淡香水,HAS_PRODUCT,ScentConcept,Product,retire_direct_semantic_product_edge,,,,"Schema v1 attaches note/profile/accord semantics to ScentIdentity, not directly to ProductConcept."
scent_concept:皮革,product:EDPMEASTP75C::旅行之水淡香精,HAS_PRODUCT,ScentConcept,Product,retire_direct_semantic_product_edge,,,,"Schema v1 attaches note/profile/accord semantics to ScentIdentity, not directly to ProductConcept."
scent_concept:秘鲁香脂,product:EDPBOHEMEP75C::波西米亚安息香淡香精,HAS_PRODUCT,ScentConcept,Product,retire_direct_semantic_product_edge,,,,"Schema v1 attaches note/profile/accord semantics to ScentIdentity, not directly to ProductConcept."
scent_concept:秘鲁香脂,product:EDPNABATIP75C::天堂花园之水淡香精,HAS_PRODUCT,ScentConcept,Product,retire_direct_semantic_product_edge,,,,"Schema v1 attaches note/profile/accord semantics to ScentIdentity, not directly to ProductConcept."
scent_concept:粉红胡椒,product:BODYGEL3::肌肤之花洁肤露,HAS_PRODUCT,ScentConcept,Product,retire_direct_semantic_product_edge,,,,"Schema v1 attaches note/profile/accord semantics to ScentIdentity, not directly to ProductConcept."
scent_concept:粉红胡椒,product:DIPXM25LARGEEDPFL::典藏版肌肤之花淡香精,HAS_PRODUCT,ScentConcept,Product,retire_direct_semantic_product_edge,,,,"Schema v1 attaches note/profile/accord semantics to ScentIdentity, not directly to ProductConcept."
scent_concept:粉红胡椒,product:EDP34BEDP75::圣日尔曼大道34号淡香精,HAS_PRODUCT,ScentConcept,Product,retire_direct_semantic_product_edge,,,,"Schema v1 attaches note/profile/accord semantics to ScentIdentity, not directly to ProductConcept."
scent_concept:粉红胡椒,product:EDPDUELLEP75C::杜耶尔淡香精,HAS_PRODUCT,ScentConcept,Product,retire_direct_semantic_product_edge,,,,"Schema v1 attaches note/profile/accord semantics to ScentIdentity, not directly to ProductConcept."
scent_concept:粉红胡椒,product:EDPFLEURP75C::肌肤之花淡香精,HAS_PRODUCT,ScentConcept,Product,retire_direct_semantic_product_edge,,,,"Schema v1 attaches note/profile/accord semantics to ScentIdentity, not directly to ProductConcept."
scent_concept:粉红胡椒,product:EDPLUNAMAR100::潮汐月影淡香精,HAS_PRODUCT,ScentConcept,Product,retire_direct_semantic_product_edge,,,,"Schema v1 attaches note/profile/accord semantics to ScentIdentity, not directly to ProductConcept."
scent_concept:粉红胡椒,product:EDTDUELLE::杜耶尔淡香水,HAS_PRODUCT,ScentConcept,Product,retire_direct_semantic_product_edge,,,,"Schema v1 attaches note/profile/accord semantics to ScentIdentity, not directly to ProductConcept."
scent_concept:粉红胡椒,product:EDTLIERRE::利埃尔淡香水,HAS_PRODUCT,ScentConcept,Product,retire_direct_semantic_product_edge,,,,"Schema v1 attaches note/profile/accord semantics to ScentIdentity, not directly to ProductConcept."
scent_concept:粉红胡椒,product:EDTMOHE100V1::依兰香调淡香水,HAS_PRODUCT,ScentConcept,Product,retire_direct_semantic_product_edge,,,,"Schema v1 attaches note/profile/accord semantics to ScentIdentity, not directly to ProductConcept."
scent_concept:粉红胡椒,product:HAIRMIST::肌肤之花发香喷雾,HAS_PRODUCT,ScentConcept,Product,retire_direct_semantic_product_edge,,,,"Schema v1 attaches note/profile/accord semantics to ScentIdentity, not directly to ProductConcept."
scent_concept:粉红胡椒,product:SOLIDPERFUME1::肌肤之花香膏,HAS_PRODUCT,ScentConcept,Product,retire_direct_semantic_product_edge,,,,"Schema v1 attaches note/profile/accord semantics to ScentIdentity, not directly to ProductConcept."
scent_concept:粉红胡椒,product:SOLIDPERFUME8::肌肤之花香膏补充装,HAS_PRODUCT,ScentConcept,Product,retire_direct_semantic_product_edge,,,,"Schema v1 attaches note/profile/accord semantics to ScentIdentity, not directly to ProductConcept."
scent_concept:粉红胡椒,product:concept::身体护理::润肤乳::肌肤之花润肤乳,HAS_PRODUCT,ScentConcept,Product,retire_direct_semantic_product_edge,,,,"Schema v1 attaches note/profile/accord semantics to ScentIdentity, not directly to ProductConcept."
scent_concept:紫檀木,product:EDTLIERRE::利埃尔淡香水,HAS_PRODUCT,ScentConcept,Product,retire_direct_semantic_product_edge,,,,"Schema v1 attaches note/profile/accord semantics to ScentIdentity, not directly to ProductConcept."
scent_concept:紫罗兰叶,product:EDPLILYPHEA100::睡莲悠悠淡香精,HAS_PRODUCT,ScentConcept,Product,retire_direct_semantic_product_edge,,,,"Schema v1 attaches note/profile/accord semantics to ScentIdentity, not directly to ProductConcept."
scent_concept:紫罗兰叶,product:EDPTEMPOP75C::旋律淡香精,HAS_PRODUCT,ScentConcept,Product,retire_direct_semantic_product_edge,,,,"Schema v1 attaches note/profile/accord semantics to ScentIdentity, not directly to ProductConcept."
scent_concept:紫藤,product:EDTOLENE::奥利恩淡香水,HAS_PRODUCT,ScentConcept,Product,retire_direct_semantic_product_edge,,,,"Schema v1 attaches note/profile/accord semantics to ScentIdentity, not directly to ProductConcept."
scent_concept:红柑,product:EDTLENTE100V1::沉静之水淡香水,HAS_PRODUCT,ScentConcept,Product,retire_direct_semantic_product_edge,,,,"Schema v1 attaches note/profile/accord semantics to ScentIdentity, not directly to ProductConcept."
scent_concept:红没药,product:EDPVOLUTEP75C::维路德淡香精,HAS_PRODUCT,ScentConcept,Product,retire_direct_semantic_product_edge,,,,"Schema v1 attaches note/profile/accord semantics to ScentIdentity, not directly to ProductConcept."
scent_concept:红没药,product:EDTLENTE100V1::沉静之水淡香水,HAS_PRODUCT,ScentConcept,Product,retire_direct_semantic_product_edge,,,,"Schema v1 attaches note/profile/accord semantics to ScentIdentity, not directly to ProductConcept."
scent_concept:肉桂,product:EDPVOLUTEP75C::维路德淡香精,HAS_PRODUCT,ScentConcept,Product,retire_direct_semantic_product_edge,,,,"Schema v1 attaches note/profile/accord semantics to ScentIdentity, not directly to ProductConcept."
scent_concept:肉桂,product:EDT34B::圣日尔曼大道34号淡香水,HAS_PRODUCT,ScentConcept,Product,retire_direct_semantic_product_edge,,,,"Schema v1 attaches note/profile/accord semantics to ScentIdentity, not directly to ProductConcept."
scent_concept:肉桂,product:EDTEAU100V1::永恒之水淡香水,HAS_PRODUCT,ScentConcept,Product,retire_direct_semantic_product_edge,,,,"Schema v1 attaches note/profile/accord semantics to ScentIdentity, not directly to ProductConcept."
scent_concept:肉桂,product:EDTLENTE100V1::沉静之水淡香水,HAS_PRODUCT,ScentConcept,Product,retire_direct_semantic_product_edge,,,,"Schema v1 attaches note/profile/accord semantics to ScentIdentity, not directly to ProductConcept."
scent_concept:肉豆蔻,product:EDTAUTRE100V1::别样淡香水,HAS_PRODUCT,ScentConcept,Product,retire_direct_semantic_product_edge,,,,"Schema v1 attaches note/profile/accord semantics to ScentIdentity, not directly to ProductConcept."
scent_concept:苔藓,product:CANDLEPCA001::青苔禅寺,HAS_PRODUCT,ScentConcept,Product,retire_direct_semantic_product_edge,,,,"Schema v1 attaches note/profile/accord semantics to ScentIdentity, not directly to ProductConcept."
scent_concept:苔藓,product:CANDLEPCA001::青苔禅寺香氛蜡烛补充装,HAS_PRODUCT,ScentConcept,Product,retire_direct_semantic_product_edge,,,,"Schema v1 attaches note/profile/accord semantics to ScentIdentity, not directly to ProductConcept."
scent_concept:苦橙,product:EDTHESP100V1::海丝佩拉蒂淡香水,HAS_PRODUCT,ScentConcept,Product,retire_direct_semantic_product_edge,,,,"Schema v1 attaches note/profile/accord semantics to ScentIdentity, not directly to ProductConcept."
scent_concept:苦橙叶,product:BODYOMBBGEL::影中之水香氛洁肤露,HAS_PRODUCT,ScentConcept,Product,retire_direct_semantic_product_edge,,,,"Schema v1 attaches note/profile/accord semantics to ScentIdentity, not directly to ProductConcept."
scent_concept:苦橙叶,product:BODYOMBBLOTION::影中之水香氛润肤乳,HAS_PRODUCT,ScentConcept,Product,retire_direct_semantic_product_edge,,,,"Schema v1 attaches note/profile/accord semantics to ScentIdentity, not directly to ProductConcept."
scent_concept:苦橙叶,product:EDPNABATIP75C::天堂花园之水淡香精,HAS_PRODUCT,ScentConcept,Product,retire_direct_semantic_product_edge,,,,"Schema v1 attaches note/profile/accord semantics to ScentIdentity, not directly to ProductConcept."
scent_concept:苦橙叶,product:EDPOMBREP75C::影中之水淡香精,HAS_PRODUCT,ScentConcept,Product,retire_direct_semantic_product_edge,,,,"Schema v1 attaches note/profile/accord semantics to ScentIdentity, not directly to ProductConcept."
scent_concept:苦橙叶,product:EDTOMBRE::影中之水淡香水,HAS_PRODUCT,ScentConcept,Product,retire_direct_semantic_product_edge,,,,"Schema v1 attaches note/profile/accord semantics to ScentIdentity, not directly to ProductConcept."
scent_concept:茉莉,product:BODYGEL2::奥费恩洁肤露,HAS_PRODUCT,ScentConcept,Product,retire_direct_semantic_product_edge,,,,"Schema v1 attaches note/profile/accord semantics to ScentIdentity, not directly to ProductConcept."
scent_concept:茉莉,product:BODYLOTIONS1::杜桑香氛润肤乳,HAS_PRODUCT,ScentConcept,Product,retire_direct_semantic_product_edge,,,,"Schema v1 attaches note/profile/accord semantics to ScentIdentity, not directly to ProductConcept."
scent_concept:茉莉,product:BODYOIL::杜桑柔肤沐浴油,HAS_PRODUCT,ScentConcept,Product,retire_direct_semantic_product_edge,,,,"Schema v1 attaches note/profile/accord semantics to ScentIdentity, not directly to ProductConcept."
scent_concept:茉莉,product:BODYORPHBLOTION::奥费恩香调润肤乳,HAS_PRODUCT,ScentConcept,Product,retire_direct_semantic_product_edge,,,,"Schema v1 attaches note/profile/accord semantics to ScentIdentity, not directly to ProductConcept."
scent_concept:茉莉,product:CANDLEPCA003::梦幻雨林,HAS_PRODUCT,ScentConcept,Product,retire_direct_semantic_product_edge,,,,"Schema v1 attaches note/profile/accord semantics to ScentIdentity, not directly to ProductConcept."
scent_concept:茉莉,product:CANDLEPCA003::梦幻雨林香氛蜡烛补充装,HAS_PRODUCT,ScentConcept,Product,retire_direct_semantic_product_edge,,,,"Schema v1 attaches note/profile/accord semantics to ScentIdentity, not directly to ProductConcept."
scent_concept:茉莉,product:CANDLEPCA004::曼妙庄园,HAS_PRODUCT,ScentConcept,Product,retire_direct_semantic_product_edge,,,,"Schema v1 attaches note/profile/accord semantics to ScentIdentity, not directly to ProductConcept."
scent_concept:茉莉,product:CANDLEPCA004::曼妙庄园香氛蜡烛补充装,HAS_PRODUCT,ScentConcept,Product,retire_direct_semantic_product_edge,,,,"Schema v1 attaches note/profile/accord semantics to ScentIdentity, not directly to ProductConcept."
scent_concept:茉莉,product:CANDLEPCA005::时光幽谷,HAS_PRODUCT,ScentConcept,Product,retire_direct_semantic_product_edge,,,,"Schema v1 attaches note/profile/accord semantics to ScentIdentity, not directly to ProductConcept."
scent_concept:茉莉,product:CANDLEPCA005::时光幽谷香氛蜡烛补充装,HAS_PRODUCT,ScentConcept,Product,retire_direct_semantic_product_edge,,,,"Schema v1 attaches note/profile/accord semantics to ScentIdentity, not directly to ProductConcept."
scent_concept:茉莉,product:DIPXM25LARGEEDPOR::典藏版奥费恩淡香精,HAS_PRODUCT,ScentConcept,Product,retire_direct_semantic_product_edge,,,,"Schema v1 attaches note/profile/accord semantics to ScentIdentity, not directly to ProductConcept."
scent_concept:茉莉,product:EDPDOSONP75C::杜桑淡香精,HAS_PRODUCT,ScentConcept,Product,retire_direct_semantic_product_edge,,,,"Schema v1 attaches note/profile/accord semantics to ScentIdentity, not directly to ProductConcept."
scent_concept:茉莉,product:EDTDOSON::杜桑淡香水,HAS_PRODUCT,ScentConcept,Product,retire_direct_semantic_product_edge,,,,"Schema v1 attaches note/profile/accord semantics to ScentIdentity, not directly to ProductConcept."
scent_concept:茉莉,product:EDTOLENE::奥利恩淡香水,HAS_PRODUCT,ScentConcept,Product,retire_direct_semantic_product_edge,,,,"Schema v1 attaches note/profile/accord semantics to ScentIdentity, not directly to ProductConcept."
scent_concept:茉莉,product:HAIRMIST4::杜桑发香喷雾,HAS_PRODUCT,ScentConcept,Product,retire_direct_semantic_product_edge,,,,"Schema v1 attaches note/profile/accord semantics to ScentIdentity, not directly to ProductConcept."
scent_concept:茉莉,product:HAIRORPHHMIST::奥费恩发香喷雾,HAS_PRODUCT,ScentConcept,Product,retire_direct_semantic_product_edge,,,,"Schema v1 attaches note/profile/accord semantics to ScentIdentity, not directly to ProductConcept."
scent_concept:茉莉,product:HANDCRE2::杜桑护手霜,HAS_PRODUCT,ScentConcept,Product,retire_direct_semantic_product_edge,,,,"Schema v1 attaches note/profile/accord semantics to ScentIdentity, not directly to ProductConcept."
scent_concept:茉莉,product:HANDORPHHCREAM::奥费恩香氛护手霜,HAS_PRODUCT,ScentConcept,Product,retire_direct_semantic_product_edge,,,,"Schema v1 attaches note/profile/accord semantics to ScentIdentity, not directly to ProductConcept."
scent_concept:茉莉,product:HOMEHGFOCARB2P::杜桑香氛皂,HAS_PRODUCT,ScentConcept,Product,retire_direct_semantic_product_edge,,,,"Schema v1 attaches note/profile/accord semantics to ScentIdentity, not directly to ProductConcept."
scent_concept:茉莉,product:HOMERSP5::杜桑固体香膏,HAS_PRODUCT,ScentConcept,Product,retire_direct_semantic_product_edge,,,,"Schema v1 attaches note/profile/accord semantics to ScentIdentity, not directly to ProductConcept."
scent_concept:茉莉,product:HOMERSP6::奥费恩固体香膏,HAS_PRODUCT,ScentConcept,Product,retire_direct_semantic_product_edge,,,,"Schema v1 attaches note/profile/accord semantics to ScentIdentity, not directly to ProductConcept."
scent_concept:茉莉,product:ORPHEON2022::奥费恩淡香精,HAS_PRODUCT,ScentConcept,Product,retire_direct_semantic_product_edge,,,,"Schema v1 attaches note/profile/accord semantics to ScentIdentity, not directly to ProductConcept."
scent_concept:茉莉,product:SOLIDPERFUME6::杜桑香膏补充装,HAS_PRODUCT,ScentConcept,Product,retire_direct_semantic_product_edge,,,,"Schema v1 attaches note/profile/accord semantics to ScentIdentity, not directly to ProductConcept."
scent_concept:茉莉,product:SOLIDPERFUME7::奥费恩香膏补充装,HAS_PRODUCT,ScentConcept,Product,retire_direct_semantic_product_edge,,,,"Schema v1 attaches note/profile/accord semantics to ScentIdentity, not directly to ProductConcept."
scent_concept:荔枝,product:BODYGEL5::玫瑰香氛洁肤露,HAS_PRODUCT,ScentConcept,Product,retire_direct_semantic_product_edge,,,,"Schema v1 attaches note/profile/accord semantics to ScentIdentity, not directly to ProductConcept."
scent_concept:荔枝,product:BODYLOTIONS::玫瑰香调润肤乳,HAS_PRODUCT,ScentConcept,Product,retire_direct_semantic_product_edge,,,,"Schema v1 attaches note/profile/accord semantics to ScentIdentity, not directly to ProductConcept."
scent_concept:荔枝,product:EDPROSEP75C::玫瑰香调淡香精,HAS_PRODUCT,ScentConcept,Product,retire_direct_semantic_product_edge,,,,"Schema v1 attaches note/profile/accord semantics to ScentIdentity, not directly to ProductConcept."
scent_concept:荔枝,product:EDTROSE::玫瑰香调淡香水,HAS_PRODUCT,ScentConcept,Product,retire_direct_semantic_product_edge,,,,"Schema v1 attaches note/profile/accord semantics to ScentIdentity, not directly to ProductConcept."
scent_concept:荔枝,product:HAIRMIST3::玫瑰香调发香喷雾,HAS_PRODUCT,ScentConcept,Product,retire_direct_semantic_product_edge,,,,"Schema v1 attaches note/profile/accord semantics to ScentIdentity, not directly to ProductConcept."
scent_concept:荔枝,product:HANDCRE1::玫瑰香调护手霜,HAS_PRODUCT,ScentConcept,Product,retire_direct_semantic_product_edge,,,,"Schema v1 attaches note/profile/accord semantics to ScentIdentity, not directly to ProductConcept."
scent_concept:荔枝,product:HOMEREEDREFILL200H::玫瑰香调香氛皂,HAS_PRODUCT,ScentConcept,Product,retire_direct_semantic_product_edge,,,,"Schema v1 attaches note/profile/accord semantics to ScentIdentity, not directly to ProductConcept."
scent_concept:荔枝,product:HOMERSP4::玫瑰香调固体香膏,HAS_PRODUCT,ScentConcept,Product,retire_direct_semantic_product_edge,,,,"Schema v1 attaches note/profile/accord semantics to ScentIdentity, not directly to ProductConcept."
scent_concept:荔枝,product:SOLIDPERFUME5::玫瑰香调香膏补充装,HAS_PRODUCT,ScentConcept,Product,retire_direct_semantic_product_edge,,,,"Schema v1 attaches note/profile/accord semantics to ScentIdentity, not directly to ProductConcept."
scent_concept:莎草,product:EDPDUELLEP75C::杜耶尔淡香精,HAS_PRODUCT,ScentConcept,Product,retire_direct_semantic_product_edge,,,,"Schema v1 attaches note/profile/accord semantics to ScentIdentity, not directly to ProductConcept."
scent_concept:莎草,product:EDTDUELLE::杜耶尔淡香水,HAS_PRODUCT,ScentConcept,Product,retire_direct_semantic_product_edge,,,,"Schema v1 attaches note/profile/accord semantics to ScentIdentity, not directly to ProductConcept."
scent_concept:菖蒲,product:EDTDUELLE::杜耶尔淡香水,HAS_PRODUCT,ScentConcept,Product,retire_direct_semantic_product_edge,,,,"Schema v1 attaches note/profile/accord semantics to ScentIdentity, not directly to ProductConcept."
scent_concept:葡萄柚,product:EDPVETYP75C::维堤里欧淡香精,HAS_PRODUCT,ScentConcept,Product,retire_direct_semantic_product_edge,,,,"Schema v1 attaches note/profile/accord semantics to ScentIdentity, not directly to ProductConcept."
scent_concept:葡萄柚,product:EDTVETY::维堤里欧淡香水,HAS_PRODUCT,ScentConcept,Product,retire_direct_semantic_product_edge,,,,"Schema v1 attaches note/profile/accord semantics to ScentIdentity, not directly to ProductConcept."
scent_concept:蒸稻米,product:BODYGEL4::纸上洁肤露,HAS_PRODUCT,ScentConcept,Product,retire_direct_semantic_product_edge,,,,"Schema v1 attaches note/profile/accord semantics to ScentIdentity, not directly to ProductConcept."
scent_concept:蒸稻米,product:EDTPAPIER::纸上淡香水,HAS_PRODUCT,ScentConcept,Product,retire_direct_semantic_product_edge,,,,"Schema v1 attaches note/profile/accord semantics to ScentIdentity, not directly to ProductConcept."
scent_concept:蒸稻米,product:HAIRMIST6::纸上发香喷雾,HAS_PRODUCT,ScentConcept,Product,retire_direct_semantic_product_edge,,,,"Schema v1 attaches note/profile/accord semantics to ScentIdentity, not directly to ProductConcept."
scent_concept:薄荷,product:EDPMINTP75C::曼特淡香精,HAS_PRODUCT,ScentConcept,Product,retire_direct_semantic_product_edge,,,,"Schema v1 attaches note/profile/accord semantics to ScentIdentity, not directly to ProductConcept."
scent_concept:薄荷,product:EDTHESP100V1::海丝佩拉蒂淡香水,HAS_PRODUCT,ScentConcept,Product,retire_direct_semantic_product_edge,,,,"Schema v1 attaches note/profile/accord semantics to ScentIdentity, not directly to ProductConcept."
scent_concept:蜂蜜,product:EDPVOLUTEP75C::维路德淡香精,HAS_PRODUCT,ScentConcept,Product,retire_direct_semantic_product_edge,,,,"Schema v1 attaches note/profile/accord semantics to ScentIdentity, not directly to ProductConcept."
scent_concept:蜂蜡,product:EDTNERO100V1::橙花香调淡香水,HAS_PRODUCT,ScentConcept,Product,retire_direct_semantic_product_edge,,,,"Schema v1 attaches note/profile/accord semantics to ScentIdentity, not directly to ProductConcept."
scent_concept:覆盆子,product:EDPMEASTP75C::旅行之水淡香精,HAS_PRODUCT,ScentConcept,Product,retire_direct_semantic_product_edge,,,,"Schema v1 attaches note/profile/accord semantics to ScentIdentity, not directly to ProductConcept."
scent_concept:覆盆子,product:EDTOYEDO::东京淡香水,HAS_PRODUCT,ScentConcept,Product,retire_direct_semantic_product_edge,,,,"Schema v1 attaches note/profile/accord semantics to ScentIdentity, not directly to ProductConcept."
scent_concept:迷迭香,product:EDTTROIS100V1::三重水淡香水,HAS_PRODUCT,ScentConcept,Product,retire_direct_semantic_product_edge,,,,"Schema v1 attaches note/profile/accord semantics to ScentIdentity, not directly to ProductConcept."
scent_concept:金银花,product:EDTOLENE::奥利恩淡香水,HAS_PRODUCT,ScentConcept,Product,retire_direct_semantic_product_edge,,,,"Schema v1 attaches note/profile/accord semantics to ScentIdentity, not directly to ProductConcept."
scent_concept:金黄木质,product:BODYGEL4::纸上洁肤露,HAS_PRODUCT,ScentConcept,Product,retire_direct_semantic_product_edge,,,,"Schema v1 attaches note/profile/accord semantics to ScentIdentity, not directly to ProductConcept."
scent_concept:金黄木质,product:EDTPAPIER::纸上淡香水,HAS_PRODUCT,ScentConcept,Product,retire_direct_semantic_product_edge,,,,"Schema v1 attaches note/profile/accord semantics to ScentIdentity, not directly to ProductConcept."
scent_concept:金黄木质,product:HAIRMIST6::纸上发香喷雾,HAS_PRODUCT,ScentConcept,Product,retire_direct_semantic_product_edge,,,,"Schema v1 attaches note/profile/accord semantics to ScentIdentity, not directly to ProductConcept."
scent_concept:阿拉比卡咖啡,product:EDPBOISCOR100::暖木之息淡香精,HAS_PRODUCT,ScentConcept,Product,retire_direct_semantic_product_edge,,,,"Schema v1 attaches note/profile/accord semantics to ScentIdentity, not directly to ProductConcept."
scent_concept:雪松,product:BODYGEL2::奥费恩洁肤露,HAS_PRODUCT,ScentConcept,Product,retire_direct_semantic_product_edge,,,,"Schema v1 attaches note/profile/accord semantics to ScentIdentity, not directly to ProductConcept."
scent_concept:雪松,product:BODYORPHBLOTION::奥费恩香调润肤乳,HAS_PRODUCT,ScentConcept,Product,retire_direct_semantic_product_edge,,,,"Schema v1 attaches note/profile/accord semantics to ScentIdentity, not directly to ProductConcept."
scent_concept:雪松,product:CANDLEPCA001::青苔禅寺,HAS_PRODUCT,ScentConcept,Product,retire_direct_semantic_product_edge,,,,"Schema v1 attaches note/profile/accord semantics to ScentIdentity, not directly to ProductConcept."
scent_concept:雪松,product:CANDLEPCA001::青苔禅寺香氛蜡烛补充装,HAS_PRODUCT,ScentConcept,Product,retire_direct_semantic_product_edge,,,,"Schema v1 attaches note/profile/accord semantics to ScentIdentity, not directly to ProductConcept."
scent_concept:雪松,product:CANDLEPCA002::流金大地,HAS_PRODUCT,ScentConcept,Product,retire_direct_semantic_product_edge,,,,"Schema v1 attaches note/profile/accord semantics to ScentIdentity, not directly to ProductConcept."
scent_concept:雪松,product:CANDLEPCA002::流金大地香氛蜡烛补充装,HAS_PRODUCT,ScentConcept,Product,retire_direct_semantic_product_edge,,,,"Schema v1 attaches note/profile/accord semantics to ScentIdentity, not directly to ProductConcept."
scent_concept:雪松,product:DIPXM25LARGEEDPOR::典藏版奥费恩淡香精,HAS_PRODUCT,ScentConcept,Product,retire_direct_semantic_product_edge,,,,"Schema v1 attaches note/profile/accord semantics to ScentIdentity, not directly to ProductConcept."
scent_concept:雪松,product:EDPMEASTP75C::旅行之水淡香精,HAS_PRODUCT,ScentConcept,Product,retire_direct_semantic_product_edge,,,,"Schema v1 attaches note/profile/accord semantics to ScentIdentity, not directly to ProductConcept."
scent_concept:雪松,product:EDPTAMDAOP75C::谭道淡香精,HAS_PRODUCT,ScentConcept,Product,retire_direct_semantic_product_edge,,,,"Schema v1 attaches note/profile/accord semantics to ScentIdentity, not directly to ProductConcept."
scent_concept:雪松,product:EDTLENTE100V1::沉静之水淡香水,HAS_PRODUCT,ScentConcept,Product,retire_direct_semantic_product_edge,,,,"Schema v1 attaches note/profile/accord semantics to ScentIdentity, not directly to ProductConcept."
scent_concept:雪松,product:EDTORPHEDT100::奥费恩淡香水,HAS_PRODUCT,ScentConcept,Product,retire_direct_semantic_product_edge,,,,"Schema v1 attaches note/profile/accord semantics to ScentIdentity, not directly to ProductConcept."
scent_concept:雪松,product:EDTTAMDAO::谭道淡香水,HAS_PRODUCT,ScentConcept,Product,retire_direct_semantic_product_edge,,,,"Schema v1 attaches note/profile/accord semantics to ScentIdentity, not directly to ProductConcept."
scent_concept:雪松,product:HAIRORPHHMIST::奥费恩发香喷雾,HAS_PRODUCT,ScentConcept,Product,retire_direct_semantic_product_edge,,,,"Schema v1 attaches note/profile/accord semantics to ScentIdentity, not directly to ProductConcept."
scent_concept:雪松,product:HANDORPHHCREAM::奥费恩香氛护手霜,HAS_PRODUCT,ScentConcept,Product,retire_direct_semantic_product_edge,,,,"Schema v1 attaches note/profile/accord semantics to ScentIdentity, not directly to ProductConcept."
scent_concept:雪松,product:HOMERSP6::奥费恩固体香膏,HAS_PRODUCT,ScentConcept,Product,retire_direct_semantic_product_edge,,,,"Schema v1 attaches note/profile/accord semantics to ScentIdentity, not directly to ProductConcept."
scent_concept:雪松,product:ORPHEON2022::奥费恩淡香精,HAS_PRODUCT,ScentConcept,Product,retire_direct_semantic_product_edge,,,,"Schema v1 attaches note/profile/accord semantics to ScentIdentity, not directly to ProductConcept."
scent_concept:雪松,product:SOLIDPERFUME7::奥费恩香膏补充装,HAS_PRODUCT,ScentConcept,Product,retire_direct_semantic_product_edge,,,,"Schema v1 attaches note/profile/accord semantics to ScentIdentity, not directly to ProductConcept."
scent_concept:零陵香豆,product:BODYGEL2::奥费恩洁肤露,HAS_PRODUCT,ScentConcept,Product,retire_direct_semantic_product_edge,,,,"Schema v1 attaches note/profile/accord semantics to ScentIdentity, not directly to ProductConcept."
scent_concept:零陵香豆,product:DIPXM25LARGEEDPOR::典藏版奥费恩淡香精,HAS_PRODUCT,ScentConcept,Product,retire_direct_semantic_product_edge,,,,"Schema v1 attaches note/profile/accord semantics to ScentIdentity, not directly to ProductConcept."
scent_concept:零陵香豆,product:EDTGERA100V1::天竺葵香调淡香水,HAS_PRODUCT,ScentConcept,Product,retire_direct_semantic_product_edge,,,,"Schema v1 attaches note/profile/accord semantics to ScentIdentity, not directly to ProductConcept."
scent_concept:零陵香豆,product:HOMERSP6::奥费恩固体香膏,HAS_PRODUCT,ScentConcept,Product,retire_direct_semantic_product_edge,,,,"Schema v1 attaches note/profile/accord semantics to ScentIdentity, not directly to ProductConcept."
scent_concept:零陵香豆,product:ORPHEON2022::奥费恩淡香精,HAS_PRODUCT,ScentConcept,Product,retire_direct_semantic_product_edge,,,,"Schema v1 attaches note/profile/accord semantics to ScentIdentity, not directly to ProductConcept."
scent_concept:零陵香豆,product:SOLIDPERFUME7::奥费恩香膏补充装,HAS_PRODUCT,ScentConcept,Product,retire_direct_semantic_product_edge,,,,"Schema v1 attaches note/profile/accord semantics to ScentIdentity, not directly to ProductConcept."
scent_concept:青柑,product:EDTOYEDO::东京淡香水,HAS_PRODUCT,ScentConcept,Product,retire_direct_semantic_product_edge,,,,"Schema v1 attaches note/profile/accord semantics to ScentIdentity, not directly to ProductConcept."
scent_concept:青橘,product:EDTORPHEDT100::奥费恩淡香水,HAS_PRODUCT,ScentConcept,Product,retire_direct_semantic_product_edge,,,,"Schema v1 attaches note/profile/accord semantics to ScentIdentity, not directly to ProductConcept."
scent_concept:香根草,product:EDPVETYP75C::维堤里欧淡香精,HAS_PRODUCT,ScentConcept,Product,retire_direct_semantic_product_edge,,,,"Schema v1 attaches note/profile/accord semantics to ScentIdentity, not directly to ProductConcept."
scent_concept:香根草,product:EDTGERA100V1::天竺葵香调淡香水,HAS_PRODUCT,ScentConcept,Product,retire_direct_semantic_product_edge,,,,"Schema v1 attaches note/profile/accord semantics to ScentIdentity, not directly to ProductConcept."
scent_concept:香根草,product:EDTMOHE100V1::依兰香调淡香水,HAS_PRODUCT,ScentConcept,Product,retire_direct_semantic_product_edge,,,,"Schema v1 attaches note/profile/accord semantics to ScentIdentity, not directly to ProductConcept."
scent_concept:香根草,product:EDTVETY::维堤里欧淡香水,HAS_PRODUCT,ScentConcept,Product,retire_direct_semantic_product_edge,,,,"Schema v1 attaches note/profile/accord semantics to ScentIdentity, not directly to ProductConcept."
scent_concept:香桃木,product:EDTTAMDAO::谭道淡香水,HAS_PRODUCT,ScentConcept,Product,retire_direct_semantic_product_edge,,,,"Schema v1 attaches note/profile/accord semantics to ScentIdentity, not directly to ProductConcept."
scent_concept:香芹籽,product:EDTAUTRE100V1::别样淡香水,HAS_PRODUCT,ScentConcept,Product,retire_direct_semantic_product_edge,,,,"Schema v1 attaches note/profile/accord semantics to ScentIdentity, not directly to ProductConcept."
scent_concept:香草,product:CANDLEPCA003::梦幻雨林,HAS_PRODUCT,ScentConcept,Product,retire_direct_semantic_product_edge,,,,"Schema v1 attaches note/profile/accord semantics to ScentIdentity, not directly to ProductConcept."
scent_concept:香草,product:CANDLEPCA003::梦幻雨林香氛蜡烛补充装,HAS_PRODUCT,ScentConcept,Product,retire_direct_semantic_product_edge,,,,"Schema v1 attaches note/profile/accord semantics to ScentIdentity, not directly to ProductConcept."
scent_concept:香草,product:EDP34BEDP75::圣日尔曼大道34号淡香精,HAS_PRODUCT,ScentConcept,Product,retire_direct_semantic_product_edge,,,,"Schema v1 attaches note/profile/accord semantics to ScentIdentity, not directly to ProductConcept."
scent_concept:香草,product:EDPDUELLEP75C::杜耶尔淡香精,HAS_PRODUCT,ScentConcept,Product,retire_direct_semantic_product_edge,,,,"Schema v1 attaches note/profile/accord semantics to ScentIdentity, not directly to ProductConcept."
scent_concept:香草,product:EDPLILYPHEA100::睡莲悠悠淡香精,HAS_PRODUCT,ScentConcept,Product,retire_direct_semantic_product_edge,,,,"Schema v1 attaches note/profile/accord semantics to ScentIdentity, not directly to ProductConcept."
scent_concept:香草,product:EDTDUELLE::杜耶尔淡香水,HAS_PRODUCT,ScentConcept,Product,retire_direct_semantic_product_edge,,,,"Schema v1 attaches note/profile/accord semantics to ScentIdentity, not directly to ProductConcept."
scent_concept:香菜,product:EDPTAMDAOP75C::谭道淡香精,HAS_PRODUCT,ScentConcept,Product,retire_direct_semantic_product_edge,,,,"Schema v1 attaches note/profile/accord semantics to ScentIdentity, not directly to ProductConcept."
scent_concept:香豆,product:BODYORPHBLOTION::奥费恩香调润肤乳,HAS_PRODUCT,ScentConcept,Product,retire_direct_semantic_product_edge,,,,"Schema v1 attaches note/profile/accord semantics to ScentIdentity, not directly to ProductConcept."
scent_concept:香豆,product:EDPBOISCOR100::暖木之息淡香精,HAS_PRODUCT,ScentConcept,Product,retire_direct_semantic_product_edge,,,,"Schema v1 attaches note/profile/accord semantics to ScentIdentity, not directly to ProductConcept."
scent_concept:香豆,product:HAIRORPHHMIST::奥费恩发香喷雾,HAS_PRODUCT,ScentConcept,Product,retire_direct_semantic_product_edge,,,,"Schema v1 attaches note/profile/accord semantics to ScentIdentity, not directly to ProductConcept."
scent_concept:香豆,product:HANDORPHHCREAM::奥费恩香氛护手霜,HAS_PRODUCT,ScentConcept,Product,retire_direct_semantic_product_edge,,,,"Schema v1 attaches note/profile/accord semantics to ScentIdentity, not directly to ProductConcept."
scent_concept:马黛茶,product:CANDLEPCA005::时光幽谷,HAS_PRODUCT,ScentConcept,Product,retire_direct_semantic_product_edge,,,,"Schema v1 attaches note/profile/accord semantics to ScentIdentity, not directly to ProductConcept."
scent_concept:马黛茶,product:CANDLEPCA005::时光幽谷香氛蜡烛补充装,HAS_PRODUCT,ScentConcept,Product,retire_direct_semantic_product_edge,,,,"Schema v1 attaches note/profile/accord semantics to ScentIdentity, not directly to ProductConcept."
scent_concept:马黛茶,product:EDPTEMPOP75C::旋律淡香精,HAS_PRODUCT,ScentConcept,Product,retire_direct_semantic_product_edge,,,,"Schema v1 attaches note/profile/accord semantics to ScentIdentity, not directly to ProductConcept."
scent_concept:鸢尾,product:BODYGEL3::肌肤之花洁肤露,HAS_PRODUCT,ScentConcept,Product,retire_direct_semantic_product_edge,,,,"Schema v1 attaches note/profile/accord semantics to ScentIdentity, not directly to ProductConcept."
scent_concept:鸢尾,product:CANDLEPCA004::曼妙庄园,HAS_PRODUCT,ScentConcept,Product,retire_direct_semantic_product_edge,,,,"Schema v1 attaches note/profile/accord semantics to ScentIdentity, not directly to ProductConcept."
scent_concept:鸢尾,product:CANDLEPCA004::曼妙庄园香氛蜡烛补充装,HAS_PRODUCT,ScentConcept,Product,retire_direct_semantic_product_edge,,,,"Schema v1 attaches note/profile/accord semantics to ScentIdentity, not directly to ProductConcept."
scent_concept:鸢尾,product:DIPXM25LARGEEDPFL::典藏版肌肤之花淡香精,HAS_PRODUCT,ScentConcept,Product,retire_direct_semantic_product_edge,,,,"Schema v1 attaches note/profile/accord semantics to ScentIdentity, not directly to ProductConcept."
scent_concept:鸢尾,product:EDPFLEURP75C::肌肤之花淡香精,HAS_PRODUCT,ScentConcept,Product,retire_direct_semantic_product_edge,,,,"Schema v1 attaches note/profile/accord semantics to ScentIdentity, not directly to ProductConcept."
scent_concept:鸢尾,product:EDPMEASTP75C::旅行之水淡香精,HAS_PRODUCT,ScentConcept,Product,retire_direct_semantic_product_edge,,,,"Schema v1 attaches note/profile/accord semantics to ScentIdentity, not directly to ProductConcept."
scent_concept:鸢尾,product:EDPVOLUTEP75C::维路德淡香精,HAS_PRODUCT,ScentConcept,Product,retire_direct_semantic_product_edge,,,,"Schema v1 attaches note/profile/accord semantics to ScentIdentity, not directly to ProductConcept."
scent_concept:鸢尾,product:EDTFLEUR::肌肤之花淡香水,HAS_PRODUCT,ScentConcept,Product,retire_direct_semantic_product_edge,,,,"Schema v1 attaches note/profile/accord semantics to ScentIdentity, not directly to ProductConcept."
scent_concept:鸢尾,product:HAIRMIST::肌肤之花发香喷雾,HAS_PRODUCT,ScentConcept,Product,retire_direct_semantic_product_edge,,,,"Schema v1 attaches note/profile/accord semantics to ScentIdentity, not directly to ProductConcept."
scent_concept:鸢尾,product:HANDCRE4::肌肤之花护手霜,HAS_PRODUCT,ScentConcept,Product,retire_direct_semantic_product_edge,,,,"Schema v1 attaches note/profile/accord semantics to ScentIdentity, not directly to ProductConcept."
scent_concept:鸢尾,product:SOLIDPERFUME1::肌肤之花香膏,HAS_PRODUCT,ScentConcept,Product,retire_direct_semantic_product_edge,,,,"Schema v1 attaches note/profile/accord semantics to ScentIdentity, not directly to ProductConcept."
scent_concept:鸢尾,product:SOLIDPERFUME8::肌肤之花香膏补充装,HAS_PRODUCT,ScentConcept,Product,retire_direct_semantic_product_edge,,,,"Schema v1 attaches note/profile/accord semantics to ScentIdentity, not directly to ProductConcept."
scent_concept:鸢尾,product:concept::身体护理::润肤乳::肌肤之花润肤乳,HAS_PRODUCT,ScentConcept,Product,retire_direct_semantic_product_edge,,,,"Schema v1 attaches note/profile/accord semantics to ScentIdentity, not directly to ProductConcept."
scent_concept:麝香,product:BODYGEL3::肌肤之花洁肤露,HAS_PRODUCT,ScentConcept,Product,retire_direct_semantic_product_edge,,,,"Schema v1 attaches note/profile/accord semantics to ScentIdentity, not directly to ProductConcept."
scent_concept:麝香,product:BODYGEL4::纸上洁肤露,HAS_PRODUCT,ScentConcept,Product,retire_direct_semantic_product_edge,,,,"Schema v1 attaches note/profile/accord semantics to ScentIdentity, not directly to ProductConcept."
scent_concept:麝香,product:DIPXM25LARGEEDPFL::典藏版肌肤之花淡香精,HAS_PRODUCT,ScentConcept,Product,retire_direct_semantic_product_edge,,,,"Schema v1 attaches note/profile/accord semantics to ScentIdentity, not directly to ProductConcept."
scent_concept:麝香,product:EDPFLEURP75C::肌肤之花淡香精,HAS_PRODUCT,ScentConcept,Product,retire_direct_semantic_product_edge,,,,"Schema v1 attaches note/profile/accord semantics to ScentIdentity, not directly to ProductConcept."
scent_concept:麝香,product:EDTFLEUR::肌肤之花淡香水,HAS_PRODUCT,ScentConcept,Product,retire_direct_semantic_product_edge,,,,"Schema v1 attaches note/profile/accord semantics to ScentIdentity, not directly to ProductConcept."
scent_concept:麝香,product:EDTPAPIER::纸上淡香水,HAS_PRODUCT,ScentConcept,Product,retire_direct_semantic_product_edge,,,,"Schema v1 attaches note/profile/accord semantics to ScentIdentity, not directly to ProductConcept."
scent_concept:麝香,product:HAIRMIST6::纸上发香喷雾,HAS_PRODUCT,ScentConcept,Product,retire_direct_semantic_product_edge,,,,"Schema v1 attaches note/profile/accord semantics to ScentIdentity, not directly to ProductConcept."
scent_concept:麝香,product:HAIRMIST::肌肤之花发香喷雾,HAS_PRODUCT,ScentConcept,Product,retire_direct_semantic_product_edge,,,,"Schema v1 attaches note/profile/accord semantics to ScentIdentity, not directly to ProductConcept."
scent_concept:麝香,product:HANDCRE4::肌肤之花护手霜,HAS_PRODUCT,ScentConcept,Product,retire_direct_semantic_product_edge,,,,"Schema v1 attaches note/profile/accord semantics to ScentIdentity, not directly to ProductConcept."
scent_concept:麝香,product:SOLIDPERFUME1::肌肤之花香膏,HAS_PRODUCT,ScentConcept,Product,retire_direct_semantic_product_edge,,,,"Schema v1 attaches note/profile/accord semantics to ScentIdentity, not directly to ProductConcept."
scent_concept:麝香,product:SOLIDPERFUME8::肌肤之花香膏补充装,HAS_PRODUCT,ScentConcept,Product,retire_direct_semantic_product_edge,,,,"Schema v1 attaches note/profile/accord semantics to ScentIdentity, not directly to ProductConcept."
scent_concept:麝香,product:concept::身体护理::润肤乳::肌肤之花润肤乳,HAS_PRODUCT,ScentConcept,Product,retire_direct_semantic_product_edge,,,,"Schema v1 attaches note/profile/accord semantics to ScentIdentity, not directly to ProductConcept."
scent_concept:麦麸,product:CANDLEPCA002::流金大地,HAS_PRODUCT,ScentConcept,Product,retire_direct_semantic_product_edge,,,,"Schema v1 attaches note/profile/accord semantics to ScentIdentity, not directly to ProductConcept."
scent_concept:麦麸,product:CANDLEPCA002::流金大地香氛蜡烛补充装,HAS_PRODUCT,ScentConcept,Product,retire_direct_semantic_product_edge,,,,"Schema v1 attaches note/profile/accord semantics to ScentIdentity, not directly to ProductConcept."
scent_concept:黄葵,product:DIPXM25LARGEEDPFL::典藏版肌肤之花淡香精,HAS_PRODUCT,ScentConcept,Product,retire_direct_semantic_product_edge,,,,"Schema v1 attaches note/profile/accord semantics to ScentIdentity, not directly to ProductConcept."
scent_concept:黄葵,product:SOLIDPERFUME1::肌肤之花香膏,HAS_PRODUCT,ScentConcept,Product,retire_direct_semantic_product_edge,,,,"Schema v1 attaches note/profile/accord semantics to ScentIdentity, not directly to ProductConcept."
scent_concept:黄葵,product:SOLIDPERFUME8::肌肤之花香膏补充装,HAS_PRODUCT,ScentConcept,Product,retire_direct_semantic_product_edge,,,,"Schema v1 attaches note/profile/accord semantics to ScentIdentity, not directly to ProductConcept."
scent_concept:黄葵籽,product:BODYGEL3::肌肤之花洁肤露,HAS_PRODUCT,ScentConcept,Product,retire_direct_semantic_product_edge,,,,"Schema v1 attaches note/profile/accord semantics to ScentIdentity, not directly to ProductConcept."
scent_concept:黄葵籽,product:EDPFLEURP75C::肌肤之花淡香精,HAS_PRODUCT,ScentConcept,Product,retire_direct_semantic_product_edge,,,,"Schema v1 attaches note/profile/accord semantics to ScentIdentity, not directly to ProductConcept."
scent_concept:黄葵籽,product:HAIRMIST::肌肤之花发香喷雾,HAS_PRODUCT,ScentConcept,Product,retire_direct_semantic_product_edge,,,,"Schema v1 attaches note/profile/accord semantics to ScentIdentity, not directly to ProductConcept."
scent_concept:黄葵籽,product:HANDCRE4::肌肤之花护手霜,HAS_PRODUCT,ScentConcept,Product,retire_direct_semantic_product_edge,,,,"Schema v1 attaches note/profile/accord semantics to ScentIdentity, not directly to ProductConcept."
scent_concept:黄葵籽,product:concept::身体护理::润肤乳::肌肤之花润肤乳,HAS_PRODUCT,ScentConcept,Product,retire_direct_semantic_product_edge,,,,"Schema v1 attaches note/profile/accord semantics to ScentIdentity, not directly to ProductConcept."
scent_concept:黑胡椒,product:BODYGEL1::希腊无花果香调洁肤露,HAS_PRODUCT,ScentConcept,Product,retire_direct_semantic_product_edge,,,,"Schema v1 attaches note/profile/accord semantics to ScentIdentity, not directly to ProductConcept."
scent_concept:黑胡椒,product:CAPSULES9::希腊无花果香调润肤乳,HAS_PRODUCT,ScentConcept,Product,retire_direct_semantic_product_edge,,,,"Schema v1 attaches note/profile/accord semantics to ScentIdentity, not directly to ProductConcept."
scent_concept:黑胡椒,product:EDPPHILOP75C::希腊无花果香调淡香精,HAS_PRODUCT,ScentConcept,Product,retire_direct_semantic_product_edge,,,,"Schema v1 attaches note/profile/accord semantics to ScentIdentity, not directly to ProductConcept."
scent_concept:黑胡椒,product:EDTOFRESIA100V1::小苍兰香调淡香水,HAS_PRODUCT,ScentConcept,Product,retire_direct_semantic_product_edge,,,,"Schema v1 attaches note/profile/accord semantics to ScentIdentity, not directly to ProductConcept."
scent_concept:黑胡椒,product:HAIRMIST7::希腊无花果香调发香喷雾,HAS_PRODUCT,ScentConcept,Product,retire_direct_semantic_product_edge,,,,"Schema v1 attaches note/profile/accord semantics to ScentIdentity, not directly to ProductConcept."
scent_concept:黑醋栗叶,product:BODYOMBBGEL::影中之水香氛洁肤露,HAS_PRODUCT,ScentConcept,Product,retire_direct_semantic_product_edge,,,,"Schema v1 attaches note/profile/accord semantics to ScentIdentity, not directly to ProductConcept."
scent_concept:黑醋栗叶,product:BODYOMBBLOTION::影中之水香氛润肤乳,HAS_PRODUCT,ScentConcept,Product,retire_direct_semantic_product_edge,,,,"Schema v1 attaches note/profile/accord semantics to ScentIdentity, not directly to ProductConcept."
scent_concept:黑醋栗叶,product:EDPOMBREP75C::影中之水淡香精,HAS_PRODUCT,ScentConcept,Product,retire_direct_semantic_product_edge,,,,"Schema v1 attaches note/profile/accord semantics to ScentIdentity, not directly to ProductConcept."
scent_concept:黑醋栗叶,product:EDTOMBRE::影中之水淡香水,HAS_PRODUCT,ScentConcept,Product,retire_direct_semantic_product_edge,,,,"Schema v1 attaches note/profile/accord semantics to ScentIdentity, not directly to ProductConcept."
scent_concept:黑醋栗花蕾,product:BODYOMBBGEL::影中之水香氛洁肤露,HAS_PRODUCT,ScentConcept,Product,retire_direct_semantic_product_edge,,,,"Schema v1 attaches note/profile/accord semantics to ScentIdentity, not directly to ProductConcept."
scent_concept:黑醋栗花蕾,product:BODYOMBBLOTION::影中之水香氛润肤乳,HAS_PRODUCT,ScentConcept,Product,retire_direct_semantic_product_edge,,,,"Schema v1 attaches note/profile/accord semantics to ScentIdentity, not directly to ProductConcept."
scent_concept:黑醋栗花蕾,product:EDPOMBREP75C::影中之水淡香精,HAS_PRODUCT,ScentConcept,Product,retire_direct_semantic_product_edge,,,,"Schema v1 attaches note/profile/accord semantics to ScentIdentity, not directly to ProductConcept."
scent_concept:黑醋栗花蕾,product:EDT34B::圣日尔曼大道34号淡香水,HAS_PRODUCT,ScentConcept,Product,retire_direct_semantic_product_edge,,,,"Schema v1 attaches note/profile/accord semantics to ScentIdentity, not directly to ProductConcept."
scent_concept:黑醋栗花蕾,product:EDTOMBRE::影中之水淡香水,HAS_PRODUCT,ScentConcept,Product,retire_direct_semantic_product_edge,,,,"Schema v1 attaches note/profile/accord semantics to ScentIdentity, not directly to ProductConcept."
scent_concept:鼠尾草,product:EDPTEMPOP75C::旋律淡香精,HAS_PRODUCT,ScentConcept,Product,retire_direct_semantic_product_edge,,,,"Schema v1 attaches note/profile/accord semantics to ScentIdentity, not directly to ProductConcept."
scent_concept:鼠尾草,product:EDTAUTRE100V1::别样淡香水,HAS_PRODUCT,ScentConcept,Product,retire_direct_semantic_product_edge,,,,"Schema v1 attaches note/profile/accord semantics to ScentIdentity, not directly to ProductConcept."
scent_concept:龙涎香,product:BODYGEL5::玫瑰香氛洁肤露,HAS_PRODUCT,ScentConcept,Product,retire_direct_semantic_product_edge,,,,"Schema v1 attaches note/profile/accord semantics to ScentIdentity, not directly to ProductConcept."
scent_concept:龙涎香,product:BODYLOTIONS::玫瑰香调润肤乳,HAS_PRODUCT,ScentConcept,Product,retire_direct_semantic_product_edge,,,,"Schema v1 attaches note/profile/accord semantics to ScentIdentity, not directly to ProductConcept."
scent_concept:龙涎香,product:EDPDOSONP75C::杜桑淡香精,HAS_PRODUCT,ScentConcept,Product,retire_direct_semantic_product_edge,,,,"Schema v1 attaches note/profile/accord semantics to ScentIdentity, not directly to ProductConcept."
scent_concept:龙涎香,product:EDTROSE::玫瑰香调淡香水,HAS_PRODUCT,ScentConcept,Product,retire_direct_semantic_product_edge,,,,"Schema v1 attaches note/profile/accord semantics to ScentIdentity, not directly to ProductConcept."
scent_profile:木质香调,product:CANDLE34B1500::超大号香氛蜡烛圣日尔曼大道34号,HAS_PRODUCT,ScentProfile,Product,retire_direct_semantic_product_edge,,,,"Schema v1 attaches note/profile/accord semantics to ScentIdentity, not directly to ProductConcept."
scent_profile:木质香调,product:CANDLE34B300::中号香氛蜡烛圣日尔曼大道34号,HAS_PRODUCT,ScentProfile,Product,retire_direct_semantic_product_edge,,,,"Schema v1 attaches note/profile/accord semantics to ScentIdentity, not directly to ProductConcept."
scent_profile:木质香调,product:CANDLE34B600::大号香氛蜡烛圣日尔曼大道34号,HAS_PRODUCT,ScentProfile,Product,retire_direct_semantic_product_edge,,,,"Schema v1 attaches note/profile/accord semantics to ScentIdentity, not directly to ProductConcept."
scent_profile:木质香调,product:CANDLEAB::迷你香氛蜡烛琥珀,HAS_PRODUCT,ScentProfile,Product,retire_direct_semantic_product_edge,,,,"Schema v1 attaches note/profile/accord semantics to ScentIdentity, not directly to ProductConcept."
scent_profile:木质香调,product:CANDLEAB::香氛蜡烛琥珀,HAS_PRODUCT,ScentProfile,Product,retire_direct_semantic_product_edge,,,,"Schema v1 attaches note/profile/accord semantics to ScentIdentity, not directly to ProductConcept."
scent_profile:木质香调,product:CANDLEABA2::中号香氛蜡烛琥珀,HAS_PRODUCT,ScentProfile,Product,retire_direct_semantic_product_edge,,,,"Schema v1 attaches note/profile/accord semantics to ScentIdentity, not directly to ProductConcept."
scent_profile:木质香调,product:CANDLEAMB1500::超大号香氛蜡烛琥珀,HAS_PRODUCT,ScentProfile,Product,retire_direct_semantic_product_edge,,,,"Schema v1 attaches note/profile/accord semantics to ScentIdentity, not directly to ProductConcept."
scent_profile:木质香调,product:CANDLEBJ1::香氛蜡烛安息香,HAS_PRODUCT,ScentProfile,Product,retire_direct_semantic_product_edge,,,,"Schema v1 attaches note/profile/accord semantics to ScentIdentity, not directly to ProductConcept."
scent_profile:木质香调,product:CANDLECN1::香氛蜡烛橡木,HAS_PRODUCT,ScentProfile,Product,retire_direct_semantic_product_edge,,,,"Schema v1 attaches note/profile/accord semantics to ScentIdentity, not directly to ProductConcept."
scent_profile:木质香调,product:CANDLECYPRES::迷你香氛蜡烛柏树,HAS_PRODUCT,ScentProfile,Product,retire_direct_semantic_product_edge,,,,"Schema v1 attaches note/profile/accord semantics to ScentIdentity, not directly to ProductConcept."
scent_profile:木质香调,product:CANDLECYPRES::香氛蜡烛柏树,HAS_PRODUCT,ScentProfile,Product,retire_direct_semantic_product_edge,,,,"Schema v1 attaches note/profile/accord semantics to ScentIdentity, not directly to ProductConcept."
scent_profile:木质香调,product:CANDLEEU1::香氛蜡烛尤加利,HAS_PRODUCT,ScentProfile,Product,retire_direct_semantic_product_edge,,,,"Schema v1 attaches note/profile/accord semantics to ScentIdentity, not directly to ProductConcept."
scent_profile:木质香调,product:CANDLEFB15001::超大号香氛蜡烛炭木香,HAS_PRODUCT,ScentProfile,Product,retire_direct_semantic_product_edge,,,,"Schema v1 attaches note/profile/accord semantics to ScentIdentity, not directly to ProductConcept."
scent_profile:木质香调,product:CANDLEFB600::大号香氛蜡烛炭木香,HAS_PRODUCT,ScentProfile,Product,retire_direct_semantic_product_edge,,,,"Schema v1 attaches note/profile/accord semantics to ScentIdentity, not directly to ProductConcept."
scent_profile:木质香调,product:CANDLEFB::迷你香氛蜡烛炭木香,HAS_PRODUCT,ScentProfile,Product,retire_direct_semantic_product_edge,,,,"Schema v1 attaches note/profile/accord semantics to ScentIdentity, not directly to ProductConcept."
scent_profile:木质香调,product:CANDLEFB::香氛蜡烛炭木香,HAS_PRODUCT,ScentProfile,Product,retire_direct_semantic_product_edge,,,,"Schema v1 attaches note/profile/accord semantics to ScentIdentity, not directly to ProductConcept."
scent_profile:木质香调,product:CANDLEFBG2::中号香氛蜡烛炭木香,HAS_PRODUCT,ScentProfile,Product,retire_direct_semantic_product_edge,,,,"Schema v1 attaches note/profile/accord semantics to ScentIdentity, not directly to ProductConcept."
scent_profile:木质香调,product:CANDLEJG2::香氛蜡烛约翰迦利诺,HAS_PRODUCT,ScentProfile,Product,retire_direct_semantic_product_edge,,,,"Schema v1 attaches note/profile/accord semantics to ScentIdentity, not directly to ProductConcept."
scent_profile:木质香调,product:CANDLEMS1::香氛蜡烛青苔,HAS_PRODUCT,ScentProfile,Product,retire_direct_semantic_product_edge,,,,"Schema v1 attaches note/profile/accord semantics to ScentIdentity, not directly to ProductConcept."
scent_profile:木质香调,product:CANDLEMU1::香氛蜡烛麝香,HAS_PRODUCT,ScentProfile,Product,retire_direct_semantic_product_edge,,,,"Schema v1 attaches note/profile/accord semantics to ScentIdentity, not directly to ProductConcept."
scent_profile:木质香调,product:CANDLEMY1::香氛蜡烛没药,HAS_PRODUCT,ScentProfile,Product,retire_direct_semantic_product_edge,,,,"Schema v1 attaches note/profile/accord semantics to ScentIdentity, not directly to ProductConcept."
scent_profile:木质香调,product:CANDLEOU1::香氛蜡烛乌木,HAS_PRODUCT,ScentProfile,Product,retire_direct_semantic_product_edge,,,,"Schema v1 attaches note/profile/accord semantics to ScentIdentity, not directly to ProductConcept."
scent_profile:木质香调,product:CANDLEOX1::香氛蜡烛红没药,HAS_PRODUCT,ScentProfile,Product,retire_direct_semantic_product_edge,,,,"Schema v1 attaches note/profile/accord semantics to ScentIdentity, not directly to ProductConcept."
scent_profile:木质香调,product:CANDLESA1::香氛蜡烛檀香,HAS_PRODUCT,ScentProfile,Product,retire_direct_semantic_product_edge,,,,"Schema v1 attaches note/profile/accord semantics to ScentIdentity, not directly to ProductConcept."
scent_profile:木质香调,product:CANDLESUM26PI190::香氛蜡烛松林（限量版）,HAS_PRODUCT,ScentProfile,Product,retire_direct_semantic_product_edge,,,,"Schema v1 attaches note/profile/accord semantics to ScentIdentity, not directly to ProductConcept."
scent_profile:木质香调,product:CANDLETAPCDLB1B::琥珀烛台香氛蜡烛,HAS_PRODUCT,ScentProfile,Product,retire_direct_semantic_product_edge,,,,"Schema v1 attaches note/profile/accord semantics to ScentIdentity, not directly to ProductConcept."
scent_profile:木质香调,product:CAPSULES1::圣日尔曼大道34号扩香器香氛补充包,HAS_PRODUCT,ScentProfile,Product,retire_direct_semantic_product_edge,,,,"Schema v1 attaches note/profile/accord semantics to ScentIdentity, not directly to ProductConcept."
scent_profile:木质香调,product:CAPSULES::琥珀电子扩香器香氛补充包,HAS_PRODUCT,ScentProfile,Product,retire_direct_semantic_product_edge,,,,"Schema v1 attaches note/profile/accord semantics to ScentIdentity, not directly to ProductConcept."
scent_profile:木质香调,product:EDTPHILO::希腊无花果香调淡香水,HAS_PRODUCT,ScentProfile,Product,retire_direct_semantic_product_edge,,,,"Schema v1 attaches note/profile/accord semantics to ScentIdentity, not directly to ProductConcept."
scent_profile:木质香调,product:HOMEHGFOCARB2A::圣日尔曼大道34号扩香精,HAS_PRODUCT,ScentProfile,Product,retire_direct_semantic_product_edge,,,,"Schema v1 attaches note/profile/accord semantics to ScentIdentity, not directly to ProductConcept."
scent_profile:木质香调,product:HOMEHGFOCARB2G::圣日尔曼大道34号香氛皂,HAS_PRODUCT,ScentProfile,Product,retire_direct_semantic_product_edge,,,,"Schema v1 attaches note/profile/accord semantics to ScentIdentity, not directly to ProductConcept."
scent_profile:木质香调,product:HOMEHGFOCARB2I::圣日尔曼大道34号扩香精补充瓶,HAS_PRODUCT,ScentProfile,Product,retire_direct_semantic_product_edge,,,,"Schema v1 attaches note/profile/accord semantics to ScentIdentity, not directly to ProductConcept."
scent_profile:木质香调,product:HOMEREEDREFILL200A::圣日尔曼大道34号室内扩香摆件补充装,HAS_PRODUCT,ScentProfile,Product,retire_direct_semantic_product_edge,,,,"Schema v1 attaches note/profile/accord semantics to ScentIdentity, not directly to ProductConcept."
scent_profile:木质香调,product:HOMEREEDREFILL2L3::圣日尔曼大道34号室内扩香摆件补充瓶,HAS_PRODUCT,ScentProfile,Product,retire_direct_semantic_product_edge,,,,"Schema v1 attaches note/profile/accord semantics to ScentIdentity, not directly to ProductConcept."
scent_profile:木质香调,product:HOMERSP1::圣日尔曼大道34号室内喷雾,HAS_PRODUCT,ScentProfile,Product,retire_direct_semantic_product_edge,,,,"Schema v1 attaches note/profile/accord semantics to ScentIdentity, not directly to ProductConcept."
scent_profile:木质香调,product:HOMERSP::琥珀室内喷雾,HAS_PRODUCT,ScentProfile,Product,retire_direct_semantic_product_edge,,,,"Schema v1 attaches note/profile/accord semantics to ScentIdentity, not directly to ProductConcept."
scent_profile:木质香调,product:HOMESCO1::圣日尔曼大道34号室内香氛蜡,HAS_PRODUCT,ScentProfile,Product,retire_direct_semantic_product_edge,,,,"Schema v1 attaches note/profile/accord semantics to ScentIdentity, not directly to ProductConcept."
scent_profile:木质香调,product:concept::家居香氛::室内扩香摆件::琥珀室内扩香摆件补充瓶,HAS_PRODUCT,ScentProfile,Product,retire_direct_semantic_product_edge,,,,"Schema v1 attaches note/profile/accord semantics to ScentIdentity, not directly to ProductConcept."
scent_profile:木质香调,product:concept::家居香氛::烛台香氛蜡烛::炭木香烛台香氛蜡烛,HAS_PRODUCT,ScentProfile,Product,retire_direct_semantic_product_edge,,,,"Schema v1 attaches note/profile/accord semantics to ScentIdentity, not directly to ProductConcept."
scent_profile:果香调,product:BODYSENSBLOT::感官之水香氛润肤乳,HAS_PRODUCT,ScentProfile,Product,retire_direct_semantic_product_edge,,,,"Schema v1 attaches note/profile/accord semantics to ScentIdentity, not directly to ProductConcept."
scent_profile:果香调,product:BODYSENSHCREAM::感官之水香氛护手霜,HAS_PRODUCT,ScentProfile,Product,retire_direct_semantic_product_edge,,,,"Schema v1 attaches note/profile/accord semantics to ScentIdentity, not directly to ProductConcept."
scent_profile:果香调,product:CANDLEBAIES::迷你香氛蜡烛浆果香,HAS_PRODUCT,ScentProfile,Product,retire_direct_semantic_product_edge,,,,"Schema v1 attaches note/profile/accord semantics to ScentIdentity, not directly to ProductConcept."
scent_profile:果香调,product:CANDLEBAIES::香氛蜡烛浆果香,HAS_PRODUCT,ScentProfile,Product,retire_direct_semantic_product_edge,,,,"Schema v1 attaches note/profile/accord semantics to ScentIdentity, not directly to ProductConcept."
scent_profile:果香调,product:CANDLEBAIESB1500::超大号香氛蜡烛浆果香,HAS_PRODUCT,ScentProfile,Product,retire_direct_semantic_product_edge,,,,"Schema v1 attaches note/profile/accord semantics to ScentIdentity, not directly to ProductConcept."
scent_profile:果香调,product:CANDLEBAIESB600::大号香氛蜡烛浆果香,HAS_PRODUCT,ScentProfile,Product,retire_direct_semantic_product_edge,,,,"Schema v1 attaches note/profile/accord semantics to ScentIdentity, not directly to ProductConcept."
scent_profile:果香调,product:CANDLEBAIESBN2::中号香氛蜡烛浆果香,HAS_PRODUCT,ScentProfile,Product,retire_direct_semantic_product_edge,,,,"Schema v1 attaches note/profile/accord semantics to ScentIdentity, not directly to ProductConcept."
scent_profile:果香调,product:CANDLECO1::香氛蜡烛木梨,HAS_PRODUCT,ScentProfile,Product,retire_direct_semantic_product_edge,,,,"Schema v1 attaches note/profile/accord semantics to ScentIdentity, not directly to ProductConcept."
scent_profile:果香调,product:CANDLEFI15001::超大号香氛蜡烛无花果,HAS_PRODUCT,ScentProfile,Product,retire_direct_semantic_product_edge,,,,"Schema v1 attaches note/profile/accord semantics to ScentIdentity, not directly to ProductConcept."
scent_profile:果香调,product:CANDLEFI600::大号香氛蜡烛无花果,HAS_PRODUCT,ScentProfile,Product,retire_direct_semantic_product_edge,,,,"Schema v1 attaches note/profile/accord semantics to ScentIdentity, not directly to ProductConcept."
scent_profile:果香调,product:CANDLEFI::迷你香氛蜡烛无花果,HAS_PRODUCT,ScentProfile,Product,retire_direct_semantic_product_edge,,,,"Schema v1 attaches note/profile/accord semantics to ScentIdentity, not directly to ProductConcept."
scent_profile:果香调,product:CANDLEFI::香氛蜡烛无花果,HAS_PRODUCT,ScentProfile,Product,retire_direct_semantic_product_edge,,,,"Schema v1 attaches note/profile/accord semantics to ScentIdentity, not directly to ProductConcept."
scent_profile:果香调,product:CANDLEFIV2::中号香氛蜡烛无花果,HAS_PRODUCT,ScentProfile,Product,retire_direct_semantic_product_edge,,,,"Schema v1 attaches note/profile/accord semantics to ScentIdentity, not directly to ProductConcept."
scent_profile:果香调,product:CANDLENO1::香氛蜡烛榛树,HAS_PRODUCT,ScentProfile,Product,retire_direct_semantic_product_edge,,,,"Schema v1 attaches note/profile/accord semantics to ScentIdentity, not directly to ProductConcept."
scent_profile:果香调,product:CANDLEO1::香氛蜡烛橙树,HAS_PRODUCT,ScentProfile,Product,retire_direct_semantic_product_edge,,,,"Schema v1 attaches note/profile/accord semantics to ScentIdentity, not directly to ProductConcept."
scent_profile:果香调,product:CANDLEOY1::香氛蜡烛柑橘香,HAS_PRODUCT,ScentProfile,Product,retire_direct_semantic_product_edge,,,,"Schema v1 attaches note/profile/accord semantics to ScentIdentity, not directly to ProductConcept."
scent_profile:果香调,product:CANDLERHUBA190::香氛蜡烛大黄,HAS_PRODUCT,ScentProfile,Product,retire_direct_semantic_product_edge,,,,"Schema v1 attaches note/profile/accord semantics to ScentIdentity, not directly to ProductConcept."
scent_profile:果香调,product:CAPSULES2::浆果香扩香器香氛补充包,HAS_PRODUCT,ScentProfile,Product,retire_direct_semantic_product_edge,,,,"Schema v1 attaches note/profile/accord semantics to ScentIdentity, not directly to ProductConcept."
scent_profile:果香调,product:CAPSULES6::希腊无花果扩香器香氛补充包,HAS_PRODUCT,ScentProfile,Product,retire_direct_semantic_product_edge,,,,"Schema v1 attaches note/profile/accord semantics to ScentIdentity, not directly to ProductConcept."
scent_profile:果香调,product:EDTSUM26SENS100::感官之水淡香水（限量版）,HAS_PRODUCT,ScentProfile,Product,retire_direct_semantic_product_edge,,,,"Schema v1 attaches note/profile/accord semantics to ScentIdentity, not directly to ProductConcept."
scent_profile:果香调,product:HOMEHGFOCARB2D::希腊无花果扩香精,HAS_PRODUCT,ScentProfile,Product,retire_direct_semantic_product_edge,,,,"Schema v1 attaches note/profile/accord semantics to ScentIdentity, not directly to ProductConcept."
scent_profile:果香调,product:HOMEHGFOCARB2K::希腊无花果扩香精补充瓶,HAS_PRODUCT,ScentProfile,Product,retire_direct_semantic_product_edge,,,,"Schema v1 attaches note/profile/accord semantics to ScentIdentity, not directly to ProductConcept."
scent_profile:果香调,product:HOMEHGFOCARB2O::浆果香室内扩香摆件补充装,HAS_PRODUCT,ScentProfile,Product,retire_direct_semantic_product_edge,,,,"Schema v1 attaches note/profile/accord semantics to ScentIdentity, not directly to ProductConcept."
scent_profile:果香调,product:HOMEREEDREFILL200F::无花果室内扩香摆件补充装,HAS_PRODUCT,ScentProfile,Product,retire_direct_semantic_product_edge,,,,"Schema v1 attaches note/profile/accord semantics to ScentIdentity, not directly to ProductConcept."
scent_profile:果香调,product:HOMEREEDREFILL2L2::浆果香室内扩香摆件补充瓶,HAS_PRODUCT,ScentProfile,Product,retire_direct_semantic_product_edge,,,,"Schema v1 attaches note/profile/accord semantics to ScentIdentity, not directly to ProductConcept."
scent_profile:果香调,product:HOMERSP8::浆果香扩香精,HAS_PRODUCT,ScentProfile,Product,retire_direct_semantic_product_edge,,,,"Schema v1 attaches note/profile/accord semantics to ScentIdentity, not directly to ProductConcept."
scent_profile:果香调,product:HOMERSP::无花果室内喷雾,HAS_PRODUCT,ScentProfile,Product,retire_direct_semantic_product_edge,,,,"Schema v1 attaches note/profile/accord semantics to ScentIdentity, not directly to ProductConcept."
scent_profile:果香调,product:HOMERSP::浆果香室内喷雾,HAS_PRODUCT,ScentProfile,Product,retire_direct_semantic_product_edge,,,,"Schema v1 attaches note/profile/accord semantics to ScentIdentity, not directly to ProductConcept."
scent_profile:果香调,product:HOMESCO2::浆果香室内香氛蜡,HAS_PRODUCT,ScentProfile,Product,retire_direct_semantic_product_edge,,,,"Schema v1 attaches note/profile/accord semantics to ScentIdentity, not directly to ProductConcept."
scent_profile:果香调,product:HOMESCO3::希腊无花果室内香氛蜡,HAS_PRODUCT,ScentProfile,Product,retire_direct_semantic_product_edge,,,,"Schema v1 attaches note/profile/accord semantics to ScentIdentity, not directly to ProductConcept."
scent_profile:果香调,product:concept::家居香氛::烛台香氛蜡烛::浆果香烛台香氛蜡烛,HAS_PRODUCT,ScentProfile,Product,retire_direct_semantic_product_edge,,,,"Schema v1 attaches note/profile/accord semantics to ScentIdentity, not directly to ProductConcept."
scent_profile:柑橘,product:EDPCORAIL100::暗影珊瑚淡香精,HAS_PRODUCT,ScentProfile,Product,retire_direct_semantic_product_edge,,,,"Schema v1 attaches note/profile/accord semantics to ScentIdentity, not directly to ProductConcept."
scent_profile:海洋香调,product:EDTDOSON::杜桑淡香水,HAS_PRODUCT,ScentProfile,Product,retire_direct_semantic_product_edge,,,,"Schema v1 attaches note/profile/accord semantics to ScentIdentity, not directly to ProductConcept."
scent_profile:海洋香调,product:HAIRMIST4::杜桑发香喷雾,HAS_PRODUCT,ScentProfile,Product,retire_direct_semantic_product_edge,,,,"Schema v1 attaches note/profile/accord semantics to ScentIdentity, not directly to ProductConcept."
scent_profile:海洋香调,product:HOMERSP5::杜桑固体香膏,HAS_PRODUCT,ScentProfile,Product,retire_direct_semantic_product_edge,,,,"Schema v1 attaches note/profile/accord semantics to ScentIdentity, not directly to ProductConcept."
scent_profile:海洋香调,product:SOLIDPERFUME6::杜桑香膏补充装,HAS_PRODUCT,ScentProfile,Product,retire_direct_semantic_product_edge,,,,"Schema v1 attaches note/profile/accord semantics to ScentIdentity, not directly to ProductConcept."
scent_profile:花香调,product:BODYLOTIONS2::晚香玉室内喷雾,HAS_PRODUCT,ScentProfile,Product,retire_direct_semantic_product_edge,,,,"Schema v1 attaches note/profile/accord semantics to ScentIdentity, not directly to ProductConcept."
scent_profile:花香调,product:BODYLOTIONS3::橙花室内喷雾,HAS_PRODUCT,ScentProfile,Product,retire_direct_semantic_product_edge,,,,"Schema v1 attaches note/profile/accord semantics to ScentIdentity, not directly to ProductConcept."
scent_profile:花香调,product:CANDLEAU1::香氛蜡烛山楂,HAS_PRODUCT,ScentProfile,Product,retire_direct_semantic_product_edge,,,,"Schema v1 attaches note/profile/accord semantics to ScentIdentity, not directly to ProductConcept."
scent_profile:花香调,product:CANDLECY1::香氛蜡烛墨西哥橙花,HAS_PRODUCT,ScentProfile,Product,retire_direct_semantic_product_edge,,,,"Schema v1 attaches note/profile/accord semantics to ScentIdentity, not directly to ProductConcept."
scent_profile:花香调,product:CANDLEFR::迷你香氛蜡烛小苍兰,HAS_PRODUCT,ScentProfile,Product,retire_direct_semantic_product_edge,,,,"Schema v1 attaches note/profile/accord semantics to ScentIdentity, not directly to ProductConcept."
scent_profile:花香调,product:CANDLEFR::香氛蜡烛小苍兰,HAS_PRODUCT,ScentProfile,Product,retire_direct_semantic_product_edge,,,,"Schema v1 attaches note/profile/accord semantics to ScentIdentity, not directly to ProductConcept."
scent_profile:花香调,product:CANDLEGA1::香氛蜡烛栀子花,HAS_PRODUCT,ScentProfile,Product,retire_direct_semantic_product_edge,,,,"Schema v1 attaches note/profile/accord semantics to ScentIdentity, not directly to ProductConcept."
scent_profile:花香调,product:CANDLEGR1::香氛蜡烛玫瑰天竺葵,HAS_PRODUCT,ScentProfile,Product,retire_direct_semantic_product_edge,,,,"Schema v1 attaches note/profile/accord semantics to ScentIdentity, not directly to ProductConcept."
scent_profile:花香调,product:CANDLEI1::香氛蜡烛鸢尾,HAS_PRODUCT,ScentProfile,Product,retire_direct_semantic_product_edge,,,,"Schema v1 attaches note/profile/accord semantics to ScentIdentity, not directly to ProductConcept."
scent_profile:花香调,product:CANDLEJA::迷你香氛蜡烛茉莉,HAS_PRODUCT,ScentProfile,Product,retire_direct_semantic_product_edge,,,,"Schema v1 attaches note/profile/accord semantics to ScentIdentity, not directly to ProductConcept."
scent_profile:花香调,product:CANDLEJA::香氛蜡烛茉莉,HAS_PRODUCT,ScentProfile,Product,retire_direct_semantic_product_edge,,,,"Schema v1 attaches note/profile/accord semantics to ScentIdentity, not directly to ProductConcept."
scent_profile:花香调,product:CANDLELY1::香氛蜡烛清水百合,HAS_PRODUCT,ScentProfile,Product,retire_direct_semantic_product_edge,,,,"Schema v1 attaches note/profile/accord semantics to ScentIdentity, not directly to ProductConcept."
scent_profile:花香调,product:CANDLEMG1::香氛蜡烛铃兰,HAS_PRODUCT,ScentProfile,Product,retire_direct_semantic_product_edge,,,,"Schema v1 attaches note/profile/accord semantics to ScentIdentity, not directly to ProductConcept."
scent_profile:花香调,product:CANDLEMI::迷你香氛蜡烛含羞草,HAS_PRODUCT,ScentProfile,Product,retire_direct_semantic_product_edge,,,,"Schema v1 attaches note/profile/accord semantics to ScentIdentity, not directly to ProductConcept."
scent_profile:花香调,product:CANDLEMI::香氛蜡烛含羞草,HAS_PRODUCT,ScentProfile,Product,retire_direct_semantic_product_edge,,,,"Schema v1 attaches note/profile/accord semantics to ScentIdentity, not directly to ProductConcept."
scent_profile:花香调,product:CANDLERO1500::超大号香氛蜡烛玫瑰,HAS_PRODUCT,ScentProfile,Product,retire_direct_semantic_product_edge,,,,"Schema v1 attaches note/profile/accord semantics to ScentIdentity, not directly to ProductConcept."
scent_profile:花香调,product:CANDLERO300::中号香氛蜡烛玫瑰,HAS_PRODUCT,ScentProfile,Product,retire_direct_semantic_product_edge,,,,"Schema v1 attaches note/profile/accord semantics to ScentIdentity, not directly to ProductConcept."
scent_profile:花香调,product:CANDLEROSE600::大号香氛蜡烛玫瑰,HAS_PRODUCT,ScentProfile,Product,retire_direct_semantic_product_edge,,,,"Schema v1 attaches note/profile/accord semantics to ScentIdentity, not directly to ProductConcept."
scent_profile:花香调,product:CANDLEROSE::迷你香氛蜡烛玫瑰,HAS_PRODUCT,ScentProfile,Product,retire_direct_semantic_product_edge,,,,"Schema v1 attaches note/profile/accord semantics to ScentIdentity, not directly to ProductConcept."
scent_profile:花香调,product:CANDLEROSE::香氛蜡烛玫瑰,HAS_PRODUCT,ScentProfile,Product,retire_direct_semantic_product_edge,,,,"Schema v1 attaches note/profile/accord semantics to ScentIdentity, not directly to ProductConcept."
scent_profile:花香调,product:CANDLETB1500::超大号香氛蜡烛晚香玉,HAS_PRODUCT,ScentProfile,Product,retire_direct_semantic_product_edge,,,,"Schema v1 attaches note/profile/accord semantics to ScentIdentity, not directly to ProductConcept."
scent_profile:花香调,product:CANDLETB::迷你香氛蜡烛晚香玉,HAS_PRODUCT,ScentProfile,Product,retire_direct_semantic_product_edge,,,,"Schema v1 attaches note/profile/accord semantics to ScentIdentity, not directly to ProductConcept."
scent_profile:花香调,product:CANDLETB::香氛蜡烛晚香玉,HAS_PRODUCT,ScentProfile,Product,retire_direct_semantic_product_edge,,,,"Schema v1 attaches note/profile/accord semantics to ScentIdentity, not directly to ProductConcept."
scent_profile:花香调,product:CANDLETBR2::中号香氛蜡烛晚香玉,HAS_PRODUCT,ScentProfile,Product,retire_direct_semantic_product_edge,,,,"Schema v1 attaches note/profile/accord semantics to ScentIdentity, not directly to ProductConcept."
scent_profile:花香调,product:CANDLETI1::香氛蜡烛椴木,HAS_PRODUCT,ScentProfile,Product,retire_direct_semantic_product_edge,,,,"Schema v1 attaches note/profile/accord semantics to ScentIdentity, not directly to ProductConcept."
scent_profile:花香调,product:CANDLEVL1::香氛蜡烛紫罗兰,HAS_PRODUCT,ScentProfile,Product,retire_direct_semantic_product_edge,,,,"Schema v1 attaches note/profile/accord semantics to ScentIdentity, not directly to ProductConcept."
scent_profile:花香调,product:CAPSULES4::玫瑰扩香器香氛补充包,HAS_PRODUCT,ScentProfile,Product,retire_direct_semantic_product_edge,,,,"Schema v1 attaches note/profile/accord semantics to ScentIdentity, not directly to ProductConcept."
scent_profile:花香调,product:CAPSULES5::晚香玉扩香器香氛补充包,HAS_PRODUCT,ScentProfile,Product,retire_direct_semantic_product_edge,,,,"Schema v1 attaches note/profile/accord semantics to ScentIdentity, not directly to ProductConcept."
scent_profile:花香调,product:CAPSULES7::含羞草扩香器香氛补充包,HAS_PRODUCT,ScentProfile,Product,retire_direct_semantic_product_edge,,,,"Schema v1 attaches note/profile/accord semantics to ScentIdentity, not directly to ProductConcept."
scent_profile:花香调,product:CAPSULES::橙花电子扩香器香氛补充包,HAS_PRODUCT,ScentProfile,Product,retire_direct_semantic_product_edge,,,,"Schema v1 attaches note/profile/accord semantics to ScentIdentity, not directly to ProductConcept."
scent_profile:花香调,product:HOMECARDIF6::玫瑰室内喷雾,HAS_PRODUCT,ScentProfile,Product,retire_direct_semantic_product_edge,,,,"Schema v1 attaches note/profile/accord semantics to ScentIdentity, not directly to ProductConcept."
scent_profile:花香调,product:HOMEFDC190::香氛蜡烛樱花,HAS_PRODUCT,ScentProfile,Product,retire_direct_semantic_product_edge,,,,"Schema v1 attaches note/profile/accord semantics to ScentIdentity, not directly to ProductConcept."
scent_profile:花香调,product:HOMEHGFOCARB2B::晚香玉扩香精,HAS_PRODUCT,ScentProfile,Product,retire_direct_semantic_product_edge,,,,"Schema v1 attaches note/profile/accord semantics to ScentIdentity, not directly to ProductConcept."
scent_profile:花香调,product:HOMEHGFOCARB2C::玫瑰扩香精,HAS_PRODUCT,ScentProfile,Product,retire_direct_semantic_product_edge,,,,"Schema v1 attaches note/profile/accord semantics to ScentIdentity, not directly to ProductConcept."
scent_profile:花香调,product:HOMEHGFOCARB2E::橙花扩香精,HAS_PRODUCT,ScentProfile,Product,retire_direct_semantic_product_edge,,,,"Schema v1 attaches note/profile/accord semantics to ScentIdentity, not directly to ProductConcept."
scent_profile:花香调,product:HOMEHGFOCARB2J::晚香玉扩香精补充瓶,HAS_PRODUCT,ScentProfile,Product,retire_direct_semantic_product_edge,,,,"Schema v1 attaches note/profile/accord semantics to ScentIdentity, not directly to ProductConcept."
scent_profile:花香调,product:HOMEHGFOCARB2L::玫瑰扩香精补充瓶,HAS_PRODUCT,ScentProfile,Product,retire_direct_semantic_product_edge,,,,"Schema v1 attaches note/profile/accord semantics to ScentIdentity, not directly to ProductConcept."
scent_profile:花香调,product:HOMEHGFOCARB2M::橙花扩香精补充瓶,HAS_PRODUCT,ScentProfile,Product,retire_direct_semantic_product_edge,,,,"Schema v1 attaches note/profile/accord semantics to ScentIdentity, not directly to ProductConcept."
scent_profile:花香调,product:HOMEHGFOCARB2N::含羞草室内扩香摆件补充装,HAS_PRODUCT,ScentProfile,Product,retire_direct_semantic_product_edge,,,,"Schema v1 attaches note/profile/accord semantics to ScentIdentity, not directly to ProductConcept."
scent_profile:花香调,product:HOMEREEDDIFRO::玫瑰室内扩香摆件补充装,HAS_PRODUCT,ScentProfile,Product,retire_direct_semantic_product_edge,,,,"Schema v1 attaches note/profile/accord semantics to ScentIdentity, not directly to ProductConcept."
scent_profile:花香调,product:HOMERSP3::含羞草室内喷雾,HAS_PRODUCT,ScentProfile,Product,retire_direct_semantic_product_edge,,,,"Schema v1 attaches note/profile/accord semantics to ScentIdentity, not directly to ProductConcept."
scent_profile:花香调,product:HOMERSP9::含羞草扩香精,HAS_PRODUCT,ScentProfile,Product,retire_direct_semantic_product_edge,,,,"Schema v1 attaches note/profile/accord semantics to ScentIdentity, not directly to ProductConcept."
scent_profile:花香调,product:HOMESCO4::玫瑰室内香氛蜡,HAS_PRODUCT,ScentProfile,Product,retire_direct_semantic_product_edge,,,,"Schema v1 attaches note/profile/accord semantics to ScentIdentity, not directly to ProductConcept."
scent_profile:花香调,product:HOMETB600::大号香氛蜡烛晚香玉,HAS_PRODUCT,ScentProfile,Product,retire_direct_semantic_product_edge,,,,"Schema v1 attaches note/profile/accord semantics to ScentIdentity, not directly to ProductConcept."
scent_profile:花香调,product:SOLIDPERFUME2::含羞草扩香精补充瓶,HAS_PRODUCT,ScentProfile,Product,retire_direct_semantic_product_edge,,,,"Schema v1 attaches note/profile/accord semantics to ScentIdentity, not directly to ProductConcept."
scent_profile:花香调,product:SOLIDPERFUME3::晚香玉室内扩香摆件补充装,HAS_PRODUCT,ScentProfile,Product,retire_direct_semantic_product_edge,,,,"Schema v1 attaches note/profile/accord semantics to ScentIdentity, not directly to ProductConcept."
scent_profile:花香调,product:SOLIDPERFUME4::橙花室内扩香摆件补充装,HAS_PRODUCT,ScentProfile,Product,retire_direct_semantic_product_edge,,,,"Schema v1 attaches note/profile/accord semantics to ScentIdentity, not directly to ProductConcept."
scent_profile:草本香调,product:CANDLECI190V4::香氛蜡烛柠檬草,HAS_PRODUCT,ScentProfile,Product,retire_direct_semantic_product_edge,,,,"Schema v1 attaches note/profile/accord semantics to ScentIdentity, not directly to ProductConcept."
scent_profile:草本香调,product:CANDLECR1::香氛蜡烛胡荽,HAS_PRODUCT,ScentProfile,Product,retire_direct_semantic_product_edge,,,,"Schema v1 attaches note/profile/accord semantics to ScentIdentity, not directly to ProductConcept."
scent_profile:草本香调,product:CANDLEFL::迷你香氛蜡烛薰衣草,HAS_PRODUCT,ScentProfile,Product,retire_direct_semantic_product_edge,,,,"Schema v1 attaches note/profile/accord semantics to ScentIdentity, not directly to ProductConcept."
scent_profile:草本香调,product:CANDLEFL::香氛蜡烛薰衣草,HAS_PRODUCT,ScentProfile,Product,retire_direct_semantic_product_edge,,,,"Schema v1 attaches note/profile/accord semantics to ScentIdentity, not directly to ProductConcept."
scent_profile:草本香调,product:CANDLEMV1::香氛蜡烛薄荷,HAS_PRODUCT,ScentProfile,Product,retire_direct_semantic_product_edge,,,,"Schema v1 attaches note/profile/accord semantics to ScentIdentity, not directly to ProductConcept."
scent_profile:草本香调,product:CANDLEORTIE190::香氛蜡烛荨麻草,HAS_PRODUCT,ScentProfile,Product,retire_direct_semantic_product_edge,,,,"Schema v1 attaches note/profile/accord semantics to ScentIdentity, not directly to ProductConcept."
scent_profile:草本香调,product:CANDLEPA1::香氛蜡烛广藿香,HAS_PRODUCT,ScentProfile,Product,retire_direct_semantic_product_edge,,,,"Schema v1 attaches note/profile/accord semantics to ScentIdentity, not directly to ProductConcept."
scent_profile:草本香调,product:CANDLESHISO190::香氛蜡烛紫苏,HAS_PRODUCT,ScentProfile,Product,retire_direct_semantic_product_edge,,,,"Schema v1 attaches note/profile/accord semantics to ScentIdentity, not directly to ProductConcept."
scent_profile:草本香调,product:CANDLET1::香氛蜡烛茶树,HAS_PRODUCT,ScentProfile,Product,retire_direct_semantic_product_edge,,,,"Schema v1 attaches note/profile/accord semantics to ScentIdentity, not directly to ProductConcept."
scent_profile:草本香调,product:CANDLEVERVEINE::迷你香氛蜡烛马鞭草,HAS_PRODUCT,ScentProfile,Product,retire_direct_semantic_product_edge,,,,"Schema v1 attaches note/profile/accord semantics to ScentIdentity, not directly to ProductConcept."
scent_profile:草本香调,product:CANDLEVERVEINE::香氛蜡烛马鞭草,HAS_PRODUCT,ScentProfile,Product,retire_direct_semantic_product_edge,,,,"Schema v1 attaches note/profile/accord semantics to ScentIdentity, not directly to ProductConcept."
scent_profile:草本香调,product:CANDLEVY1::香氛蜡烛维堤里欧,HAS_PRODUCT,ScentProfile,Product,retire_direct_semantic_product_edge,,,,"Schema v1 attaches note/profile/accord semantics to ScentIdentity, not directly to ProductConcept."
scent_profile:辛香调,product:CANDLEC1::香氛蜡烛肉桂,HAS_PRODUCT,ScentProfile,Product,retire_direct_semantic_product_edge,,,,"Schema v1 attaches note/profile/accord semantics to ScentIdentity, not directly to ProductConcept."
scent_profile:辛香调,product:CANDLECAFE190::香氛蜡烛咖啡,HAS_PRODUCT,ScentProfile,Product,retire_direct_semantic_product_edge,,,,"Schema v1 attaches note/profile/accord semantics to ScentIdentity, not directly to ProductConcept."
scent_profile:辛香调,product:CANDLEGV1::香氛蜡烛杜松,HAS_PRODUCT,ScentProfile,Product,retire_direct_semantic_product_edge,,,,"Schema v1 attaches note/profile/accord semantics to ScentIdentity, not directly to ProductConcept."
scent_profile:辛香调,product:CANDLENG1::香氛蜡烛清雅水烟,HAS_PRODUCT,ScentProfile,Product,retire_direct_semantic_product_edge,,,,"Schema v1 attaches note/profile/accord semantics to ScentIdentity, not directly to ProductConcept."
scent_profile:辛香调,product:CANDLEPM1::香氛蜡烛香丸,HAS_PRODUCT,ScentProfile,Product,retire_direct_semantic_product_edge,,,,"Schema v1 attaches note/profile/accord semantics to ScentIdentity, not directly to ProductConcept."
scent_profile:辛香调,product:CANDLESESAM190::香氛蜡烛黑芝麻,HAS_PRODUCT,ScentProfile,Product,retire_direct_semantic_product_edge,,,,"Schema v1 attaches note/profile/accord semantics to ScentIdentity, not directly to ProductConcept."
scent_profile:辛香调,product:CANDLEVA1::香氛蜡烛香草,HAS_PRODUCT,ScentProfile,Product,retire_direct_semantic_product_edge,,,,"Schema v1 attaches note/profile/accord semantics to ScentIdentity, not directly to ProductConcept."
scent_profile:辛香调,product:CAPSULES3::生姜扩香器香氛补充包,HAS_PRODUCT,ScentProfile,Product,retire_direct_semantic_product_edge,,,,"Schema v1 attaches note/profile/accord semantics to ScentIdentity, not directly to ProductConcept."
scent_profile:辛香调,product:HOMEHGFOCARB2F::生姜扩香精,HAS_PRODUCT,ScentProfile,Product,retire_direct_semantic_product_edge,,,,"Schema v1 attaches note/profile/accord semantics to ScentIdentity, not directly to ProductConcept."
scent_profile:辛香调,product:HOMERSP2::生姜室内喷雾,HAS_PRODUCT,ScentProfile,Product,retire_direct_semantic_product_edge,,,,"Schema v1 attaches note/profile/accord semantics to ScentIdentity, not directly to ProductConcept."
scent_profile:辛香调,product:HOMERSP7::生姜扩香精补充瓶,HAS_PRODUCT,ScentProfile,Product,retire_direct_semantic_product_edge,,,,"Schema v1 attaches note/profile/accord semantics to ScentIdentity, not directly to ProductConcept."
note_family:木质,scent_accord:广藿香香调,HAS_SCENT_ACCORD,NoteFamily,ScentAccord,retire_legacy_family_pivot,,,,Legacy NoteFamily pivot is not part of the Schema v1 scent identity core.
note_family:木质,scent_accord:金黄木质香调,HAS_SCENT_ACCORD,NoteFamily,ScentAccord,retire_legacy_family_pivot,,,,Legacy NoteFamily pivot is not part of the Schema v1 scent identity core.
note_family:果香,scent_accord:荔枝香调,HAS_SCENT_ACCORD,NoteFamily,ScentAccord,retire_legacy_family_pivot,,,,Legacy NoteFamily pivot is not part of the Schema v1 scent identity core.
note_family:海洋矿物,scent_accord:海洋矿物香调,HAS_SCENT_ACCORD,NoteFamily,ScentAccord,retire_legacy_family_pivot,,,,Legacy NoteFamily pivot is not part of the Schema v1 scent identity core.
note_family:花香,scent_accord:鸢尾花香调,HAS_SCENT_ACCORD,NoteFamily,ScentAccord,retire_legacy_family_pivot,,,,Legacy NoteFamily pivot is not part of the Schema v1 scent identity core.
note_family:茶香美食,scent_accord:蒸稻米香调,HAS_SCENT_ACCORD,NoteFamily,ScentAccord,retire_legacy_family_pivot,,,,Legacy NoteFamily pivot is not part of the Schema v1 scent identity core.
note_family:木质,scent_concept:广藿香,HAS_SCENT_CONCEPT,NoteFamily,ScentConcept,retire_legacy_family_pivot,,,,Legacy NoteFamily pivot is not part of the Schema v1 scent identity core.
note_family:木质,scent_concept:愈创木,HAS_SCENT_CONCEPT,NoteFamily,ScentConcept,retire_legacy_family_pivot,,,,Legacy NoteFamily pivot is not part of the Schema v1 scent identity core.
note_family:木质,scent_concept:无花果,HAS_SCENT_CONCEPT,NoteFamily,ScentConcept,retire_legacy_family_pivot,,,,Legacy NoteFamily pivot is not part of the Schema v1 scent identity core.
note_family:木质,scent_concept:柏树,HAS_SCENT_CONCEPT,NoteFamily,ScentConcept,retire_legacy_family_pivot,,,,Legacy NoteFamily pivot is not part of the Schema v1 scent identity core.
note_family:木质,scent_concept:檀香,HAS_SCENT_CONCEPT,NoteFamily,ScentConcept,retire_legacy_family_pivot,,,,Legacy NoteFamily pivot is not part of the Schema v1 scent identity core.
note_family:木质,scent_concept:琥珀木质香,HAS_SCENT_CONCEPT,NoteFamily,ScentConcept,retire_legacy_family_pivot,,,,Legacy NoteFamily pivot is not part of the Schema v1 scent identity core.
note_family:木质,scent_concept:皮革,HAS_SCENT_CONCEPT,NoteFamily,ScentConcept,retire_legacy_family_pivot,,,,Legacy NoteFamily pivot is not part of the Schema v1 scent identity core.
note_family:木质,scent_concept:紫檀木,HAS_SCENT_CONCEPT,NoteFamily,ScentConcept,retire_legacy_family_pivot,,,,Legacy NoteFamily pivot is not part of the Schema v1 scent identity core.
note_family:木质,scent_concept:金黄木质,HAS_SCENT_CONCEPT,NoteFamily,ScentConcept,retire_legacy_family_pivot,,,,Legacy NoteFamily pivot is not part of the Schema v1 scent identity core.
note_family:木质,scent_concept:雪松,HAS_SCENT_CONCEPT,NoteFamily,ScentConcept,retire_legacy_family_pivot,,,,Legacy NoteFamily pivot is not part of the Schema v1 scent identity core.
note_family:木质,scent_concept:香根草,HAS_SCENT_CONCEPT,NoteFamily,ScentConcept,retire_legacy_family_pivot,,,,Legacy NoteFamily pivot is not part of the Schema v1 scent identity core.
note_family:木质,scent_concept:香桃木,HAS_SCENT_CONCEPT,NoteFamily,ScentConcept,retire_legacy_family_pivot,,,,Legacy NoteFamily pivot is not part of the Schema v1 scent identity core.
note_family:果香,scent_concept:无花果,HAS_SCENT_CONCEPT,NoteFamily,ScentConcept,retire_legacy_family_pivot,,,,Legacy NoteFamily pivot is not part of the Schema v1 scent identity core.
note_family:果香,scent_concept:玫瑰浆果,HAS_SCENT_CONCEPT,NoteFamily,ScentConcept,retire_legacy_family_pivot,,,,Legacy NoteFamily pivot is not part of the Schema v1 scent identity core.
note_family:果香,scent_concept:荔枝,HAS_SCENT_CONCEPT,NoteFamily,ScentConcept,retire_legacy_family_pivot,,,,Legacy NoteFamily pivot is not part of the Schema v1 scent identity core.
note_family:果香,scent_concept:覆盆子,HAS_SCENT_CONCEPT,NoteFamily,ScentConcept,retire_legacy_family_pivot,,,,Legacy NoteFamily pivot is not part of the Schema v1 scent identity core.
note_family:果香,scent_concept:黑醋栗花蕾,HAS_SCENT_CONCEPT,NoteFamily,ScentConcept,retire_legacy_family_pivot,,,,Legacy NoteFamily pivot is not part of the Schema v1 scent identity core.
note_family:柑橘,scent_concept:佛手柑,HAS_SCENT_CONCEPT,NoteFamily,ScentConcept,retire_legacy_family_pivot,,,,Legacy NoteFamily pivot is not part of the Schema v1 scent identity core.
note_family:柑橘,scent_concept:柚子,HAS_SCENT_CONCEPT,NoteFamily,ScentConcept,retire_legacy_family_pivot,,,,Legacy NoteFamily pivot is not part of the Schema v1 scent identity core.
note_family:柑橘,scent_concept:柠檬,HAS_SCENT_CONCEPT,NoteFamily,ScentConcept,retire_legacy_family_pivot,,,,Legacy NoteFamily pivot is not part of the Schema v1 scent identity core.
note_family:柑橘,scent_concept:橙花,HAS_SCENT_CONCEPT,NoteFamily,ScentConcept,retire_legacy_family_pivot,,,,Legacy NoteFamily pivot is not part of the Schema v1 scent identity core.
note_family:柑橘,scent_concept:红柑,HAS_SCENT_CONCEPT,NoteFamily,ScentConcept,retire_legacy_family_pivot,,,,Legacy NoteFamily pivot is not part of the Schema v1 scent identity core.
note_family:柑橘,scent_concept:苦橙,HAS_SCENT_CONCEPT,NoteFamily,ScentConcept,retire_legacy_family_pivot,,,,Legacy NoteFamily pivot is not part of the Schema v1 scent identity core.
note_family:柑橘,scent_concept:葡萄柚,HAS_SCENT_CONCEPT,NoteFamily,ScentConcept,retire_legacy_family_pivot,,,,Legacy NoteFamily pivot is not part of the Schema v1 scent identity core.
note_family:柑橘,scent_concept:青柑,HAS_SCENT_CONCEPT,NoteFamily,ScentConcept,retire_legacy_family_pivot,,,,Legacy NoteFamily pivot is not part of the Schema v1 scent identity core.
note_family:柑橘,scent_concept:青橘,HAS_SCENT_CONCEPT,NoteFamily,ScentConcept,retire_legacy_family_pivot,,,,Legacy NoteFamily pivot is not part of the Schema v1 scent identity core.
note_family:树脂琥珀,scent_concept:乳香,HAS_SCENT_CONCEPT,NoteFamily,ScentConcept,retire_legacy_family_pivot,,,,Legacy NoteFamily pivot is not part of the Schema v1 scent identity core.
note_family:树脂琥珀,scent_concept:安息香,HAS_SCENT_CONCEPT,NoteFamily,ScentConcept,retire_legacy_family_pivot,,,,Legacy NoteFamily pivot is not part of the Schema v1 scent identity core.
note_family:树脂琥珀,scent_concept:岩蔷薇,HAS_SCENT_CONCEPT,NoteFamily,ScentConcept,retire_legacy_family_pivot,,,,Legacy NoteFamily pivot is not part of the Schema v1 scent identity core.
note_family:树脂琥珀,scent_concept:没药,HAS_SCENT_CONCEPT,NoteFamily,ScentConcept,retire_legacy_family_pivot,,,,Legacy NoteFamily pivot is not part of the Schema v1 scent identity core.
note_family:树脂琥珀,scent_concept:焚香,HAS_SCENT_CONCEPT,NoteFamily,ScentConcept,retire_legacy_family_pivot,,,,Legacy NoteFamily pivot is not part of the Schema v1 scent identity core.
note_family:树脂琥珀,scent_concept:琥珀,HAS_SCENT_CONCEPT,NoteFamily,ScentConcept,retire_legacy_family_pivot,,,,Legacy NoteFamily pivot is not part of the Schema v1 scent identity core.
note_family:树脂琥珀,scent_concept:琥珀木质香,HAS_SCENT_CONCEPT,NoteFamily,ScentConcept,retire_legacy_family_pivot,,,,Legacy NoteFamily pivot is not part of the Schema v1 scent identity core.
note_family:树脂琥珀,scent_concept:白松香,HAS_SCENT_CONCEPT,NoteFamily,ScentConcept,retire_legacy_family_pivot,,,,Legacy NoteFamily pivot is not part of the Schema v1 scent identity core.
note_family:树脂琥珀,scent_concept:秘鲁香脂,HAS_SCENT_CONCEPT,NoteFamily,ScentConcept,retire_legacy_family_pivot,,,,Legacy NoteFamily pivot is not part of the Schema v1 scent identity core.
note_family:树脂琥珀,scent_concept:红没药,HAS_SCENT_CONCEPT,NoteFamily,ScentConcept,retire_legacy_family_pivot,,,,Legacy NoteFamily pivot is not part of the Schema v1 scent identity core.
note_family:树脂琥珀,scent_concept:龙涎香,HAS_SCENT_CONCEPT,NoteFamily,ScentConcept,retire_legacy_family_pivot,,,,Legacy NoteFamily pivot is not part of the Schema v1 scent identity core.
note_family:海洋矿物,scent_concept:海洋矿物,HAS_SCENT_CONCEPT,NoteFamily,ScentConcept,retire_legacy_family_pivot,,,,Legacy NoteFamily pivot is not part of the Schema v1 scent identity core.
note_family:海洋矿物,scent_concept:焦土,HAS_SCENT_CONCEPT,NoteFamily,ScentConcept,retire_legacy_family_pivot,,,,Legacy NoteFamily pivot is not part of the Schema v1 scent identity core.
note_family:海洋矿物,scent_concept:白陶土,HAS_SCENT_CONCEPT,NoteFamily,ScentConcept,retire_legacy_family_pivot,,,,Legacy NoteFamily pivot is not part of the Schema v1 scent identity core.
note_family:花香,scent_concept:仙客来,HAS_SCENT_CONCEPT,NoteFamily,ScentConcept,retire_legacy_family_pivot,,,,Legacy NoteFamily pivot is not part of the Schema v1 scent identity core.
note_family:花香,scent_concept:依兰,HAS_SCENT_CONCEPT,NoteFamily,ScentConcept,retire_legacy_family_pivot,,,,Legacy NoteFamily pivot is not part of the Schema v1 scent identity core.
note_family:花香,scent_concept:含羞草,HAS_SCENT_CONCEPT,NoteFamily,ScentConcept,retire_legacy_family_pivot,,,,Legacy NoteFamily pivot is not part of the Schema v1 scent identity core.
note_family:花香,scent_concept:天竺葵,HAS_SCENT_CONCEPT,NoteFamily,ScentConcept,retire_legacy_family_pivot,,,,Legacy NoteFamily pivot is not part of the Schema v1 scent identity core.
note_family:花香,scent_concept:康乃馨,HAS_SCENT_CONCEPT,NoteFamily,ScentConcept,retire_legacy_family_pivot,,,,Legacy NoteFamily pivot is not part of the Schema v1 scent identity core.
note_family:花香,scent_concept:晚香玉,HAS_SCENT_CONCEPT,NoteFamily,ScentConcept,retire_legacy_family_pivot,,,,Legacy NoteFamily pivot is not part of the Schema v1 scent identity core.
note_family:花香,scent_concept:橙花,HAS_SCENT_CONCEPT,NoteFamily,ScentConcept,retire_legacy_family_pivot,,,,Legacy NoteFamily pivot is not part of the Schema v1 scent identity core.
note_family:花香,scent_concept:水仙,HAS_SCENT_CONCEPT,NoteFamily,ScentConcept,retire_legacy_family_pivot,,,,Legacy NoteFamily pivot is not part of the Schema v1 scent identity core.
note_family:花香,scent_concept:永生花,HAS_SCENT_CONCEPT,NoteFamily,ScentConcept,retire_legacy_family_pivot,,,,Legacy NoteFamily pivot is not part of the Schema v1 scent identity core.
note_family:花香,scent_concept:洋甘菊,HAS_SCENT_CONCEPT,NoteFamily,ScentConcept,retire_legacy_family_pivot,,,,Legacy NoteFamily pivot is not part of the Schema v1 scent identity core.
note_family:花香,scent_concept:玉兰,HAS_SCENT_CONCEPT,NoteFamily,ScentConcept,retire_legacy_family_pivot,,,,Legacy NoteFamily pivot is not part of the Schema v1 scent identity core.
note_family:花香,scent_concept:玫瑰,HAS_SCENT_CONCEPT,NoteFamily,ScentConcept,retire_legacy_family_pivot,,,,Legacy NoteFamily pivot is not part of the Schema v1 scent identity core.
note_family:花香,scent_concept:玫瑰天竺葵,HAS_SCENT_CONCEPT,NoteFamily,ScentConcept,retire_legacy_family_pivot,,,,Legacy NoteFamily pivot is not part of the Schema v1 scent identity core.
note_family:花香,scent_concept:玫瑰浆果,HAS_SCENT_CONCEPT,NoteFamily,ScentConcept,retire_legacy_family_pivot,,,,Legacy NoteFamily pivot is not part of the Schema v1 scent identity core.
note_family:花香,scent_concept:白小苍兰,HAS_SCENT_CONCEPT,NoteFamily,ScentConcept,retire_legacy_family_pivot,,,,Legacy NoteFamily pivot is not part of the Schema v1 scent identity core.
note_family:花香,scent_concept:紫藤,HAS_SCENT_CONCEPT,NoteFamily,ScentConcept,retire_legacy_family_pivot,,,,Legacy NoteFamily pivot is not part of the Schema v1 scent identity core.
note_family:花香,scent_concept:茉莉,HAS_SCENT_CONCEPT,NoteFamily,ScentConcept,retire_legacy_family_pivot,,,,Legacy NoteFamily pivot is not part of the Schema v1 scent identity core.
note_family:花香,scent_concept:金银花,HAS_SCENT_CONCEPT,NoteFamily,ScentConcept,retire_legacy_family_pivot,,,,Legacy NoteFamily pivot is not part of the Schema v1 scent identity core.
note_family:花香,scent_concept:鸢尾,HAS_SCENT_CONCEPT,NoteFamily,ScentConcept,retire_legacy_family_pivot,,,,Legacy NoteFamily pivot is not part of the Schema v1 scent identity core.
note_family:花香,scent_concept:黄葵,HAS_SCENT_CONCEPT,NoteFamily,ScentConcept,retire_legacy_family_pivot,,,,Legacy NoteFamily pivot is not part of the Schema v1 scent identity core.
note_family:茶香美食,scent_concept:抹茶,HAS_SCENT_CONCEPT,NoteFamily,ScentConcept,retire_legacy_family_pivot,,,,Legacy NoteFamily pivot is not part of the Schema v1 scent identity core.
note_family:茶香美食,scent_concept:白茶,HAS_SCENT_CONCEPT,NoteFamily,ScentConcept,retire_legacy_family_pivot,,,,Legacy NoteFamily pivot is not part of the Schema v1 scent identity core.
note_family:茶香美食,scent_concept:蒸稻米,HAS_SCENT_CONCEPT,NoteFamily,ScentConcept,retire_legacy_family_pivot,,,,Legacy NoteFamily pivot is not part of the Schema v1 scent identity core.
note_family:茶香美食,scent_concept:蜂蜜,HAS_SCENT_CONCEPT,NoteFamily,ScentConcept,retire_legacy_family_pivot,,,,Legacy NoteFamily pivot is not part of the Schema v1 scent identity core.
note_family:茶香美食,scent_concept:蜂蜡,HAS_SCENT_CONCEPT,NoteFamily,ScentConcept,retire_legacy_family_pivot,,,,Legacy NoteFamily pivot is not part of the Schema v1 scent identity core.
note_family:茶香美食,scent_concept:阿拉比卡咖啡,HAS_SCENT_CONCEPT,NoteFamily,ScentConcept,retire_legacy_family_pivot,,,,Legacy NoteFamily pivot is not part of the Schema v1 scent identity core.
note_family:茶香美食,scent_concept:零陵香豆,HAS_SCENT_CONCEPT,NoteFamily,ScentConcept,retire_legacy_family_pivot,,,,Legacy NoteFamily pivot is not part of the Schema v1 scent identity core.
note_family:茶香美食,scent_concept:香草,HAS_SCENT_CONCEPT,NoteFamily,ScentConcept,retire_legacy_family_pivot,,,,Legacy NoteFamily pivot is not part of the Schema v1 scent identity core.
note_family:茶香美食,scent_concept:香豆,HAS_SCENT_CONCEPT,NoteFamily,ScentConcept,retire_legacy_family_pivot,,,,Legacy NoteFamily pivot is not part of the Schema v1 scent identity core.
note_family:茶香美食,scent_concept:马黛茶,HAS_SCENT_CONCEPT,NoteFamily,ScentConcept,retire_legacy_family_pivot,,,,Legacy NoteFamily pivot is not part of the Schema v1 scent identity core.
note_family:茶香美食,scent_concept:麦麸,HAS_SCENT_CONCEPT,NoteFamily,ScentConcept,retire_legacy_family_pivot,,,,Legacy NoteFamily pivot is not part of the Schema v1 scent identity core.
note_family:草本绿香,scent_concept:当归根,HAS_SCENT_CONCEPT,NoteFamily,ScentConcept,retire_legacy_family_pivot,,,,Legacy NoteFamily pivot is not part of the Schema v1 scent identity core.
note_family:草本绿香,scent_concept:无花果,HAS_SCENT_CONCEPT,NoteFamily,ScentConcept,retire_legacy_family_pivot,,,,Legacy NoteFamily pivot is not part of the Schema v1 scent identity core.
note_family:草本绿香,scent_concept:杜松子,HAS_SCENT_CONCEPT,NoteFamily,ScentConcept,retire_legacy_family_pivot,,,,Legacy NoteFamily pivot is not part of the Schema v1 scent identity core.
note_family:草本绿香,scent_concept:柠檬桉,HAS_SCENT_CONCEPT,NoteFamily,ScentConcept,retire_legacy_family_pivot,,,,Legacy NoteFamily pivot is not part of the Schema v1 scent identity core.
note_family:草本绿香,scent_concept:柠檬草,HAS_SCENT_CONCEPT,NoteFamily,ScentConcept,retire_legacy_family_pivot,,,,Legacy NoteFamily pivot is not part of the Schema v1 scent identity core.
note_family:草本绿香,scent_concept:洋蓟,HAS_SCENT_CONCEPT,NoteFamily,ScentConcept,retire_legacy_family_pivot,,,,Legacy NoteFamily pivot is not part of the Schema v1 scent identity core.
note_family:草本绿香,scent_concept:百里香,HAS_SCENT_CONCEPT,NoteFamily,ScentConcept,retire_legacy_family_pivot,,,,Legacy NoteFamily pivot is not part of the Schema v1 scent identity core.
note_family:草本绿香,scent_concept:紫罗兰叶,HAS_SCENT_CONCEPT,NoteFamily,ScentConcept,retire_legacy_family_pivot,,,,Legacy NoteFamily pivot is not part of the Schema v1 scent identity core.
note_family:草本绿香,scent_concept:苔藓,HAS_SCENT_CONCEPT,NoteFamily,ScentConcept,retire_legacy_family_pivot,,,,Legacy NoteFamily pivot is not part of the Schema v1 scent identity core.
note_family:草本绿香,scent_concept:苦橙叶,HAS_SCENT_CONCEPT,NoteFamily,ScentConcept,retire_legacy_family_pivot,,,,Legacy NoteFamily pivot is not part of the Schema v1 scent identity core.
note_family:草本绿香,scent_concept:莎草,HAS_SCENT_CONCEPT,NoteFamily,ScentConcept,retire_legacy_family_pivot,,,,Legacy NoteFamily pivot is not part of the Schema v1 scent identity core.
note_family:草本绿香,scent_concept:菖蒲,HAS_SCENT_CONCEPT,NoteFamily,ScentConcept,retire_legacy_family_pivot,,,,Legacy NoteFamily pivot is not part of the Schema v1 scent identity core.
note_family:草本绿香,scent_concept:薄荷,HAS_SCENT_CONCEPT,NoteFamily,ScentConcept,retire_legacy_family_pivot,,,,Legacy NoteFamily pivot is not part of the Schema v1 scent identity core.
note_family:草本绿香,scent_concept:迷迭香,HAS_SCENT_CONCEPT,NoteFamily,ScentConcept,retire_legacy_family_pivot,,,,Legacy NoteFamily pivot is not part of the Schema v1 scent identity core.
note_family:草本绿香,scent_concept:黑醋栗叶,HAS_SCENT_CONCEPT,NoteFamily,ScentConcept,retire_legacy_family_pivot,,,,Legacy NoteFamily pivot is not part of the Schema v1 scent identity core.
note_family:草本绿香,scent_concept:鼠尾草,HAS_SCENT_CONCEPT,NoteFamily,ScentConcept,retire_legacy_family_pivot,,,,Legacy NoteFamily pivot is not part of the Schema v1 scent identity core.
note_family:辛香,scent_concept:丁香,HAS_SCENT_CONCEPT,NoteFamily,ScentConcept,retire_legacy_family_pivot,,,,Legacy NoteFamily pivot is not part of the Schema v1 scent identity core.
note_family:辛香,scent_concept:小茴香,HAS_SCENT_CONCEPT,NoteFamily,ScentConcept,retire_legacy_family_pivot,,,,Legacy NoteFamily pivot is not part of the Schema v1 scent identity core.
note_family:辛香,scent_concept:小豆蔻,HAS_SCENT_CONCEPT,NoteFamily,ScentConcept,retire_legacy_family_pivot,,,,Legacy NoteFamily pivot is not part of the Schema v1 scent identity core.
note_family:辛香,scent_concept:生姜,HAS_SCENT_CONCEPT,NoteFamily,ScentConcept,retire_legacy_family_pivot,,,,Legacy NoteFamily pivot is not part of the Schema v1 scent identity core.
note_family:辛香,scent_concept:粉红胡椒,HAS_SCENT_CONCEPT,NoteFamily,ScentConcept,retire_legacy_family_pivot,,,,Legacy NoteFamily pivot is not part of the Schema v1 scent identity core.
note_family:辛香,scent_concept:肉桂,HAS_SCENT_CONCEPT,NoteFamily,ScentConcept,retire_legacy_family_pivot,,,,Legacy NoteFamily pivot is not part of the Schema v1 scent identity core.
note_family:辛香,scent_concept:肉豆蔻,HAS_SCENT_CONCEPT,NoteFamily,ScentConcept,retire_legacy_family_pivot,,,,Legacy NoteFamily pivot is not part of the Schema v1 scent identity core.
note_family:辛香,scent_concept:香芹籽,HAS_SCENT_CONCEPT,NoteFamily,ScentConcept,retire_legacy_family_pivot,,,,Legacy NoteFamily pivot is not part of the Schema v1 scent identity core.
note_family:辛香,scent_concept:香菜,HAS_SCENT_CONCEPT,NoteFamily,ScentConcept,retire_legacy_family_pivot,,,,Legacy NoteFamily pivot is not part of the Schema v1 scent identity core.
note_family:辛香,scent_concept:黑胡椒,HAS_SCENT_CONCEPT,NoteFamily,ScentConcept,retire_legacy_family_pivot,,,,Legacy NoteFamily pivot is not part of the Schema v1 scent identity core.
note_family:麝香粉香,scent_concept:麝香,HAS_SCENT_CONCEPT,NoteFamily,ScentConcept,retire_legacy_family_pivot,,,,Legacy NoteFamily pivot is not part of the Schema v1 scent identity core.
note_family:麝香粉香,scent_concept:黄葵籽,HAS_SCENT_CONCEPT,NoteFamily,ScentConcept,retire_legacy_family_pivot,,,,Legacy NoteFamily pivot is not part of the Schema v1 scent identity core.
scent_concept:丁香,note:丁香,HAS_SCENT_EXPRESSION,ScentConcept,NoteIngredient,retire_legacy_pivot_edge,,,,Node replacement map resolves the conflated ScentConcept pivot; no equivalent edge is imported.
scent_concept:乳香,note:乳香,HAS_SCENT_EXPRESSION,ScentConcept,NoteIngredient,retire_legacy_pivot_edge,,,,Node replacement map resolves the conflated ScentConcept pivot; no equivalent edge is imported.
scent_concept:仙客来,note:仙客来,HAS_SCENT_EXPRESSION,ScentConcept,NoteIngredient,retire_legacy_pivot_edge,,,,Node replacement map resolves the conflated ScentConcept pivot; no equivalent edge is imported.
scent_concept:佛手柑,note:佛手柑,HAS_SCENT_EXPRESSION,ScentConcept,NoteIngredient,retire_legacy_pivot_edge,,,,Node replacement map resolves the conflated ScentConcept pivot; no equivalent edge is imported.
scent_concept:依兰,note:依兰,HAS_SCENT_EXPRESSION,ScentConcept,NoteIngredient,retire_legacy_pivot_edge,,,,Node replacement map resolves the conflated ScentConcept pivot; no equivalent edge is imported.
scent_concept:依兰,note:依兰香精,HAS_SCENT_EXPRESSION,ScentConcept,NoteIngredient,retire_legacy_pivot_edge,,,,Node replacement map resolves the conflated ScentConcept pivot; no equivalent edge is imported.
scent_concept:含羞草,collection:含羞草,HAS_SCENT_EXPRESSION,ScentConcept,CollectionOrScent,retire_legacy_pivot_edge,,,,Node replacement map resolves the conflated ScentConcept pivot; no equivalent edge is imported.
scent_concept:含羞草,note:含羞草,HAS_SCENT_EXPRESSION,ScentConcept,NoteIngredient,retire_legacy_pivot_edge,,,,Node replacement map resolves the conflated ScentConcept pivot; no equivalent edge is imported.
scent_concept:天竺葵,note:天竺葵,HAS_SCENT_EXPRESSION,ScentConcept,NoteIngredient,retire_legacy_pivot_edge,,,,Node replacement map resolves the conflated ScentConcept pivot; no equivalent edge is imported.
scent_concept:安息香,note:安息香,HAS_SCENT_EXPRESSION,ScentConcept,NoteIngredient,retire_legacy_pivot_edge,,,,Node replacement map resolves the conflated ScentConcept pivot; no equivalent edge is imported.
scent_concept:小茴香,note:小茴香,HAS_SCENT_EXPRESSION,ScentConcept,NoteIngredient,retire_legacy_pivot_edge,,,,Node replacement map resolves the conflated ScentConcept pivot; no equivalent edge is imported.
scent_concept:小豆蔻,note:小豆蔻,HAS_SCENT_EXPRESSION,ScentConcept,NoteIngredient,retire_legacy_pivot_edge,,,,Node replacement map resolves the conflated ScentConcept pivot; no equivalent edge is imported.
scent_concept:岩蔷薇,note:岩玫瑰,HAS_SCENT_EXPRESSION,ScentConcept,NoteIngredient,retire_legacy_pivot_edge,,,,Node replacement map resolves the conflated ScentConcept pivot; no equivalent edge is imported.
scent_concept:岩蔷薇,note:岩蔷薇,HAS_SCENT_EXPRESSION,ScentConcept,NoteIngredient,retire_legacy_pivot_edge,,,,Node replacement map resolves the conflated ScentConcept pivot; no equivalent edge is imported.
scent_concept:广藿香,note:广藿香,HAS_SCENT_EXPRESSION,ScentConcept,NoteIngredient,retire_legacy_pivot_edge,,,,Node replacement map resolves the conflated ScentConcept pivot; no equivalent edge is imported.
scent_concept:广藿香,scent_accord:广藿香香调,HAS_SCENT_EXPRESSION,ScentConcept,ScentAccord,retire_legacy_pivot_edge,,,,Node replacement map resolves the conflated ScentConcept pivot; no equivalent edge is imported.
scent_concept:康乃馨,note:康乃馨,HAS_SCENT_EXPRESSION,ScentConcept,NoteIngredient,retire_legacy_pivot_edge,,,,Node replacement map resolves the conflated ScentConcept pivot; no equivalent edge is imported.
scent_concept:当归根,note:当归根,HAS_SCENT_EXPRESSION,ScentConcept,NoteIngredient,retire_legacy_pivot_edge,,,,Node replacement map resolves the conflated ScentConcept pivot; no equivalent edge is imported.
scent_concept:愈创木,note:愈创木,HAS_SCENT_EXPRESSION,ScentConcept,NoteIngredient,retire_legacy_pivot_edge,,,,Node replacement map resolves the conflated ScentConcept pivot; no equivalent edge is imported.
scent_concept:抹茶,note:抹茶香精,HAS_SCENT_EXPRESSION,ScentConcept,NoteIngredient,retire_legacy_pivot_edge,,,,Node replacement map resolves the conflated ScentConcept pivot; no equivalent edge is imported.
scent_concept:无花果,collection:希腊无花果,HAS_SCENT_EXPRESSION,ScentConcept,CollectionOrScent,retire_legacy_pivot_edge,,,,Node replacement map resolves the conflated ScentConcept pivot; no equivalent edge is imported.
scent_concept:无花果,collection:无花果,HAS_SCENT_EXPRESSION,ScentConcept,CollectionOrScent,retire_legacy_pivot_edge,,,,Node replacement map resolves the conflated ScentConcept pivot; no equivalent edge is imported.
scent_concept:无花果,note:无花果叶,HAS_SCENT_EXPRESSION,ScentConcept,NoteIngredient,retire_legacy_pivot_edge,,,,Node replacement map resolves the conflated ScentConcept pivot; no equivalent edge is imported.
scent_concept:无花果,note:无花果木,HAS_SCENT_EXPRESSION,ScentConcept,NoteIngredient,retire_legacy_pivot_edge,,,,Node replacement map resolves the conflated ScentConcept pivot; no equivalent edge is imported.
scent_concept:无花果,note:无花果树汁,HAS_SCENT_EXPRESSION,ScentConcept,NoteIngredient,retire_legacy_pivot_edge,,,,Node replacement map resolves the conflated ScentConcept pivot; no equivalent edge is imported.
scent_concept:无花果,note:无花果汁,HAS_SCENT_EXPRESSION,ScentConcept,NoteIngredient,retire_legacy_pivot_edge,,,,Node replacement map resolves the conflated ScentConcept pivot; no equivalent edge is imported.
scent_concept:晚香玉,collection:晚香玉,HAS_SCENT_EXPRESSION,ScentConcept,CollectionOrScent,retire_legacy_pivot_edge,,,,Node replacement map resolves the conflated ScentConcept pivot; no equivalent edge is imported.
scent_concept:晚香玉,note:晚香玉,HAS_SCENT_EXPRESSION,ScentConcept,NoteIngredient,retire_legacy_pivot_edge,,,,Node replacement map resolves the conflated ScentConcept pivot; no equivalent edge is imported.
scent_concept:杜松子,note:杜松子,HAS_SCENT_EXPRESSION,ScentConcept,NoteIngredient,retire_legacy_pivot_edge,,,,Node replacement map resolves the conflated ScentConcept pivot; no equivalent edge is imported.
scent_concept:柏树,note:柏树,HAS_SCENT_EXPRESSION,ScentConcept,NoteIngredient,retire_legacy_pivot_edge,,,,Node replacement map resolves the conflated ScentConcept pivot; no equivalent edge is imported.
scent_concept:柚子,note:柚子,HAS_SCENT_EXPRESSION,ScentConcept,NoteIngredient,retire_legacy_pivot_edge,,,,Node replacement map resolves the conflated ScentConcept pivot; no equivalent edge is imported.
scent_concept:柠檬,note:柠檬,HAS_SCENT_EXPRESSION,ScentConcept,NoteIngredient,retire_legacy_pivot_edge,,,,Node replacement map resolves the conflated ScentConcept pivot; no equivalent edge is imported.
scent_concept:柠檬桉,note:柠檬桉,HAS_SCENT_EXPRESSION,ScentConcept,NoteIngredient,retire_legacy_pivot_edge,,,,Node replacement map resolves the conflated ScentConcept pivot; no equivalent edge is imported.
scent_concept:柠檬草,note:柠檬草,HAS_SCENT_EXPRESSION,ScentConcept,NoteIngredient,retire_legacy_pivot_edge,,,,Node replacement map resolves the conflated ScentConcept pivot; no equivalent edge is imported.
scent_concept:橙花,collection:橙花,HAS_SCENT_EXPRESSION,ScentConcept,CollectionOrScent,retire_legacy_pivot_edge,,,,Node replacement map resolves the conflated ScentConcept pivot; no equivalent edge is imported.
scent_concept:橙花,note:橙花,HAS_SCENT_EXPRESSION,ScentConcept,NoteIngredient,retire_legacy_pivot_edge,,,,Node replacement map resolves the conflated ScentConcept pivot; no equivalent edge is imported.
scent_concept:橙花,note:橙花油,HAS_SCENT_EXPRESSION,ScentConcept,NoteIngredient,retire_legacy_pivot_edge,,,,Node replacement map resolves the conflated ScentConcept pivot; no equivalent edge is imported.
scent_concept:橙花,note:苦橙花,HAS_SCENT_EXPRESSION,ScentConcept,NoteIngredient,retire_legacy_pivot_edge,,,,Node replacement map resolves the conflated ScentConcept pivot; no equivalent edge is imported.
scent_concept:檀香,note:檀香,HAS_SCENT_EXPRESSION,ScentConcept,NoteIngredient,retire_legacy_pivot_edge,,,,Node replacement map resolves the conflated ScentConcept pivot; no equivalent edge is imported.
scent_concept:水仙,note:水仙,HAS_SCENT_EXPRESSION,ScentConcept,NoteIngredient,retire_legacy_pivot_edge,,,,Node replacement map resolves the conflated ScentConcept pivot; no equivalent edge is imported.
scent_concept:永生花,note:永生花,HAS_SCENT_EXPRESSION,ScentConcept,NoteIngredient,retire_legacy_pivot_edge,,,,Node replacement map resolves the conflated ScentConcept pivot; no equivalent edge is imported.
scent_concept:没药,note:没药,HAS_SCENT_EXPRESSION,ScentConcept,NoteIngredient,retire_legacy_pivot_edge,,,,Node replacement map resolves the conflated ScentConcept pivot; no equivalent edge is imported.
scent_concept:洋甘菊,note:洋甘菊,HAS_SCENT_EXPRESSION,ScentConcept,NoteIngredient,retire_legacy_pivot_edge,,,,Node replacement map resolves the conflated ScentConcept pivot; no equivalent edge is imported.
scent_concept:洋蓟,note:洋蓟,HAS_SCENT_EXPRESSION,ScentConcept,NoteIngredient,retire_legacy_pivot_edge,,,,Node replacement map resolves the conflated ScentConcept pivot; no equivalent edge is imported.
scent_concept:海洋矿物,scent_accord:海洋矿物香调,HAS_SCENT_EXPRESSION,ScentConcept,ScentAccord,retire_legacy_pivot_edge,,,,Node replacement map resolves the conflated ScentConcept pivot; no equivalent edge is imported.
scent_concept:焚香,note:焚香,HAS_SCENT_EXPRESSION,ScentConcept,NoteIngredient,retire_legacy_pivot_edge,,,,Node replacement map resolves the conflated ScentConcept pivot; no equivalent edge is imported.
scent_concept:焦土,note:焦土香精,HAS_SCENT_EXPRESSION,ScentConcept,NoteIngredient,retire_legacy_pivot_edge,,,,Node replacement map resolves the conflated ScentConcept pivot; no equivalent edge is imported.
scent_concept:玉兰,note:玉兰,HAS_SCENT_EXPRESSION,ScentConcept,NoteIngredient,retire_legacy_pivot_edge,,,,Node replacement map resolves the conflated ScentConcept pivot; no equivalent edge is imported.
scent_concept:玫瑰,collection:玫瑰,HAS_SCENT_EXPRESSION,ScentConcept,CollectionOrScent,retire_legacy_pivot_edge,,,,Node replacement map resolves the conflated ScentConcept pivot; no equivalent edge is imported.
scent_concept:玫瑰,collection:玫瑰香调,HAS_SCENT_EXPRESSION,ScentConcept,CollectionOrScent,retire_legacy_pivot_edge,,,,Node replacement map resolves the conflated ScentConcept pivot; no equivalent edge is imported.
scent_concept:玫瑰,note:千叶玫瑰,HAS_SCENT_EXPRESSION,ScentConcept,NoteIngredient,retire_legacy_pivot_edge,,,,Node replacement map resolves the conflated ScentConcept pivot; no equivalent edge is imported.
scent_concept:玫瑰,note:土耳其玫瑰,HAS_SCENT_EXPRESSION,ScentConcept,NoteIngredient,retire_legacy_pivot_edge,,,,Node replacement map resolves the conflated ScentConcept pivot; no equivalent edge is imported.
scent_concept:玫瑰,note:大马士革及千叶玫瑰,HAS_SCENT_EXPRESSION,ScentConcept,NoteIngredient,retire_legacy_pivot_edge,,,,Node replacement map resolves the conflated ScentConcept pivot; no equivalent edge is imported.
scent_concept:玫瑰,note:大马士革玫瑰,HAS_SCENT_EXPRESSION,ScentConcept,NoteIngredient,retire_legacy_pivot_edge,,,,Node replacement map resolves the conflated ScentConcept pivot; no equivalent edge is imported.
scent_concept:玫瑰,note:波旁玫瑰,HAS_SCENT_EXPRESSION,ScentConcept,NoteIngredient,retire_legacy_pivot_edge,,,,Node replacement map resolves the conflated ScentConcept pivot; no equivalent edge is imported.
scent_concept:玫瑰,note:玫瑰,HAS_SCENT_EXPRESSION,ScentConcept,NoteIngredient,retire_legacy_pivot_edge,,,,Node replacement map resolves the conflated ScentConcept pivot; no equivalent edge is imported.
scent_concept:玫瑰,note:玫瑰醚,HAS_SCENT_EXPRESSION,ScentConcept,NoteIngredient,retire_legacy_pivot_edge,,,,Node replacement map resolves the conflated ScentConcept pivot; no equivalent edge is imported.
scent_concept:玫瑰天竺葵,collection:玫瑰天竺葵,HAS_SCENT_EXPRESSION,ScentConcept,CollectionOrScent,retire_legacy_pivot_edge,,,,Node replacement map resolves the conflated ScentConcept pivot; no equivalent edge is imported.
scent_concept:玫瑰浆果,note:玫瑰浆果,HAS_SCENT_EXPRESSION,ScentConcept,NoteIngredient,retire_legacy_pivot_edge,,,,Node replacement map resolves the conflated ScentConcept pivot; no equivalent edge is imported.
scent_concept:琥珀,collection:琥珀,HAS_SCENT_EXPRESSION,ScentConcept,CollectionOrScent,retire_legacy_pivot_edge,,,,Node replacement map resolves the conflated ScentConcept pivot; no equivalent edge is imported.
scent_concept:琥珀,note:琥珀,HAS_SCENT_EXPRESSION,ScentConcept,NoteIngredient,retire_legacy_pivot_edge,,,,Node replacement map resolves the conflated ScentConcept pivot; no equivalent edge is imported.
scent_concept:琥珀木质香,note:琥珀木质香,HAS_SCENT_EXPRESSION,ScentConcept,NoteIngredient,retire_legacy_pivot_edge,,,,Node replacement map resolves the conflated ScentConcept pivot; no equivalent edge is imported.
scent_concept:生姜,collection:生姜,HAS_SCENT_EXPRESSION,ScentConcept,CollectionOrScent,retire_legacy_pivot_edge,,,,Node replacement map resolves the conflated ScentConcept pivot; no equivalent edge is imported.
scent_concept:生姜,note:姜,HAS_SCENT_EXPRESSION,ScentConcept,NoteIngredient,retire_legacy_pivot_edge,,,,Node replacement map resolves the conflated ScentConcept pivot; no equivalent edge is imported.
scent_concept:生姜,note:生姜,HAS_SCENT_EXPRESSION,ScentConcept,NoteIngredient,retire_legacy_pivot_edge,,,,Node replacement map resolves the conflated ScentConcept pivot; no equivalent edge is imported.
scent_concept:白小苍兰,note:白小苍兰,HAS_SCENT_EXPRESSION,ScentConcept,NoteIngredient,retire_legacy_pivot_edge,,,,Node replacement map resolves the conflated ScentConcept pivot; no equivalent edge is imported.
scent_concept:白松香,note:白松香,HAS_SCENT_EXPRESSION,ScentConcept,NoteIngredient,retire_legacy_pivot_edge,,,,Node replacement map resolves the conflated ScentConcept pivot; no equivalent edge is imported.
scent_concept:白茶,note:白茶香精,HAS_SCENT_EXPRESSION,ScentConcept,NoteIngredient,retire_legacy_pivot_edge,,,,Node replacement map resolves the conflated ScentConcept pivot; no equivalent edge is imported.
scent_concept:白陶土,note:白陶土香精,HAS_SCENT_EXPRESSION,ScentConcept,NoteIngredient,retire_legacy_pivot_edge,,,,Node replacement map resolves the conflated ScentConcept pivot; no equivalent edge is imported.
scent_concept:百里香,note:百里香,HAS_SCENT_EXPRESSION,ScentConcept,NoteIngredient,retire_legacy_pivot_edge,,,,Node replacement map resolves the conflated ScentConcept pivot; no equivalent edge is imported.
scent_concept:皮革,note:皮革,HAS_SCENT_EXPRESSION,ScentConcept,NoteIngredient,retire_legacy_pivot_edge,,,,Node replacement map resolves the conflated ScentConcept pivot; no equivalent edge is imported.
scent_concept:秘鲁香脂,note:秘鲁香脂,HAS_SCENT_EXPRESSION,ScentConcept,NoteIngredient,retire_legacy_pivot_edge,,,,Node replacement map resolves the conflated ScentConcept pivot; no equivalent edge is imported.
scent_concept:粉红胡椒,note:粉红胡椒,HAS_SCENT_EXPRESSION,ScentConcept,NoteIngredient,retire_legacy_pivot_edge,,,,Node replacement map resolves the conflated ScentConcept pivot; no equivalent edge is imported.
scent_concept:紫檀木,note:紫檀木,HAS_SCENT_EXPRESSION,ScentConcept,NoteIngredient,retire_legacy_pivot_edge,,,,Node replacement map resolves the conflated ScentConcept pivot; no equivalent edge is imported.
scent_concept:紫罗兰叶,note:紫罗兰叶,HAS_SCENT_EXPRESSION,ScentConcept,NoteIngredient,retire_legacy_pivot_edge,,,,Node replacement map resolves the conflated ScentConcept pivot; no equivalent edge is imported.
scent_concept:紫藤,note:紫藤,HAS_SCENT_EXPRESSION,ScentConcept,NoteIngredient,retire_legacy_pivot_edge,,,,Node replacement map resolves the conflated ScentConcept pivot; no equivalent edge is imported.
scent_concept:红柑,note:红柑,HAS_SCENT_EXPRESSION,ScentConcept,NoteIngredient,retire_legacy_pivot_edge,,,,Node replacement map resolves the conflated ScentConcept pivot; no equivalent edge is imported.
scent_concept:红没药,note:红没药,HAS_SCENT_EXPRESSION,ScentConcept,NoteIngredient,retire_legacy_pivot_edge,,,,Node replacement map resolves the conflated ScentConcept pivot; no equivalent edge is imported.
scent_concept:肉桂,note:肉桂,HAS_SCENT_EXPRESSION,ScentConcept,NoteIngredient,retire_legacy_pivot_edge,,,,Node replacement map resolves the conflated ScentConcept pivot; no equivalent edge is imported.
scent_concept:肉豆蔻,note:肉豆蔻,HAS_SCENT_EXPRESSION,ScentConcept,NoteIngredient,retire_legacy_pivot_edge,,,,Node replacement map resolves the conflated ScentConcept pivot; no equivalent edge is imported.
scent_concept:苔藓,note:苔藓香精,HAS_SCENT_EXPRESSION,ScentConcept,NoteIngredient,retire_legacy_pivot_edge,,,,Node replacement map resolves the conflated ScentConcept pivot; no equivalent edge is imported.
scent_concept:苦橙,note:苦橙,HAS_SCENT_EXPRESSION,ScentConcept,NoteIngredient,retire_legacy_pivot_edge,,,,Node replacement map resolves the conflated ScentConcept pivot; no equivalent edge is imported.
scent_concept:苦橙叶,note:苦橙叶,HAS_SCENT_EXPRESSION,ScentConcept,NoteIngredient,retire_legacy_pivot_edge,,,,Node replacement map resolves the conflated ScentConcept pivot; no equivalent edge is imported.
scent_concept:茉莉,note:茉莉,HAS_SCENT_EXPRESSION,ScentConcept,NoteIngredient,retire_legacy_pivot_edge,,,,Node replacement map resolves the conflated ScentConcept pivot; no equivalent edge is imported.
scent_concept:茉莉,note:茉莉香精,HAS_SCENT_EXPRESSION,ScentConcept,NoteIngredient,retire_legacy_pivot_edge,,,,Node replacement map resolves the conflated ScentConcept pivot; no equivalent edge is imported.
scent_concept:荔枝,note:荔枝,HAS_SCENT_EXPRESSION,ScentConcept,NoteIngredient,retire_legacy_pivot_edge,,,,Node replacement map resolves the conflated ScentConcept pivot; no equivalent edge is imported.
scent_concept:荔枝,scent_accord:荔枝香调,HAS_SCENT_EXPRESSION,ScentConcept,ScentAccord,retire_legacy_pivot_edge,,,,Node replacement map resolves the conflated ScentConcept pivot; no equivalent edge is imported.
scent_concept:莎草,note:莎草油,HAS_SCENT_EXPRESSION,ScentConcept,NoteIngredient,retire_legacy_pivot_edge,,,,Node replacement map resolves the conflated ScentConcept pivot; no equivalent edge is imported.
scent_concept:菖蒲,note:菖蒲,HAS_SCENT_EXPRESSION,ScentConcept,NoteIngredient,retire_legacy_pivot_edge,,,,Node replacement map resolves the conflated ScentConcept pivot; no equivalent edge is imported.
scent_concept:葡萄柚,note:葡萄柚,HAS_SCENT_EXPRESSION,ScentConcept,NoteIngredient,retire_legacy_pivot_edge,,,,Node replacement map resolves the conflated ScentConcept pivot; no equivalent edge is imported.
scent_concept:蒸稻米,scent_accord:蒸稻米香调,HAS_SCENT_EXPRESSION,ScentConcept,ScentAccord,retire_legacy_pivot_edge,,,,Node replacement map resolves the conflated ScentConcept pivot; no equivalent edge is imported.
scent_concept:薄荷,note:薄荷,HAS_SCENT_EXPRESSION,ScentConcept,NoteIngredient,retire_legacy_pivot_edge,,,,Node replacement map resolves the conflated ScentConcept pivot; no equivalent edge is imported.
scent_concept:蜂蜜,note:蜂蜜,HAS_SCENT_EXPRESSION,ScentConcept,NoteIngredient,retire_legacy_pivot_edge,,,,Node replacement map resolves the conflated ScentConcept pivot; no equivalent edge is imported.
scent_concept:蜂蜡,note:蜂蜡,HAS_SCENT_EXPRESSION,ScentConcept,NoteIngredient,retire_legacy_pivot_edge,,,,Node replacement map resolves the conflated ScentConcept pivot; no equivalent edge is imported.
scent_concept:覆盆子,note:覆盆子,HAS_SCENT_EXPRESSION,ScentConcept,NoteIngredient,retire_legacy_pivot_edge,,,,Node replacement map resolves the conflated ScentConcept pivot; no equivalent edge is imported.
scent_concept:迷迭香,note:迷迭香,HAS_SCENT_EXPRESSION,ScentConcept,NoteIngredient,retire_legacy_pivot_edge,,,,Node replacement map resolves the conflated ScentConcept pivot; no equivalent edge is imported.
scent_concept:金银花,note:金银花,HAS_SCENT_EXPRESSION,ScentConcept,NoteIngredient,retire_legacy_pivot_edge,,,,Node replacement map resolves the conflated ScentConcept pivot; no equivalent edge is imported.
scent_concept:金黄木质,scent_accord:金黄木质香调,HAS_SCENT_EXPRESSION,ScentConcept,ScentAccord,retire_legacy_pivot_edge,,,,Node replacement map resolves the conflated ScentConcept pivot; no equivalent edge is imported.
scent_concept:阿拉比卡咖啡,note:阿拉比卡咖啡,HAS_SCENT_EXPRESSION,ScentConcept,NoteIngredient,retire_legacy_pivot_edge,,,,Node replacement map resolves the conflated ScentConcept pivot; no equivalent edge is imported.
scent_concept:雪松,note:红雪松香精,HAS_SCENT_EXPRESSION,ScentConcept,NoteIngredient,retire_legacy_pivot_edge,,,,Node replacement map resolves the conflated ScentConcept pivot; no equivalent edge is imported.
scent_concept:雪松,note:阿特拉斯雪松,HAS_SCENT_EXPRESSION,ScentConcept,NoteIngredient,retire_legacy_pivot_edge,,,,Node replacement map resolves the conflated ScentConcept pivot; no equivalent edge is imported.
scent_concept:雪松,note:雪松,HAS_SCENT_EXPRESSION,ScentConcept,NoteIngredient,retire_legacy_pivot_edge,,,,Node replacement map resolves the conflated ScentConcept pivot; no equivalent edge is imported.
scent_concept:雪松,note:雪松香精,HAS_SCENT_EXPRESSION,ScentConcept,NoteIngredient,retire_legacy_pivot_edge,,,,Node replacement map resolves the conflated ScentConcept pivot; no equivalent edge is imported.
scent_concept:零陵香豆,note:零陵香豆,HAS_SCENT_EXPRESSION,ScentConcept,NoteIngredient,retire_legacy_pivot_edge,,,,Node replacement map resolves the conflated ScentConcept pivot; no equivalent edge is imported.
scent_concept:青柑,note:青柑,HAS_SCENT_EXPRESSION,ScentConcept,NoteIngredient,retire_legacy_pivot_edge,,,,Node replacement map resolves the conflated ScentConcept pivot; no equivalent edge is imported.
scent_concept:青橘,note:青橘,HAS_SCENT_EXPRESSION,ScentConcept,NoteIngredient,retire_legacy_pivot_edge,,,,Node replacement map resolves the conflated ScentConcept pivot; no equivalent edge is imported.
scent_concept:香根草,note:海地香根草,HAS_SCENT_EXPRESSION,ScentConcept,NoteIngredient,retire_legacy_pivot_edge,,,,Node replacement map resolves the conflated ScentConcept pivot; no equivalent edge is imported.
scent_concept:香根草,note:爪哇香根草,HAS_SCENT_EXPRESSION,ScentConcept,NoteIngredient,retire_legacy_pivot_edge,,,,Node replacement map resolves the conflated ScentConcept pivot; no equivalent edge is imported.
scent_concept:香根草,note:香根草,HAS_SCENT_EXPRESSION,ScentConcept,NoteIngredient,retire_legacy_pivot_edge,,,,Node replacement map resolves the conflated ScentConcept pivot; no equivalent edge is imported.
scent_concept:香桃木,note:香桃木,HAS_SCENT_EXPRESSION,ScentConcept,NoteIngredient,retire_legacy_pivot_edge,,,,Node replacement map resolves the conflated ScentConcept pivot; no equivalent edge is imported.
scent_concept:香芹籽,note:香芹籽,HAS_SCENT_EXPRESSION,ScentConcept,NoteIngredient,retire_legacy_pivot_edge,,,,Node replacement map resolves the conflated ScentConcept pivot; no equivalent edge is imported.
scent_concept:香草,note:香草,HAS_SCENT_EXPRESSION,ScentConcept,NoteIngredient,retire_legacy_pivot_edge,,,,Node replacement map resolves the conflated ScentConcept pivot; no equivalent edge is imported.
scent_concept:香草,note:香草香精,HAS_SCENT_EXPRESSION,ScentConcept,NoteIngredient,retire_legacy_pivot_edge,,,,Node replacement map resolves the conflated ScentConcept pivot; no equivalent edge is imported.
scent_concept:香菜,note:香菜,HAS_SCENT_EXPRESSION,ScentConcept,NoteIngredient,retire_legacy_pivot_edge,,,,Node replacement map resolves the conflated ScentConcept pivot; no equivalent edge is imported.
scent_concept:香豆,note:香豆,HAS_SCENT_EXPRESSION,ScentConcept,NoteIngredient,retire_legacy_pivot_edge,,,,Node replacement map resolves the conflated ScentConcept pivot; no equivalent edge is imported.
scent_concept:马黛茶,note:马黛茶,HAS_SCENT_EXPRESSION,ScentConcept,NoteIngredient,retire_legacy_pivot_edge,,,,Node replacement map resolves the conflated ScentConcept pivot; no equivalent edge is imported.
scent_concept:马黛茶,note:马黛茶香精,HAS_SCENT_EXPRESSION,ScentConcept,NoteIngredient,retire_legacy_pivot_edge,,,,Node replacement map resolves the conflated ScentConcept pivot; no equivalent edge is imported.
scent_concept:鸢尾,note:鸢尾,HAS_SCENT_EXPRESSION,ScentConcept,NoteIngredient,retire_legacy_pivot_edge,,,,Node replacement map resolves the conflated ScentConcept pivot; no equivalent edge is imported.
scent_concept:鸢尾,scent_accord:鸢尾花香调,HAS_SCENT_EXPRESSION,ScentConcept,ScentAccord,retire_legacy_pivot_edge,,,,Node replacement map resolves the conflated ScentConcept pivot; no equivalent edge is imported.
scent_concept:麝香,note:白麝香,HAS_SCENT_EXPRESSION,ScentConcept,NoteIngredient,retire_legacy_pivot_edge,,,,Node replacement map resolves the conflated ScentConcept pivot; no equivalent edge is imported.
scent_concept:麝香,note:麝香,HAS_SCENT_EXPRESSION,ScentConcept,NoteIngredient,retire_legacy_pivot_edge,,,,Node replacement map resolves the conflated ScentConcept pivot; no equivalent edge is imported.
scent_concept:麦麸,note:麦麸香精,HAS_SCENT_EXPRESSION,ScentConcept,NoteIngredient,retire_legacy_pivot_edge,,,,Node replacement map resolves the conflated ScentConcept pivot; no equivalent edge is imported.
scent_concept:黄葵,note:黄葵,HAS_SCENT_EXPRESSION,ScentConcept,NoteIngredient,retire_legacy_pivot_edge,,,,Node replacement map resolves the conflated ScentConcept pivot; no equivalent edge is imported.
scent_concept:黄葵籽,note:黄葵籽,HAS_SCENT_EXPRESSION,ScentConcept,NoteIngredient,retire_legacy_pivot_edge,,,,Node replacement map resolves the conflated ScentConcept pivot; no equivalent edge is imported.
scent_concept:黑胡椒,note:黑胡椒,HAS_SCENT_EXPRESSION,ScentConcept,NoteIngredient,retire_legacy_pivot_edge,,,,Node replacement map resolves the conflated ScentConcept pivot; no equivalent edge is imported.
scent_concept:黑醋栗叶,note:黑醋栗叶,HAS_SCENT_EXPRESSION,ScentConcept,NoteIngredient,retire_legacy_pivot_edge,,,,Node replacement map resolves the conflated ScentConcept pivot; no equivalent edge is imported.
scent_concept:黑醋栗花蕾,note:黑醋栗花蕾,HAS_SCENT_EXPRESSION,ScentConcept,NoteIngredient,retire_legacy_pivot_edge,,,,Node replacement map resolves the conflated ScentConcept pivot; no equivalent edge is imported.
scent_concept:鼠尾草,note:鼠尾草,HAS_SCENT_EXPRESSION,ScentConcept,NoteIngredient,retire_legacy_pivot_edge,,,,Node replacement map resolves the conflated ScentConcept pivot; no equivalent edge is imported.
scent_concept:龙涎香,note:龙涎香,HAS_SCENT_EXPRESSION,ScentConcept,NoteIngredient,retire_legacy_pivot_edge,,,,Node replacement map resolves the conflated ScentConcept pivot; no equivalent edge is imported.
note_family:木质,scent_profile:木质香调,HAS_SCENT_PROFILE,NoteFamily,ScentProfile,retire_legacy_family_pivot,,,,Legacy NoteFamily pivot is not part of the Schema v1 scent identity core.
note_family:果香,scent_profile:果香调,HAS_SCENT_PROFILE,NoteFamily,ScentProfile,retire_legacy_family_pivot,,,,Legacy NoteFamily pivot is not part of the Schema v1 scent identity core.
note_family:柑橘,scent_profile:柑橘,HAS_SCENT_PROFILE,NoteFamily,ScentProfile,retire_legacy_family_pivot,,,,Legacy NoteFamily pivot is not part of the Schema v1 scent identity core.
note_family:海洋矿物,scent_profile:海洋香调,HAS_SCENT_PROFILE,NoteFamily,ScentProfile,retire_legacy_family_pivot,,,,Legacy NoteFamily pivot is not part of the Schema v1 scent identity core.
note_family:花香,scent_profile:花香调,HAS_SCENT_PROFILE,NoteFamily,ScentProfile,retire_legacy_family_pivot,,,,Legacy NoteFamily pivot is not part of the Schema v1 scent identity core.
note_family:草本绿香,scent_profile:草本香调,HAS_SCENT_PROFILE,NoteFamily,ScentProfile,retire_legacy_family_pivot,,,,Legacy NoteFamily pivot is not part of the Schema v1 scent identity core.
note_family:辛香,scent_profile:辛香调,HAS_SCENT_PROFILE,NoteFamily,ScentProfile,retire_legacy_family_pivot,,,,Legacy NoteFamily pivot is not part of the Schema v1 scent identity core.
